<?xml version="1.0" encoding="UTF-8"?>
<unload unload_date="2018-03-05 11:39:48">
<sys_remote_update_set action="INSERT_OR_UPDATE">
<application display_value="Global">global</application>
<application_name>Global</application_name>
<application_scope>global</application_scope>
<application_version/>
<collisions/>
<commit_date/>
<deleted/>
<description/>
<inserted/>
<name>A&amp;W Problem Management - SH - V2</name>
<origin_sys_id/>
<release_date/>
<remote_sys_id>60286980dba787802dfc78a6ae96195d</remote_sys_id>
<state>loaded</state>
<summary/>
<sys_class_name>sys_remote_update_set</sys_class_name>
<sys_created_by>shweta.hegde@capgemini.com</sys_created_by>
<sys_created_on>2018-03-05 11:39:47</sys_created_on>
<sys_id>2b850fdfdb64dfc0a8a37dfdae96193b</sys_id>
<sys_mod_count>0</sys_mod_count>
<sys_updated_by>shweta.hegde@capgemini.com</sys_updated_by>
<sys_updated_on>2018-03-05 11:39:47</sys_updated_on>
<update_set display_value=""/>
<update_source display_value=""/>
<updated/>
</sys_remote_update_set>
<sys_update_xml action="INSERT_OR_UPDATE">
<action>INSERT_OR_UPDATE</action>
<application display_value="Global">global</application>
<category>customer</category>
<comments/>
<name>sys_script_client_8f22bd88dba787802dfc78a6ae961922</name>
<payload>&lt;?xml version="1.0" encoding="UTF-8"?&gt;&lt;record_update sys_domain="409c30addb8e8f0066e6f2f5ab9619e3" table="sys_script_client"&gt;&lt;sys_script_client action="INSERT_OR_UPDATE"&gt;&lt;active&gt;true&lt;/active&gt;&lt;applies_extended&gt;false&lt;/applies_extended&gt;&lt;condition/&gt;&lt;description/&gt;&lt;field&gt;active&lt;/field&gt;&lt;global&gt;true&lt;/global&gt;&lt;messages/&gt;&lt;name&gt;Remove Root Cause Section A&amp;amp;W&lt;/name&gt;&lt;order/&gt;&lt;script&gt;&lt;![CDATA[function onLoad() {
   //Type appropriate comment here, and begin script below
		var sections = g_form.getSections(); 

       sections[1].style.display = 'none';
	
   
}]]&gt;&lt;/script&gt;&lt;sys_class_name&gt;sys_script_client&lt;/sys_class_name&gt;&lt;sys_created_by&gt;shweta.hegde@capgemini.com&lt;/sys_created_by&gt;&lt;sys_created_on&gt;2018-01-04 10:13:56&lt;/sys_created_on&gt;&lt;sys_customer_update&gt;true&lt;/sys_customer_update&gt;&lt;sys_domain&gt;409c30addb8e8f0066e6f2f5ab9619e3&lt;/sys_domain&gt;&lt;sys_domain_path/&gt;&lt;sys_id&gt;8f22bd88dba787802dfc78a6ae961922&lt;/sys_id&gt;&lt;sys_mod_count&gt;0&lt;/sys_mod_count&gt;&lt;sys_name&gt;Remove Root Cause Section A&amp;amp;W&lt;/sys_name&gt;&lt;sys_overrides display_value=""&gt;global&lt;/sys_overrides&gt;&lt;sys_package display_value="Global" source="global"&gt;global&lt;/sys_package&gt;&lt;sys_policy/&gt;&lt;sys_replace_on_upgrade&gt;false&lt;/sys_replace_on_upgrade&gt;&lt;sys_scope display_value="Global"&gt;global&lt;/sys_scope&gt;&lt;sys_update_name&gt;sys_script_client_8f22bd88dba787802dfc78a6ae961922&lt;/sys_update_name&gt;&lt;sys_updated_by&gt;shweta.hegde@capgemini.com&lt;/sys_updated_by&gt;&lt;sys_updated_on&gt;2018-01-04 10:13:56&lt;/sys_updated_on&gt;&lt;table&gt;problem&lt;/table&gt;&lt;type&gt;onLoad&lt;/type&gt;&lt;u_relate/&gt;&lt;u_relate_table/&gt;&lt;ui_type&gt;0&lt;/ui_type&gt;&lt;view/&gt;&lt;/sys_script_client&gt;&lt;/record_update&gt;</payload>
<remote_update_set display_value="A&amp;W Problem Management - SH - V2">2b850fdfdb64dfc0a8a37dfdae96193b</remote_update_set>
<replace_on_upgrade>false</replace_on_upgrade>
<sys_created_by>shweta.hegde@capgemini.com</sys_created_by>
<sys_created_on>2018-03-05 11:39:47</sys_created_on>
<sys_id>2f850fdfdb64dfc0a8a37dfdae96193b</sys_id>
<sys_mod_count>0</sys_mod_count>
<sys_updated_by>shweta.hegde@capgemini.com</sys_updated_by>
<sys_updated_on>2018-03-05 11:39:47</sys_updated_on>
<table>problem</table>
<target_name>Remove Root Cause Section A&amp;W</target_name>
<type>Client Script</type>
<update_domain>409c30addb8e8f0066e6f2f5ab9619e3</update_domain>
<update_set display_value=""/>
<view/>
</sys_update_xml>
<sys_update_xml action="INSERT_OR_UPDATE">
<action>INSERT_OR_UPDATE</action>
<application display_value="Global">global</application>
<category>customer</category>
<comments/>
<name>sys_ui_section_89a63bc9db9bcb402dfc78a6ae96199e</name>
<payload><![CDATA[<?xml version="1.0" encoding="UTF-8"?><record_update><sys_ui_section caption="" section_id="89a63bc9db9bcb402dfc78a6ae96199e" sys_domain="409c30addb8e8f0066e6f2f5ab9619e3" table="problem" version="3" view=""><sys_ui_element action="INSERT_OR_UPDATE"><element>process_flow.xml</element><position>0</position><sys_created_by>shweta.hegde@capgemini.com</sys_created_by><sys_created_on>2018-01-04 10:08:21</sys_created_on><sys_id>9f317d48dba787802dfc78a6ae9619f7</sys_id><sys_mod_count>0</sys_mod_count><sys_ui_formatter display_value="Process Flow">59f28f09db47e600b0f2fb5aaf96199f</sys_ui_formatter><sys_ui_section caption="NULL" display_value="" name="problem" sys_domain="409c30addb8e8f0066e6f2f5ab9619e3" view="Default view">89a63bc9db9bcb402dfc78a6ae96199e</sys_ui_section><sys_updated_by>shweta.hegde@capgemini.com</sys_updated_by><sys_updated_on>2018-01-04 10:08:21</sys_updated_on><sys_user/><type>formatter</type></sys_ui_element><sys_ui_element action="INSERT_OR_UPDATE"><element>.begin_split</element><position>1</position><sys_created_by>shweta.hegde@capgemini.com</sys_created_by><sys_created_on>2018-01-04 10:08:21</sys_created_on><sys_id>53317d48dba787802dfc78a6ae9619f8</sys_id><sys_mod_count>0</sys_mod_count><sys_ui_formatter/><sys_ui_section caption="NULL" display_value="" name="problem" sys_domain="409c30addb8e8f0066e6f2f5ab9619e3" view="Default view">89a63bc9db9bcb402dfc78a6ae96199e</sys_ui_section><sys_updated_by>shweta.hegde@capgemini.com</sys_updated_by><sys_updated_on>2018-01-04 10:08:21</sys_updated_on><sys_user/><type>.begin_split</type></sys_ui_element><sys_ui_element action="INSERT_OR_UPDATE"><element>number</element><position>2</position><sys_created_by>shweta.hegde@capgemini.com</sys_created_by><sys_created_on>2018-01-04 10:08:21</sys_created_on><sys_id>d3317d48dba787802dfc78a6ae9619f8</sys_id><sys_mod_count>0</sys_mod_count><sys_ui_formatter/><sys_ui_section caption="NULL" display_value="" name="problem" sys_domain="409c30addb8e8f0066e6f2f5ab9619e3" view="Default view">89a63bc9db9bcb402dfc78a6ae96199e</sys_ui_section><sys_updated_by>shweta.hegde@capgemini.com</sys_updated_by><sys_updated_on>2018-01-04 10:08:21</sys_updated_on><sys_user/><type/></sys_ui_element><sys_ui_element action="INSERT_OR_UPDATE"><element>u_restaurant_aw</element><position>3</position><sys_created_by>shweta.hegde@capgemini.com</sys_created_by><sys_created_on>2018-01-04 10:08:21</sys_created_on><sys_id>57317d48dba787802dfc78a6ae9619f8</sys_id><sys_mod_count>0</sys_mod_count><sys_ui_formatter/><sys_ui_section caption="NULL" display_value="" name="problem" sys_domain="409c30addb8e8f0066e6f2f5ab9619e3" view="Default view">89a63bc9db9bcb402dfc78a6ae96199e</sys_ui_section><sys_updated_by>shweta.hegde@capgemini.com</sys_updated_by><sys_updated_on>2018-01-04 10:08:21</sys_updated_on><sys_user/><type/></sys_ui_element><sys_ui_element action="INSERT_OR_UPDATE"><element>priority</element><position>4</position><sys_created_by>shweta.hegde@capgemini.com</sys_created_by><sys_created_on>2018-01-04 10:08:21</sys_created_on><sys_id>d7317d48dba787802dfc78a6ae9619f8</sys_id><sys_mod_count>0</sys_mod_count><sys_ui_formatter/><sys_ui_section caption="NULL" display_value="" name="problem" sys_domain="409c30addb8e8f0066e6f2f5ab9619e3" view="Default view">89a63bc9db9bcb402dfc78a6ae96199e</sys_ui_section><sys_updated_by>shweta.hegde@capgemini.com</sys_updated_by><sys_updated_on>2018-01-04 10:08:21</sys_updated_on><sys_user/><type/></sys_ui_element><sys_ui_element action="INSERT_OR_UPDATE"><element>u_a_w_known_error</element><position>5</position><sys_created_by>shweta.hegde@capgemini.com</sys_created_by><sys_created_on>2018-01-04 10:08:21</sys_created_on><sys_id>5b317d48dba787802dfc78a6ae9619f8</sys_id><sys_mod_count>0</sys_mod_count><sys_ui_formatter/><sys_ui_section caption="NULL" display_value="" name="problem" sys_domain="409c30addb8e8f0066e6f2f5ab9619e3" view="Default view">89a63bc9db9bcb402dfc78a6ae96199e</sys_ui_section><sys_updated_by>shweta.hegde@capgemini.com</sys_updated_by><sys_updated_on>2018-01-04 10:08:21</sys_updated_on><sys_user/><type/></sys_ui_element><sys_ui_element action="INSERT_OR_UPDATE"><element>knowledge</element><position>6</position><sys_created_by>shweta.hegde@capgemini.com</sys_created_by><sys_created_on>2018-01-04 10:08:21</sys_created_on><sys_id>db317d48dba787802dfc78a6ae9619f8</sys_id><sys_mod_count>0</sys_mod_count><sys_ui_formatter/><sys_ui_section caption="NULL" display_value="" name="problem" sys_domain="409c30addb8e8f0066e6f2f5ab9619e3" view="Default view">89a63bc9db9bcb402dfc78a6ae96199e</sys_ui_section><sys_updated_by>shweta.hegde@capgemini.com</sys_updated_by><sys_updated_on>2018-01-04 10:08:21</sys_updated_on><sys_user/><type/></sys_ui_element><sys_ui_element action="INSERT_OR_UPDATE"><element>.split</element><position>7</position><sys_created_by>shweta.hegde@capgemini.com</sys_created_by><sys_created_on>2018-01-04 10:08:21</sys_created_on><sys_id>5f317d48dba787802dfc78a6ae9619f8</sys_id><sys_mod_count>0</sys_mod_count><sys_ui_formatter/><sys_ui_section caption="NULL" display_value="" name="problem" sys_domain="409c30addb8e8f0066e6f2f5ab9619e3" view="Default view">89a63bc9db9bcb402dfc78a6ae96199e</sys_ui_section><sys_updated_by>shweta.hegde@capgemini.com</sys_updated_by><sys_updated_on>2018-01-04 10:08:21</sys_updated_on><sys_user/><type>.split</type></sys_ui_element><sys_ui_element action="INSERT_OR_UPDATE"><element>opened_by</element><position>8</position><sys_created_by>shweta.hegde@capgemini.com</sys_created_by><sys_created_on>2018-01-04 10:08:21</sys_created_on><sys_id>df317d48dba787802dfc78a6ae9619f8</sys_id><sys_mod_count>0</sys_mod_count><sys_ui_formatter/><sys_ui_section caption="NULL" display_value="" name="problem" sys_domain="409c30addb8e8f0066e6f2f5ab9619e3" view="Default view">89a63bc9db9bcb402dfc78a6ae96199e</sys_ui_section><sys_updated_by>shweta.hegde@capgemini.com</sys_updated_by><sys_updated_on>2018-01-04 10:08:21</sys_updated_on><sys_user/><type/></sys_ui_element><sys_ui_element action="INSERT_OR_UPDATE"><element>problem_state</element><position>9</position><sys_created_by>shweta.hegde@capgemini.com</sys_created_by><sys_created_on>2018-01-04 10:08:21</sys_created_on><sys_id>53317d48dba787802dfc78a6ae9619f9</sys_id><sys_mod_count>0</sys_mod_count><sys_ui_formatter/><sys_ui_section caption="NULL" display_value="" name="problem" sys_domain="409c30addb8e8f0066e6f2f5ab9619e3" view="Default view">89a63bc9db9bcb402dfc78a6ae96199e</sys_ui_section><sys_updated_by>shweta.hegde@capgemini.com</sys_updated_by><sys_updated_on>2018-01-04 10:08:21</sys_updated_on><sys_user/><type/></sys_ui_element><sys_ui_element action="INSERT_OR_UPDATE"><element>assignment_group</element><position>10</position><sys_created_by>shweta.hegde@capgemini.com</sys_created_by><sys_created_on>2018-01-04 10:08:21</sys_created_on><sys_id>d3317d48dba787802dfc78a6ae9619f9</sys_id><sys_mod_count>0</sys_mod_count><sys_ui_formatter/><sys_ui_section caption="NULL" display_value="" name="problem" sys_domain="409c30addb8e8f0066e6f2f5ab9619e3" view="Default view">89a63bc9db9bcb402dfc78a6ae96199e</sys_ui_section><sys_updated_by>shweta.hegde@capgemini.com</sys_updated_by><sys_updated_on>2018-01-04 10:08:21</sys_updated_on><sys_user/><type/></sys_ui_element><sys_ui_element action="INSERT_OR_UPDATE"><element>assigned_to</element><position>11</position><sys_created_by>shweta.hegde@capgemini.com</sys_created_by><sys_created_on>2018-01-04 10:08:21</sys_created_on><sys_id>57317d48dba787802dfc78a6ae9619f9</sys_id><sys_mod_count>0</sys_mod_count><sys_ui_formatter/><sys_ui_section caption="NULL" display_value="" name="problem" sys_domain="409c30addb8e8f0066e6f2f5ab9619e3" view="Default view">89a63bc9db9bcb402dfc78a6ae96199e</sys_ui_section><sys_updated_by>shweta.hegde@capgemini.com</sys_updated_by><sys_updated_on>2018-01-04 10:08:21</sys_updated_on><sys_user/><type/></sys_ui_element><sys_ui_element action="INSERT_OR_UPDATE"><element>.end_split</element><position>12</position><sys_created_by>shweta.hegde@capgemini.com</sys_created_by><sys_created_on>2018-01-04 10:08:21</sys_created_on><sys_id>d7317d48dba787802dfc78a6ae9619f9</sys_id><sys_mod_count>0</sys_mod_count><sys_ui_formatter/><sys_ui_section caption="NULL" display_value="" name="problem" sys_domain="409c30addb8e8f0066e6f2f5ab9619e3" view="Default view">89a63bc9db9bcb402dfc78a6ae96199e</sys_ui_section><sys_updated_by>shweta.hegde@capgemini.com</sys_updated_by><sys_updated_on>2018-01-04 10:08:21</sys_updated_on><sys_user/><type>.end_split</type></sys_ui_element><sys_ui_element action="INSERT_OR_UPDATE"><element>short_description</element><position>13</position><sys_created_by>shweta.hegde@capgemini.com</sys_created_by><sys_created_on>2018-01-04 10:08:21</sys_created_on><sys_id>5b317d48dba787802dfc78a6ae9619f9</sys_id><sys_mod_count>0</sys_mod_count><sys_ui_formatter/><sys_ui_section caption="NULL" display_value="" name="problem" sys_domain="409c30addb8e8f0066e6f2f5ab9619e3" view="Default view">89a63bc9db9bcb402dfc78a6ae96199e</sys_ui_section><sys_updated_by>shweta.hegde@capgemini.com</sys_updated_by><sys_updated_on>2018-01-04 10:08:21</sys_updated_on><sys_user/><type/></sys_ui_element><sys_ui_element action="INSERT_OR_UPDATE"><element>description</element><position>14</position><sys_created_by>shweta.hegde@capgemini.com</sys_created_by><sys_created_on>2018-01-04 10:08:21</sys_created_on><sys_id>db317d48dba787802dfc78a6ae9619f9</sys_id><sys_mod_count>0</sys_mod_count><sys_ui_formatter/><sys_ui_section caption="NULL" display_value="" name="problem" sys_domain="409c30addb8e8f0066e6f2f5ab9619e3" view="Default view">89a63bc9db9bcb402dfc78a6ae96199e</sys_ui_section><sys_updated_by>shweta.hegde@capgemini.com</sys_updated_by><sys_updated_on>2018-01-04 10:08:21</sys_updated_on><sys_user/><type/></sys_ui_element><sys_ui_element action="INSERT_OR_UPDATE"><element>close_notes</element><position>15</position><sys_created_by>shweta.hegde@capgemini.com</sys_created_by><sys_created_on>2018-01-04 10:08:21</sys_created_on><sys_id>5f317d48dba787802dfc78a6ae9619f9</sys_id><sys_mod_count>0</sys_mod_count><sys_ui_formatter/><sys_ui_section caption="NULL" display_value="" name="problem" sys_domain="409c30addb8e8f0066e6f2f5ab9619e3" view="Default view">89a63bc9db9bcb402dfc78a6ae96199e</sys_ui_section><sys_updated_by>shweta.hegde@capgemini.com</sys_updated_by><sys_updated_on>2018-01-04 10:08:21</sys_updated_on><sys_user/><type/></sys_ui_element><sys_ui_element action="INSERT_OR_UPDATE"><element>work_around</element><position>16</position><sys_created_by>shweta.hegde@capgemini.com</sys_created_by><sys_created_on>2018-01-04 10:08:21</sys_created_on><sys_id>df317d48dba787802dfc78a6ae9619f9</sys_id><sys_mod_count>0</sys_mod_count><sys_ui_formatter/><sys_ui_section caption="NULL" display_value="" name="problem" sys_domain="409c30addb8e8f0066e6f2f5ab9619e3" view="Default view">89a63bc9db9bcb402dfc78a6ae96199e</sys_ui_section><sys_updated_by>shweta.hegde@capgemini.com</sys_updated_by><sys_updated_on>2018-01-04 10:08:21</sys_updated_on><sys_user/><type/></sys_ui_element><sys_ui_element action="INSERT_OR_UPDATE"><element>work_notes</element><position>17</position><sys_created_by>shweta.hegde@capgemini.com</sys_created_by><sys_created_on>2018-01-04 10:08:21</sys_created_on><sys_id>53317d48dba787802dfc78a6ae9619fa</sys_id><sys_mod_count>0</sys_mod_count><sys_ui_formatter/><sys_ui_section caption="NULL" display_value="" name="problem" sys_domain="409c30addb8e8f0066e6f2f5ab9619e3" view="Default view">89a63bc9db9bcb402dfc78a6ae96199e</sys_ui_section><sys_updated_by>shweta.hegde@capgemini.com</sys_updated_by><sys_updated_on>2018-01-04 10:08:21</sys_updated_on><sys_user/><type/></sys_ui_element><sys_ui_element action="INSERT_OR_UPDATE"><element>u_a_w_root_cause_analysis</element><position>18</position><sys_created_by>shweta.hegde@capgemini.com</sys_created_by><sys_created_on>2018-01-04 10:08:21</sys_created_on><sys_id>d3317d48dba787802dfc78a6ae9619fa</sys_id><sys_mod_count>0</sys_mod_count><sys_ui_formatter/><sys_ui_section caption="NULL" display_value="" name="problem" sys_domain="409c30addb8e8f0066e6f2f5ab9619e3" view="Default view">89a63bc9db9bcb402dfc78a6ae96199e</sys_ui_section><sys_updated_by>shweta.hegde@capgemini.com</sys_updated_by><sys_updated_on>2018-01-04 10:08:21</sys_updated_on><sys_user/><type/></sys_ui_element><sys_ui_element action="INSERT_OR_UPDATE"><element>activity.xml</element><position>19</position><sys_created_by>shweta.hegde@capgemini.com</sys_created_by><sys_created_on>2018-01-04 10:08:21</sys_created_on><sys_id>57317d48dba787802dfc78a6ae9619fa</sys_id><sys_mod_count>0</sys_mod_count><sys_ui_formatter display_value="Activities (filtered)">b832d3560a0001c700d781efe21e22f5</sys_ui_formatter><sys_ui_section caption="NULL" display_value="" name="problem" sys_domain="409c30addb8e8f0066e6f2f5ab9619e3" view="Default view">89a63bc9db9bcb402dfc78a6ae96199e</sys_ui_section><sys_updated_by>shweta.hegde@capgemini.com</sys_updated_by><sys_updated_on>2018-01-04 10:08:21</sys_updated_on><sys_user/><type>formatter</type></sys_ui_element><sys_ui_section action="INSERT_OR_UPDATE"><caption/><header>false</header><name>problem</name><roles/><sys_class_name>sys_ui_section</sys_class_name><sys_created_by>shweta.hegde@capgemini.com</sys_created_by><sys_created_on>2017-12-26 12:09:25</sys_created_on><sys_customer_update>false</sys_customer_update><sys_domain>409c30addb8e8f0066e6f2f5ab9619e3</sys_domain><sys_domain_path>!!!/!!D/</sys_domain_path><sys_id>89a63bc9db9bcb402dfc78a6ae96199e</sys_id><sys_mod_count>11</sys_mod_count><sys_name>problem</sys_name><sys_overrides caption="NULL" display_value="" name="problem" sys_domain="global" view="Default view">bfb81dc9c0a8000900127627db594210</sys_overrides><sys_package display_value="Global" source="global">global</sys_package><sys_policy/><sys_replace_on_upgrade>false</sys_replace_on_upgrade><sys_scope display_value="Global">global</sys_scope><sys_update_name>sys_ui_section_89a63bc9db9bcb402dfc78a6ae96199e</sys_update_name><sys_updated_by>shweta.hegde@capgemini.com</sys_updated_by><sys_updated_on>2018-01-04 10:08:21</sys_updated_on><sys_user/><title>true</title><view display_value="Default view" name="NULL">Default view</view><view_name/></sys_ui_section></sys_ui_section></record_update>]]></payload>
<remote_update_set display_value="A&amp;W Problem Management - SH - V2">2b850fdfdb64dfc0a8a37dfdae96193b</remote_update_set>
<replace_on_upgrade>false</replace_on_upgrade>
<sys_created_by>shweta.hegde@capgemini.com</sys_created_by>
<sys_created_on>2018-03-05 11:39:47</sys_created_on>
<sys_id>ef850fdfdb64dfc0a8a37dfdae96193b</sys_id>
<sys_mod_count>0</sys_mod_count>
<sys_updated_by>shweta.hegde@capgemini.com</sys_updated_by>
<sys_updated_on>2018-03-05 11:39:47</sys_updated_on>
<table>problem</table>
<target_name>Problem</target_name>
<type>Form Layout</type>
<update_domain>409c30addb8e8f0066e6f2f5ab9619e3</update_domain>
<update_set display_value=""/>
<view/>
</sys_update_xml>
</unload>
