<?xml version="1.0" encoding="UTF-8"?>
<unload unload_date="2018-03-05 11:40:11">
<sys_remote_update_set action="INSERT_OR_UPDATE">
<application display_value="Global">global</application>
<application_name>Global</application_name>
<application_scope>global</application_scope>
<application_version/>
<collisions/>
<commit_date/>
<deleted/>
<description/>
<inserted/>
<name>A&amp;W Problem Management - SH - V3</name>
<origin_sys_id/>
<release_date/>
<remote_sys_id>1698ce5cdb634704a8a37dfdae961914</remote_sys_id>
<state>loaded</state>
<summary/>
<sys_class_name>sys_remote_update_set</sys_class_name>
<sys_created_by>shweta.hegde@capgemini.com</sys_created_by>
<sys_created_on>2018-03-05 11:40:10</sys_created_on>
<sys_id>dda5cbdfdb64dfc0a8a37dfdae96190e</sys_id>
<sys_mod_count>0</sys_mod_count>
<sys_updated_by>shweta.hegde@capgemini.com</sys_updated_by>
<sys_updated_on>2018-03-05 11:40:10</sys_updated_on>
<update_set display_value=""/>
<update_source display_value=""/>
<updated/>
</sys_remote_update_set>
<sys_update_xml action="INSERT_OR_UPDATE">
<action>INSERT_OR_UPDATE</action>
<application display_value="Global">global</application>
<category>customer</category>
<comments/>
<name>sys_ui_policy_c97f826adbab03002dfc78a6ae961906</name>
<payload>&lt;?xml version="1.0" encoding="UTF-8"?&gt;&lt;record_update sys_domain="409c30addb8e8f0066e6f2f5ab9619e3" table="sys_ui_policy"&gt;&lt;sys_ui_policy action="INSERT_OR_UPDATE"&gt;&lt;active&gt;true&lt;/active&gt;&lt;conditions table="problem"&gt;problem_state=3^EQ&lt;item endquery="false" field="problem_state" goto="false" newquery="false" operator="=" or="false" value="3"/&gt;&lt;item endquery="true" field="" goto="false" newquery="false" operator="=" or="false" value=""/&gt;&lt;/conditions&gt;&lt;description/&gt;&lt;global&gt;true&lt;/global&gt;&lt;inherit&gt;false&lt;/inherit&gt;&lt;model_id/&gt;&lt;model_table/&gt;&lt;on_load&gt;true&lt;/on_load&gt;&lt;order&gt;100&lt;/order&gt;&lt;reverse_if_false&gt;true&lt;/reverse_if_false&gt;&lt;run_scripts&gt;false&lt;/run_scripts&gt;&lt;script_false&gt;&lt;![CDATA[function onCondition() {

}]]&gt;&lt;/script_false&gt;&lt;script_true&gt;&lt;![CDATA[function onCondition() {

}]]&gt;&lt;/script_true&gt;&lt;set_values/&gt;&lt;short_description&gt;Make RFC mandatory when Problem state is Waiting for Change A&amp;amp;W&lt;/short_description&gt;&lt;sys_class_name&gt;sys_ui_policy&lt;/sys_class_name&gt;&lt;sys_created_by&gt;shweta.hegde@capgemini.com&lt;/sys_created_by&gt;&lt;sys_created_on&gt;2018-01-12 06:46:34&lt;/sys_created_on&gt;&lt;sys_customer_update&gt;true&lt;/sys_customer_update&gt;&lt;sys_domain&gt;409c30addb8e8f0066e6f2f5ab9619e3&lt;/sys_domain&gt;&lt;sys_domain_path&gt;!!!/!!D/&lt;/sys_domain_path&gt;&lt;sys_id&gt;c97f826adbab03002dfc78a6ae961906&lt;/sys_id&gt;&lt;sys_mod_count&gt;1&lt;/sys_mod_count&gt;&lt;sys_name&gt;Make RFC mandatory when Problem state is Waiting for Change A&amp;amp;W&lt;/sys_name&gt;&lt;sys_overrides/&gt;&lt;sys_package display_value="Global" source="global"&gt;global&lt;/sys_package&gt;&lt;sys_policy/&gt;&lt;sys_replace_on_upgrade&gt;false&lt;/sys_replace_on_upgrade&gt;&lt;sys_scope display_value="Global"&gt;global&lt;/sys_scope&gt;&lt;sys_update_name&gt;sys_ui_policy_c97f826adbab03002dfc78a6ae961906&lt;/sys_update_name&gt;&lt;sys_updated_by&gt;shweta.hegde@capgemini.com&lt;/sys_updated_by&gt;&lt;sys_updated_on&gt;2018-01-12 06:47:56&lt;/sys_updated_on&gt;&lt;table&gt;problem&lt;/table&gt;&lt;u_relate/&gt;&lt;u_relate_table/&gt;&lt;ui_type&gt;0&lt;/ui_type&gt;&lt;view/&gt;&lt;/sys_ui_policy&gt;&lt;/record_update&gt;</payload>
<remote_update_set display_value="A&amp;W Problem Management - SH - V3">dda5cbdfdb64dfc0a8a37dfdae96190e</remote_update_set>
<replace_on_upgrade>false</replace_on_upgrade>
<sys_created_by>shweta.hegde@capgemini.com</sys_created_by>
<sys_created_on>2018-03-05 11:40:10</sys_created_on>
<sys_id>11a5cbdfdb64dfc0a8a37dfdae961912</sys_id>
<sys_mod_count>0</sys_mod_count>
<sys_updated_by>shweta.hegde@capgemini.com</sys_updated_by>
<sys_updated_on>2018-03-05 11:40:10</sys_updated_on>
<table>problem</table>
<target_name>Make RFC mandatory when Problem state is Waiting for Change A&amp;W</target_name>
<type>UI Policy</type>
<update_domain>409c30addb8e8f0066e6f2f5ab9619e3</update_domain>
<update_set display_value=""/>
<view/>
</sys_update_xml>
<sys_update_xml action="INSERT_OR_UPDATE">
<action>INSERT_OR_UPDATE</action>
<application display_value="Global">global</application>
<category>customer</category>
<comments/>
<name>sys_ui_list_problem_null_409c30addb8e8f0066e6f2f5ab9619e3</name>
<payload><![CDATA[<?xml version="1.0" encoding="UTF-8"?><record_update><sys_ui_list parent="" relationship="" sys_domain="409c30addb8e8f0066e6f2f5ab9619e3" table="problem" version="2" view=""><sys_ui_list_element action="INSERT_OR_UPDATE"><average_value>false</average_value><element>number</element><list_id display_value="problem" element="NULL" name="problem" parent="NULL" relationship="NULL" sys_domain="409c30addb8e8f0066e6f2f5ab9619e3" view="Default view">b655b354dbef4704a8a37dfdae9619ea</list_id><max_value>false</max_value><min_value>false</min_value><position>0</position><sum>false</sum><sys_created_by>shweta.hegde@capgemini.com</sys_created_by><sys_created_on>2018-01-05 14:24:03</sys_created_on><sys_id>3655b354dbef4704a8a37dfdae9619eb</sys_id><sys_mod_count>0</sys_mod_count><sys_updated_by>shweta.hegde@capgemini.com</sys_updated_by><sys_updated_on>2018-01-05 14:24:03</sys_updated_on></sys_ui_list_element><sys_ui_list_element action="INSERT_OR_UPDATE"><average_value>false</average_value><element>short_description</element><list_id display_value="problem" element="NULL" name="problem" parent="NULL" relationship="NULL" sys_domain="409c30addb8e8f0066e6f2f5ab9619e3" view="Default view">b655b354dbef4704a8a37dfdae9619ea</list_id><max_value>false</max_value><min_value>false</min_value><position>1</position><sum>false</sum><sys_created_by>shweta.hegde@capgemini.com</sys_created_by><sys_created_on>2018-01-05 14:24:03</sys_created_on><sys_id>be55b354dbef4704a8a37dfdae9619eb</sys_id><sys_mod_count>0</sys_mod_count><sys_updated_by>shweta.hegde@capgemini.com</sys_updated_by><sys_updated_on>2018-01-05 14:24:03</sys_updated_on></sys_ui_list_element><sys_ui_list_element action="INSERT_OR_UPDATE"><average_value>false</average_value><element>problem_state</element><list_id display_value="problem" element="NULL" name="problem" parent="NULL" relationship="NULL" sys_domain="409c30addb8e8f0066e6f2f5ab9619e3" view="Default view">b655b354dbef4704a8a37dfdae9619ea</list_id><max_value>false</max_value><min_value>false</min_value><position>2</position><sum>false</sum><sys_created_by>shweta.hegde@capgemini.com</sys_created_by><sys_created_on>2018-01-05 14:24:03</sys_created_on><sys_id>3255b354dbef4704a8a37dfdae9619ec</sys_id><sys_mod_count>0</sys_mod_count><sys_updated_by>shweta.hegde@capgemini.com</sys_updated_by><sys_updated_on>2018-01-05 14:24:03</sys_updated_on></sys_ui_list_element><sys_ui_list_element action="INSERT_OR_UPDATE"><average_value>false</average_value><element>assignment_group</element><list_id display_value="problem" element="NULL" name="problem" parent="NULL" relationship="NULL" sys_domain="409c30addb8e8f0066e6f2f5ab9619e3" view="Default view">b655b354dbef4704a8a37dfdae9619ea</list_id><max_value>false</max_value><min_value>false</min_value><position>3</position><sum>false</sum><sys_created_by>shweta.hegde@capgemini.com</sys_created_by><sys_created_on>2018-01-05 14:24:03</sys_created_on><sys_id>b255b354dbef4704a8a37dfdae9619ec</sys_id><sys_mod_count>0</sys_mod_count><sys_updated_by>shweta.hegde@capgemini.com</sys_updated_by><sys_updated_on>2018-01-05 14:24:03</sys_updated_on></sys_ui_list_element><sys_ui_list_element action="INSERT_OR_UPDATE"><average_value>false</average_value><element>assigned_to</element><list_id display_value="problem" element="NULL" name="problem" parent="NULL" relationship="NULL" sys_domain="409c30addb8e8f0066e6f2f5ab9619e3" view="Default view">b655b354dbef4704a8a37dfdae9619ea</list_id><max_value>false</max_value><min_value>false</min_value><position>4</position><sum>false</sum><sys_created_by>shweta.hegde@capgemini.com</sys_created_by><sys_created_on>2018-01-05 14:24:03</sys_created_on><sys_id>3655b354dbef4704a8a37dfdae9619ec</sys_id><sys_mod_count>0</sys_mod_count><sys_updated_by>shweta.hegde@capgemini.com</sys_updated_by><sys_updated_on>2018-01-05 14:24:03</sys_updated_on></sys_ui_list_element><sys_ui_list_element action="INSERT_OR_UPDATE"><average_value>false</average_value><element>u_restaurant_aw</element><list_id display_value="problem" element="NULL" name="problem" parent="NULL" relationship="NULL" sys_domain="409c30addb8e8f0066e6f2f5ab9619e3" view="Default view">b655b354dbef4704a8a37dfdae9619ea</list_id><max_value>false</max_value><min_value>false</min_value><position>5</position><sum>false</sum><sys_created_by>shweta.hegde@capgemini.com</sys_created_by><sys_created_on>2018-01-05 14:24:03</sys_created_on><sys_id>b655b354dbef4704a8a37dfdae9619ec</sys_id><sys_mod_count>0</sys_mod_count><sys_updated_by>shweta.hegde@capgemini.com</sys_updated_by><sys_updated_on>2018-01-05 14:24:03</sys_updated_on></sys_ui_list_element><sys_ui_list action="INSERT_OR_UPDATE"><average_value>false</average_value><element/><max_value>false</max_value><min_value>false</min_value><name>problem</name><parent/><position/><relationship/><sum>false</sum><sys_class_name>sys_ui_list</sys_class_name><sys_created_by>shweta.hegde@capgemini.com</sys_created_by><sys_created_on>2018-01-05 14:24:03</sys_created_on><sys_customer_update>true</sys_customer_update><sys_domain>409c30addb8e8f0066e6f2f5ab9619e3</sys_domain><sys_domain_path>!!!/!!D/</sys_domain_path><sys_id>b655b354dbef4704a8a37dfdae9619ea</sys_id><sys_mod_count>0</sys_mod_count><sys_name>problem</sys_name><sys_package display_value="Global" source="global">global</sys_package><sys_policy/><sys_replace_on_upgrade>false</sys_replace_on_upgrade><sys_scope display_value="Global">global</sys_scope><sys_update_name>sys_ui_list_problem_null_409c30addb8e8f0066e6f2f5ab9619e3</sys_update_name><sys_updated_by>shweta.hegde@capgemini.com</sys_updated_by><sys_updated_on>2018-01-05 14:24:03</sys_updated_on><sys_user/><view display_value="Default view" name="NULL">Default view</view><view_name/></sys_ui_list></sys_ui_list></record_update>]]></payload>
<remote_update_set display_value="A&amp;W Problem Management - SH - V3">dda5cbdfdb64dfc0a8a37dfdae96190e</remote_update_set>
<replace_on_upgrade>false</replace_on_upgrade>
<sys_created_by>shweta.hegde@capgemini.com</sys_created_by>
<sys_created_on>2018-03-05 11:40:10</sys_created_on>
<sys_id>15a5cbdfdb64dfc0a8a37dfdae961911</sys_id>
<sys_mod_count>0</sys_mod_count>
<sys_updated_by>shweta.hegde@capgemini.com</sys_updated_by>
<sys_updated_on>2018-03-05 11:40:10</sys_updated_on>
<table>problem</table>
<target_name>Problem</target_name>
<type>List Layout</type>
<update_domain>409c30addb8e8f0066e6f2f5ab9619e3</update_domain>
<update_set display_value=""/>
<view>Default view</view>
</sys_update_xml>
<sys_update_xml action="INSERT_OR_UPDATE">
<action>INSERT_OR_UPDATE</action>
<application display_value="Global">global</application>
<category>customer</category>
<comments/>
<name>sys_security_acl_role_c185d2f4db3b0b002dfc78a6ae9619b2</name>
<payload><![CDATA[<?xml version="1.0" encoding="UTF-8"?><record_update table="sys_security_acl_role"><sys_security_acl_role action="INSERT_OR_UPDATE"><sys_class_name>sys_security_acl_role</sys_class_name><sys_created_by>shweta.hegde@capgemini.com</sys_created_by><sys_created_on>2018-01-19 07:00:14</sys_created_on><sys_customer_update>true</sys_customer_update><sys_id>c185d2f4db3b0b002dfc78a6ae9619b2</sys_id><sys_mod_count>0</sys_mod_count><sys_name>.A&amp;W ITIL</sys_name><sys_package display_value="Global" source="global">global</sys_package><sys_policy/><sys_replace_on_upgrade>false</sys_replace_on_upgrade><sys_scope display_value="Global">global</sys_scope><sys_security_acl display_value="">0b75d2f4db3b0b002dfc78a6ae961985</sys_security_acl><sys_update_name>sys_security_acl_role_c185d2f4db3b0b002dfc78a6ae9619b2</sys_update_name><sys_updated_by>shweta.hegde@capgemini.com</sys_updated_by><sys_updated_on>2018-01-19 07:00:14</sys_updated_on><sys_user_role display_value="A&amp;W ITIL" name="A&amp;W ITIL">f4bd3857db0b07402dfc78a6ae9619fc</sys_user_role><transaction_id/></sys_security_acl_role></record_update>]]></payload>
<remote_update_set display_value="A&amp;W Problem Management - SH - V3">dda5cbdfdb64dfc0a8a37dfdae96190e</remote_update_set>
<replace_on_upgrade>false</replace_on_upgrade>
<sys_created_by>shweta.hegde@capgemini.com</sys_created_by>
<sys_created_on>2018-03-05 11:40:10</sys_created_on>
<sys_id>19a5cbdfdb64dfc0a8a37dfdae961910</sys_id>
<sys_mod_count>0</sys_mod_count>
<sys_updated_by>shweta.hegde@capgemini.com</sys_updated_by>
<sys_updated_on>2018-03-05 11:40:10</sys_updated_on>
<table>0b75d2f4db3b0b002dfc78a6ae961985</table>
<target_name>.A&amp;W ITIL</target_name>
<type>Access Roles</type>
<update_domain/>
<update_set display_value=""/>
<view/>
</sys_update_xml>
<sys_update_xml action="INSERT_OR_UPDATE">
<action>INSERT_OR_UPDATE</action>
<application display_value="Global">global</application>
<category>customer</category>
<comments/>
<name>contract_sla_c3fe3f0adbff0340a8a37dfdae961917</name>
<payload><![CDATA[<?xml version="1.0" encoding="UTF-8"?><record_update sys_domain="409c30addb8e8f0066e6f2f5ab9619e3" table="contract_sla"><contract_sla action="INSERT_OR_UPDATE"><active>true</active><cancel_condition/><collection>problem</collection><condition_class/><duration>1970-01-16 00:00:00</duration><duration_type/><enable_logging>false</enable_logging><name> Resolution SLA: Priority 4 A&amp;W(15 Days)</name><pause_condition table="problem">problem_state=3^EQ<item endquery="false" field="problem_state" goto="false" newquery="false" operator="=" or="false" value="3"/><item endquery="true" field="" goto="false" newquery="false" operator="=" or="false" value=""/></pause_condition><relative_duration_works_on>Task record</relative_duration_works_on><reset_condition/><resume_condition/><retroactive>false</retroactive><retroactive_pause>true</retroactive_pause><schedule display_value="8-5 weekdays">08fcd0830a0a0b2600079f56b1adb9ae</schedule><schedule_source>sla_definition</schedule_source><schedule_source_field/><set_start_to>approval_set</set_start_to><start_condition table="problem">active=true^priority=4^assignment_groupISNOTEMPTY^assigned_toISNOTEMPTY^EQ<item endquery="false" field="active" goto="false" newquery="false" operator="=" or="false" value="true"/><item endquery="false" field="priority" goto="false" newquery="false" operator="=" or="false" value="4"/><item endquery="false" field="assignment_group" goto="false" newquery="false" operator="ISNOTEMPTY" or="false" value=""/><item endquery="false" field="assigned_to" goto="false" newquery="false" operator="ISNOTEMPTY" or="false" value=""/><item endquery="true" field="" goto="false" newquery="false" operator="=" or="false" value=""/></start_condition><stop_condition table="problem">problem_state=4^EQ<item endquery="false" field="problem_state" goto="false" newquery="false" operator="=" or="false" value="4"/><item endquery="true" field="" goto="false" newquery="false" operator="=" or="false" value=""/></stop_condition><sys_class_name>contract_sla</sys_class_name><sys_created_by>lakshmi.kalatippi</sys_created_by><sys_created_on>2018-01-23 11:54:14</sys_created_on><sys_customer_update>true</sys_customer_update><sys_domain>409c30addb8e8f0066e6f2f5ab9619e3</sys_domain><sys_domain_path/><sys_id>c3fe3f0adbff0340a8a37dfdae961917</sys_id><sys_mod_count>0</sys_mod_count><sys_name> Resolution SLA: Priority 4 A&amp;W(15 Days)</sys_name><sys_overrides/><sys_package display_value="Global" source="global">global</sys_package><sys_policy/><sys_replace_on_upgrade>false</sys_replace_on_upgrade><sys_scope display_value="Global">global</sys_scope><sys_update_name>contract_sla_c3fe3f0adbff0340a8a37dfdae961917</sys_update_name><sys_updated_by>lakshmi.kalatippi</sys_updated_by><sys_updated_on>2018-01-23 11:54:14</sys_updated_on><timezone/><timezone_source>task.caller_id.time_zone</timezone_source><type>SLA</type><u_ajg_sla_type/><u_group/><u_item/><u_vendor/><when_to_cancel>no_match</when_to_cancel><when_to_resume>no_match</when_to_resume><workflow display_value="Default SLA workflow">4b6570360a0a0b3000bbacab877713f2</workflow></contract_sla></record_update>]]></payload>
<remote_update_set display_value="A&amp;W Problem Management - SH - V3">dda5cbdfdb64dfc0a8a37dfdae96190e</remote_update_set>
<replace_on_upgrade>false</replace_on_upgrade>
<sys_created_by>shweta.hegde@capgemini.com</sys_created_by>
<sys_created_on>2018-03-05 11:40:10</sys_created_on>
<sys_id>1da5cbdfdb64dfc0a8a37dfdae96190f</sys_id>
<sys_mod_count>0</sys_mod_count>
<sys_updated_by>shweta.hegde@capgemini.com</sys_updated_by>
<sys_updated_on>2018-03-05 11:40:10</sys_updated_on>
<table>problem</table>
<target_name> Resolution SLA: Priority 4 A&amp;W(15 Days)</target_name>
<type>SLA Definition</type>
<update_domain>409c30addb8e8f0066e6f2f5ab9619e3</update_domain>
<update_set display_value=""/>
<view/>
</sys_update_xml>
<sys_update_xml action="INSERT_OR_UPDATE">
<action>INSERT_OR_UPDATE</action>
<application display_value="Global">global</application>
<category>customer</category>
<comments/>
<name>sys_ui_action_7d34052fdbc383c0a8a37dfdae9619dd</name>
<payload>&lt;?xml version="1.0" encoding="UTF-8"?&gt;&lt;record_update sys_domain="409c30addb8e8f0066e6f2f5ab9619e3" table="sys_ui_action"&gt;&lt;sys_ui_action action="INSERT_OR_UPDATE"&gt;&lt;action_name/&gt;&lt;active&gt;true&lt;/active&gt;&lt;client&gt;false&lt;/client&gt;&lt;comments/&gt;&lt;condition&gt;current.problem_state != 4 &amp;amp;&amp;amp; gs.hasRole("itil")&lt;/condition&gt;&lt;form_action&gt;true&lt;/form_action&gt;&lt;form_button&gt;false&lt;/form_button&gt;&lt;form_context_menu&gt;true&lt;/form_context_menu&gt;&lt;form_link&gt;false&lt;/form_link&gt;&lt;hint/&gt;&lt;list_action&gt;false&lt;/list_action&gt;&lt;list_banner_button&gt;false&lt;/list_banner_button&gt;&lt;list_button&gt;false&lt;/list_button&gt;&lt;list_choice&gt;false&lt;/list_choice&gt;&lt;list_context_menu&gt;false&lt;/list_context_menu&gt;&lt;list_link&gt;false&lt;/list_link&gt;&lt;list_save_with_form_button&gt;false&lt;/list_save_with_form_button&gt;&lt;name&gt;Close Problem&lt;/name&gt;&lt;onclick/&gt;&lt;order&gt;100&lt;/order&gt;&lt;script&gt;&lt;![CDATA[current.problem_state = 4;
current.update();]]&gt;&lt;/script&gt;&lt;show_insert&gt;true&lt;/show_insert&gt;&lt;show_multiple_update&gt;false&lt;/show_multiple_update&gt;&lt;show_query&gt;false&lt;/show_query&gt;&lt;show_update&gt;true&lt;/show_update&gt;&lt;sys_class_name&gt;sys_ui_action&lt;/sys_class_name&gt;&lt;sys_created_by&gt;shweta.hegde@capgemini.com&lt;/sys_created_by&gt;&lt;sys_created_on&gt;2017-12-21 07:18:59&lt;/sys_created_on&gt;&lt;sys_customer_update&gt;true&lt;/sys_customer_update&gt;&lt;sys_domain&gt;409c30addb8e8f0066e6f2f5ab9619e3&lt;/sys_domain&gt;&lt;sys_domain_path&gt;!!!/!!D/&lt;/sys_domain_path&gt;&lt;sys_id&gt;7d34052fdbc383c0a8a37dfdae9619dd&lt;/sys_id&gt;&lt;sys_mod_count&gt;2&lt;/sys_mod_count&gt;&lt;sys_name&gt;Close Problem&lt;/sys_name&gt;&lt;sys_overrides display_value="Close Problem"&gt;fd9b83a2c0a8000900419e7446c81877&lt;/sys_overrides&gt;&lt;sys_package display_value="Global" source="global"&gt;global&lt;/sys_package&gt;&lt;sys_policy/&gt;&lt;sys_replace_on_upgrade&gt;false&lt;/sys_replace_on_upgrade&gt;&lt;sys_scope display_value="Global"&gt;global&lt;/sys_scope&gt;&lt;sys_update_name&gt;sys_ui_action_7d34052fdbc383c0a8a37dfdae9619dd&lt;/sys_update_name&gt;&lt;sys_updated_by&gt;shweta.hegde@capgemini.com&lt;/sys_updated_by&gt;&lt;sys_updated_on&gt;2018-01-15 10:28:28&lt;/sys_updated_on&gt;&lt;table&gt;problem&lt;/table&gt;&lt;u_relate/&gt;&lt;u_relate_table/&gt;&lt;ui11_compatible&gt;true&lt;/ui11_compatible&gt;&lt;ui16_compatible&gt;false&lt;/ui16_compatible&gt;&lt;/sys_ui_action&gt;&lt;/record_update&gt;</payload>
<remote_update_set display_value="A&amp;W Problem Management - SH - V3">dda5cbdfdb64dfc0a8a37dfdae96190e</remote_update_set>
<replace_on_upgrade>false</replace_on_upgrade>
<sys_created_by>shweta.hegde@capgemini.com</sys_created_by>
<sys_created_on>2018-03-05 11:40:10</sys_created_on>
<sys_id>51a5cbdfdb64dfc0a8a37dfdae961911</sys_id>
<sys_mod_count>0</sys_mod_count>
<sys_updated_by>shweta.hegde@capgemini.com</sys_updated_by>
<sys_updated_on>2018-03-05 11:40:10</sys_updated_on>
<table>problem</table>
<target_name>Close Problem</target_name>
<type>UI Action</type>
<update_domain>409c30addb8e8f0066e6f2f5ab9619e3</update_domain>
<update_set display_value=""/>
<view/>
</sys_update_xml>
<sys_update_xml action="INSERT_OR_UPDATE">
<action>INSERT_OR_UPDATE</action>
<application display_value="Global">global</application>
<category>customer</category>
<comments/>
<name>sys_security_acl_95669238db3b0b002dfc78a6ae96191e</name>
<payload><![CDATA[<?xml version="1.0" encoding="UTF-8"?><record_update table="sys_security_acl"><sys_security_acl action="INSERT_OR_UPDATE"><active>true</active><admin_overrides>true</admin_overrides><advanced>false</advanced><condition/><description/><name>problem.u_a_w_root_cause_analysis</name><operation display_value="read">read</operation><script/><sys_class_name>sys_security_acl</sys_class_name><sys_created_by>shweta.hegde@capgemini.com</sys_created_by><sys_created_on>2018-01-19 07:02:33</sys_created_on><sys_customer_update>true</sys_customer_update><sys_id>95669238db3b0b002dfc78a6ae96191e</sys_id><sys_mod_count>0</sys_mod_count><sys_name>problem.u_a_w_root_cause_analysis</sys_name><sys_package display_value="Global" source="global">global</sys_package><sys_policy/><sys_replace_on_upgrade>false</sys_replace_on_upgrade><sys_scope display_value="Global">global</sys_scope><sys_update_name>sys_security_acl_95669238db3b0b002dfc78a6ae96191e</sys_update_name><sys_updated_by>shweta.hegde@capgemini.com</sys_updated_by><sys_updated_on>2018-01-19 07:02:33</sys_updated_on><type display_value="record">record</type><u_relate/><u_relate_table/></sys_security_acl></record_update>]]></payload>
<remote_update_set display_value="A&amp;W Problem Management - SH - V3">dda5cbdfdb64dfc0a8a37dfdae96190e</remote_update_set>
<replace_on_upgrade>false</replace_on_upgrade>
<sys_created_by>shweta.hegde@capgemini.com</sys_created_by>
<sys_created_on>2018-03-05 11:40:10</sys_created_on>
<sys_id>55a5cbdfdb64dfc0a8a37dfdae961910</sys_id>
<sys_mod_count>0</sys_mod_count>
<sys_updated_by>shweta.hegde@capgemini.com</sys_updated_by>
<sys_updated_on>2018-03-05 11:40:10</sys_updated_on>
<table>problem.u_a_w_root_cause_analysis</table>
<target_name>problem.u_a_w_root_cause_analysis</target_name>
<type>Access Control</type>
<update_domain/>
<update_set display_value=""/>
<view/>
</sys_update_xml>
<sys_update_xml action="INSERT_OR_UPDATE">
<action>INSERT_OR_UPDATE</action>
<application display_value="Global">global</application>
<category>customer</category>
<comments/>
<name>contract_sla_49fafb46dbff0340a8a37dfdae9619de</name>
<payload><![CDATA[<?xml version="1.0" encoding="UTF-8"?><record_update sys_domain="409c30addb8e8f0066e6f2f5ab9619e3" table="contract_sla"><contract_sla action="INSERT_OR_UPDATE"><active>true</active><cancel_condition/><collection>problem</collection><condition_class/><duration>1970-01-03 00:00:00</duration><duration_type/><enable_logging>false</enable_logging><name>Resolution SLA:Priority 1 A&amp;W(48 Hrs)</name><pause_condition table="problem">problem_state=3^EQ<item endquery="false" field="problem_state" goto="false" newquery="false" operator="=" or="false" value="3"/><item endquery="true" field="" goto="false" newquery="false" operator="=" or="false" value=""/></pause_condition><relative_duration_works_on>Task record</relative_duration_works_on><reset_condition/><resume_condition/><retroactive>false</retroactive><retroactive_pause>true</retroactive_pause><schedule display_value="8-5 weekdays">08fcd0830a0a0b2600079f56b1adb9ae</schedule><schedule_source>sla_definition</schedule_source><schedule_source_field/><set_start_to>approval_set</set_start_to><start_condition table="problem">active=true^priority=1^assignment_groupISNOTEMPTY^assigned_toISNOTEMPTY^EQ<item endquery="false" field="active" goto="false" newquery="false" operator="=" or="false" value="true"/><item endquery="false" field="priority" goto="false" newquery="false" operator="=" or="false" value="1"/><item endquery="false" field="assignment_group" goto="false" newquery="false" operator="ISNOTEMPTY" or="false" value=""/><item endquery="false" field="assigned_to" goto="false" newquery="false" operator="ISNOTEMPTY" or="false" value=""/><item endquery="true" field="" goto="false" newquery="false" operator="=" or="false" value=""/></start_condition><stop_condition table="problem">problem_state=4^EQ<item endquery="false" field="problem_state" goto="false" newquery="false" operator="=" or="false" value="4"/><item endquery="true" field="" goto="false" newquery="false" operator="=" or="false" value=""/></stop_condition><sys_class_name>contract_sla</sys_class_name><sys_created_by>shweta.hegde@capgemini.com</sys_created_by><sys_created_on>2018-01-23 11:39:13</sys_created_on><sys_customer_update>true</sys_customer_update><sys_domain>409c30addb8e8f0066e6f2f5ab9619e3</sys_domain><sys_domain_path/><sys_id>49fafb46dbff0340a8a37dfdae9619de</sys_id><sys_mod_count>0</sys_mod_count><sys_name>Resolution SLA:Priority 1 A&amp;W(48 Hrs)</sys_name><sys_overrides/><sys_package display_value="Global" source="global">global</sys_package><sys_policy/><sys_replace_on_upgrade>false</sys_replace_on_upgrade><sys_scope display_value="Global">global</sys_scope><sys_update_name>contract_sla_49fafb46dbff0340a8a37dfdae9619de</sys_update_name><sys_updated_by>shweta.hegde@capgemini.com</sys_updated_by><sys_updated_on>2018-01-23 11:39:13</sys_updated_on><timezone/><timezone_source>task.caller_id.time_zone</timezone_source><type>SLA</type><u_ajg_sla_type/><u_group/><u_item/><u_vendor/><when_to_cancel>no_match</when_to_cancel><when_to_resume>no_match</when_to_resume><workflow display_value="Default SLA workflow">4b6570360a0a0b3000bbacab877713f2</workflow></contract_sla></record_update>]]></payload>
<remote_update_set display_value="A&amp;W Problem Management - SH - V3">dda5cbdfdb64dfc0a8a37dfdae96190e</remote_update_set>
<replace_on_upgrade>false</replace_on_upgrade>
<sys_created_by>shweta.hegde@capgemini.com</sys_created_by>
<sys_created_on>2018-03-05 11:40:10</sys_created_on>
<sys_id>59a5cbdfdb64dfc0a8a37dfdae96190f</sys_id>
<sys_mod_count>0</sys_mod_count>
<sys_updated_by>shweta.hegde@capgemini.com</sys_updated_by>
<sys_updated_on>2018-03-05 11:40:10</sys_updated_on>
<table>problem</table>
<target_name>Resolution SLA:Priority 1 A&amp;W(48 Hrs)</target_name>
<type>SLA Definition</type>
<update_domain>409c30addb8e8f0066e6f2f5ab9619e3</update_domain>
<update_set display_value=""/>
<view/>
</sys_update_xml>
<sys_update_xml action="INSERT_OR_UPDATE">
<action>INSERT_OR_UPDATE</action>
<application display_value="Global">global</application>
<category>customer</category>
<comments/>
<name>sys_ui_policy_action_911356dadba38300a8a37dfdae9619d6</name>
<payload><![CDATA[<?xml version="1.0" encoding="UTF-8"?><record_update table="sys_ui_policy_action"><sys_ui_policy_action action="INSERT_OR_UPDATE"><disabled>ignore</disabled><field>u_a_w_root_cause_analysis</field><mandatory>true</mandatory><sys_class_name>sys_ui_policy_action</sys_class_name><sys_created_by>shweta.hegde@capgemini.com</sys_created_by><sys_created_on>2018-01-11 12:23:05</sys_created_on><sys_customer_update>true</sys_customer_update><sys_id>911356dadba38300a8a37dfdae9619d6</sys_id><sys_mod_count>0</sys_mod_count><sys_name>u_a_w_root_cause_analysis</sys_name><sys_package display_value="Global" source="global">global</sys_package><sys_policy/><sys_replace_on_upgrade>false</sys_replace_on_upgrade><sys_scope display_value="Global">global</sys_scope><sys_update_name>sys_ui_policy_action_911356dadba38300a8a37dfdae9619d6</sys_update_name><sys_updated_by>shweta.hegde@capgemini.com</sys_updated_by><sys_updated_on>2018-01-11 12:23:05</sys_updated_on><table>problem</table><ui_policy display_value="Make Root cause analysis  mandatory when state closed/resolved A&amp;W">acc252dadba38300a8a37dfdae9619b1</ui_policy><visible>ignore</visible></sys_ui_policy_action></record_update>]]></payload>
<remote_update_set display_value="A&amp;W Problem Management - SH - V3">dda5cbdfdb64dfc0a8a37dfdae96190e</remote_update_set>
<replace_on_upgrade>false</replace_on_upgrade>
<sys_created_by>shweta.hegde@capgemini.com</sys_created_by>
<sys_created_on>2018-03-05 11:40:10</sys_created_on>
<sys_id>5da5cbdfdb64dfc0a8a37dfdae961911</sys_id>
<sys_mod_count>0</sys_mod_count>
<sys_updated_by>shweta.hegde@capgemini.com</sys_updated_by>
<sys_updated_on>2018-03-05 11:40:10</sys_updated_on>
<table>problem</table>
<target_name>u_a_w_root_cause_analysis</target_name>
<type>UI Policy Action</type>
<update_domain/>
<update_set display_value=""/>
<view/>
</sys_update_xml>
<sys_update_xml action="INSERT_OR_UPDATE">
<action>INSERT_OR_UPDATE</action>
<application display_value="Global">global</application>
<category>customer</category>
<comments/>
<name>sys_security_acl_0b75d2f4db3b0b002dfc78a6ae961985</name>
<payload><![CDATA[<?xml version="1.0" encoding="UTF-8"?><record_update table="sys_security_acl"><sys_security_acl action="INSERT_OR_UPDATE"><active>true</active><admin_overrides>true</admin_overrides><advanced>false</advanced><condition/><description/><name>problem.u_a_w_known_error</name><operation display_value="read">read</operation><script/><sys_class_name>sys_security_acl</sys_class_name><sys_created_by>shweta.hegde@capgemini.com</sys_created_by><sys_created_on>2018-01-19 07:00:15</sys_created_on><sys_customer_update>true</sys_customer_update><sys_id>0b75d2f4db3b0b002dfc78a6ae961985</sys_id><sys_mod_count>0</sys_mod_count><sys_name>problem.u_a_w_known_error</sys_name><sys_package display_value="Global" source="global">global</sys_package><sys_policy/><sys_replace_on_upgrade>false</sys_replace_on_upgrade><sys_scope display_value="Global">global</sys_scope><sys_update_name>sys_security_acl_0b75d2f4db3b0b002dfc78a6ae961985</sys_update_name><sys_updated_by>shweta.hegde@capgemini.com</sys_updated_by><sys_updated_on>2018-01-19 07:00:15</sys_updated_on><type display_value="record">record</type><u_relate/><u_relate_table/></sys_security_acl></record_update>]]></payload>
<remote_update_set display_value="A&amp;W Problem Management - SH - V3">dda5cbdfdb64dfc0a8a37dfdae96190e</remote_update_set>
<replace_on_upgrade>false</replace_on_upgrade>
<sys_created_by>shweta.hegde@capgemini.com</sys_created_by>
<sys_created_on>2018-03-05 11:40:10</sys_created_on>
<sys_id>91a5cbdfdb64dfc0a8a37dfdae961910</sys_id>
<sys_mod_count>0</sys_mod_count>
<sys_updated_by>shweta.hegde@capgemini.com</sys_updated_by>
<sys_updated_on>2018-03-05 11:40:10</sys_updated_on>
<table>problem.u_a_w_known_error</table>
<target_name>problem.u_a_w_known_error</target_name>
<type>Access Control</type>
<update_domain/>
<update_set display_value=""/>
<view/>
</sys_update_xml>
<sys_update_xml action="INSERT_OR_UPDATE">
<action>INSERT_OR_UPDATE</action>
<application display_value="Global">global</application>
<category>customer</category>
<comments/>
<name>contract_sla_3f0df3c6dbff0340a8a37dfdae961939</name>
<payload><![CDATA[<?xml version="1.0" encoding="UTF-8"?><record_update sys_domain="409c30addb8e8f0066e6f2f5ab9619e3" table="contract_sla"><contract_sla action="INSERT_OR_UPDATE"><active>true</active><cancel_condition/><collection>problem</collection><condition_class/><duration>1970-01-08 00:00:00</duration><duration_type/><enable_logging>false</enable_logging><name> Resolution SLA: Priority 2 A&amp;W(7 Days)</name><pause_condition table="problem">problem_state=3^EQ<item endquery="false" field="problem_state" goto="false" newquery="false" operator="=" or="false" value="3"/><item endquery="true" field="" goto="false" newquery="false" operator="=" or="false" value=""/></pause_condition><relative_duration_works_on>Task record</relative_duration_works_on><reset_condition/><resume_condition/><retroactive>false</retroactive><retroactive_pause>true</retroactive_pause><schedule display_value="8-5 weekdays">08fcd0830a0a0b2600079f56b1adb9ae</schedule><schedule_source>sla_definition</schedule_source><schedule_source_field/><set_start_to>approval_set</set_start_to><start_condition table="problem">active=true^priority=2^assignment_groupISNOTEMPTY^assigned_toISNOTEMPTY^EQ<item endquery="false" field="active" goto="false" newquery="false" operator="=" or="false" value="true"/><item endquery="false" field="priority" goto="false" newquery="false" operator="=" or="false" value="2"/><item endquery="false" field="assignment_group" goto="false" newquery="false" operator="ISNOTEMPTY" or="false" value=""/><item endquery="false" field="assigned_to" goto="false" newquery="false" operator="ISNOTEMPTY" or="false" value=""/><item endquery="true" field="" goto="false" newquery="false" operator="=" or="false" value=""/></start_condition><stop_condition table="problem">problem_state=4^EQ<item endquery="false" field="problem_state" goto="false" newquery="false" operator="=" or="false" value="4"/><item endquery="true" field="" goto="false" newquery="false" operator="=" or="false" value=""/></stop_condition><sys_class_name>contract_sla</sys_class_name><sys_created_by>lakshmi.kalatippi</sys_created_by><sys_created_on>2018-01-23 11:45:44</sys_created_on><sys_customer_update>true</sys_customer_update><sys_domain>409c30addb8e8f0066e6f2f5ab9619e3</sys_domain><sys_domain_path/><sys_id>3f0df3c6dbff0340a8a37dfdae961939</sys_id><sys_mod_count>0</sys_mod_count><sys_name> Resolution SLA: Priority 2 A&amp;W(7 Days)</sys_name><sys_overrides/><sys_package display_value="Global" source="global">global</sys_package><sys_policy/><sys_replace_on_upgrade>false</sys_replace_on_upgrade><sys_scope display_value="Global">global</sys_scope><sys_update_name>contract_sla_3f0df3c6dbff0340a8a37dfdae961939</sys_update_name><sys_updated_by>lakshmi.kalatippi</sys_updated_by><sys_updated_on>2018-01-23 11:45:44</sys_updated_on><timezone/><timezone_source>task.caller_id.time_zone</timezone_source><type>SLA</type><u_ajg_sla_type/><u_group/><u_item/><u_vendor/><when_to_cancel>no_match</when_to_cancel><when_to_resume>no_match</when_to_resume><workflow display_value="Default SLA workflow">4b6570360a0a0b3000bbacab877713f2</workflow></contract_sla></record_update>]]></payload>
<remote_update_set display_value="A&amp;W Problem Management - SH - V3">dda5cbdfdb64dfc0a8a37dfdae96190e</remote_update_set>
<replace_on_upgrade>false</replace_on_upgrade>
<sys_created_by>shweta.hegde@capgemini.com</sys_created_by>
<sys_created_on>2018-03-05 11:40:10</sys_created_on>
<sys_id>95a5cbdfdb64dfc0a8a37dfdae96190f</sys_id>
<sys_mod_count>0</sys_mod_count>
<sys_updated_by>shweta.hegde@capgemini.com</sys_updated_by>
<sys_updated_on>2018-03-05 11:40:10</sys_updated_on>
<table>problem</table>
<target_name> Resolution SLA: Priority 2 A&amp;W(7 Days)</target_name>
<type>SLA Definition</type>
<update_domain>409c30addb8e8f0066e6f2f5ab9619e3</update_domain>
<update_set display_value=""/>
<view/>
</sys_update_xml>
<sys_update_xml action="INSERT_OR_UPDATE">
<action>INSERT_OR_UPDATE</action>
<application display_value="Global">global</application>
<category>customer</category>
<comments/>
<name>sys_ui_section_89a63bc9db9bcb402dfc78a6ae96199e</name>
<payload><![CDATA[<?xml version="1.0" encoding="UTF-8"?><record_update><sys_ui_section caption="" section_id="89a63bc9db9bcb402dfc78a6ae96199e" sys_domain="409c30addb8e8f0066e6f2f5ab9619e3" table="problem" version="3" view=""><sys_ui_element action="INSERT_OR_UPDATE"><element>process_flow.xml</element><position>0</position><sys_created_by>shweta.hegde@capgemini.com</sys_created_by><sys_created_on>2018-01-12 06:44:04</sys_created_on><sys_id>b43f4e2adbab03002dfc78a6ae961968</sys_id><sys_mod_count>0</sys_mod_count><sys_ui_formatter display_value="Process Flow">59f28f09db47e600b0f2fb5aaf96199f</sys_ui_formatter><sys_ui_section caption="NULL" display_value="" name="problem" sys_domain="409c30addb8e8f0066e6f2f5ab9619e3" view="Default view">89a63bc9db9bcb402dfc78a6ae96199e</sys_ui_section><sys_updated_by>shweta.hegde@capgemini.com</sys_updated_by><sys_updated_on>2018-01-12 06:44:04</sys_updated_on><sys_user/><type>formatter</type></sys_ui_element><sys_ui_element action="INSERT_OR_UPDATE"><element>.begin_split</element><position>1</position><sys_created_by>shweta.hegde@capgemini.com</sys_created_by><sys_created_on>2018-01-12 06:44:04</sys_created_on><sys_id>f03f4e2adbab03002dfc78a6ae961969</sys_id><sys_mod_count>0</sys_mod_count><sys_ui_formatter/><sys_ui_section caption="NULL" display_value="" name="problem" sys_domain="409c30addb8e8f0066e6f2f5ab9619e3" view="Default view">89a63bc9db9bcb402dfc78a6ae96199e</sys_ui_section><sys_updated_by>shweta.hegde@capgemini.com</sys_updated_by><sys_updated_on>2018-01-12 06:44:04</sys_updated_on><sys_user/><type>.begin_split</type></sys_ui_element><sys_ui_element action="INSERT_OR_UPDATE"><element>number</element><position>2</position><sys_created_by>shweta.hegde@capgemini.com</sys_created_by><sys_created_on>2018-01-12 06:44:04</sys_created_on><sys_id>743f4e2adbab03002dfc78a6ae961969</sys_id><sys_mod_count>0</sys_mod_count><sys_ui_formatter/><sys_ui_section caption="NULL" display_value="" name="problem" sys_domain="409c30addb8e8f0066e6f2f5ab9619e3" view="Default view">89a63bc9db9bcb402dfc78a6ae96199e</sys_ui_section><sys_updated_by>shweta.hegde@capgemini.com</sys_updated_by><sys_updated_on>2018-01-12 06:44:04</sys_updated_on><sys_user/><type/></sys_ui_element><sys_ui_element action="INSERT_OR_UPDATE"><element>u_restaurant_aw</element><position>3</position><sys_created_by>shweta.hegde@capgemini.com</sys_created_by><sys_created_on>2018-01-12 06:44:04</sys_created_on><sys_id>f43f4e2adbab03002dfc78a6ae961969</sys_id><sys_mod_count>0</sys_mod_count><sys_ui_formatter/><sys_ui_section caption="NULL" display_value="" name="problem" sys_domain="409c30addb8e8f0066e6f2f5ab9619e3" view="Default view">89a63bc9db9bcb402dfc78a6ae96199e</sys_ui_section><sys_updated_by>shweta.hegde@capgemini.com</sys_updated_by><sys_updated_on>2018-01-12 06:44:04</sys_updated_on><sys_user/><type/></sys_ui_element><sys_ui_element action="INSERT_OR_UPDATE"><element>priority</element><position>4</position><sys_created_by>shweta.hegde@capgemini.com</sys_created_by><sys_created_on>2018-01-12 06:44:04</sys_created_on><sys_id>783f4e2adbab03002dfc78a6ae961969</sys_id><sys_mod_count>0</sys_mod_count><sys_ui_formatter/><sys_ui_section caption="NULL" display_value="" name="problem" sys_domain="409c30addb8e8f0066e6f2f5ab9619e3" view="Default view">89a63bc9db9bcb402dfc78a6ae96199e</sys_ui_section><sys_updated_by>shweta.hegde@capgemini.com</sys_updated_by><sys_updated_on>2018-01-12 06:44:04</sys_updated_on><sys_user/><type/></sys_ui_element><sys_ui_element action="INSERT_OR_UPDATE"><element>rfc</element><position>5</position><sys_created_by>shweta.hegde@capgemini.com</sys_created_by><sys_created_on>2018-01-12 06:44:04</sys_created_on><sys_id>f83f4e2adbab03002dfc78a6ae961969</sys_id><sys_mod_count>0</sys_mod_count><sys_ui_formatter/><sys_ui_section caption="NULL" display_value="" name="problem" sys_domain="409c30addb8e8f0066e6f2f5ab9619e3" view="Default view">89a63bc9db9bcb402dfc78a6ae96199e</sys_ui_section><sys_updated_by>shweta.hegde@capgemini.com</sys_updated_by><sys_updated_on>2018-01-12 06:44:04</sys_updated_on><sys_user/><type/></sys_ui_element><sys_ui_element action="INSERT_OR_UPDATE"><element>u_a_w_known_error</element><position>6</position><sys_created_by>shweta.hegde@capgemini.com</sys_created_by><sys_created_on>2018-01-12 06:44:04</sys_created_on><sys_id>7c3f4e2adbab03002dfc78a6ae961969</sys_id><sys_mod_count>0</sys_mod_count><sys_ui_formatter/><sys_ui_section caption="NULL" display_value="" name="problem" sys_domain="409c30addb8e8f0066e6f2f5ab9619e3" view="Default view">89a63bc9db9bcb402dfc78a6ae96199e</sys_ui_section><sys_updated_by>shweta.hegde@capgemini.com</sys_updated_by><sys_updated_on>2018-01-12 06:44:04</sys_updated_on><sys_user/><type/></sys_ui_element><sys_ui_element action="INSERT_OR_UPDATE"><element>knowledge</element><position>7</position><sys_created_by>shweta.hegde@capgemini.com</sys_created_by><sys_created_on>2018-01-12 06:44:04</sys_created_on><sys_id>fc3f4e2adbab03002dfc78a6ae961969</sys_id><sys_mod_count>0</sys_mod_count><sys_ui_formatter/><sys_ui_section caption="NULL" display_value="" name="problem" sys_domain="409c30addb8e8f0066e6f2f5ab9619e3" view="Default view">89a63bc9db9bcb402dfc78a6ae96199e</sys_ui_section><sys_updated_by>shweta.hegde@capgemini.com</sys_updated_by><sys_updated_on>2018-01-12 06:44:04</sys_updated_on><sys_user/><type/></sys_ui_element><sys_ui_element action="INSERT_OR_UPDATE"><element>.split</element><position>8</position><sys_created_by>shweta.hegde@capgemini.com</sys_created_by><sys_created_on>2018-01-12 06:44:04</sys_created_on><sys_id>703f4e2adbab03002dfc78a6ae96196a</sys_id><sys_mod_count>0</sys_mod_count><sys_ui_formatter/><sys_ui_section caption="NULL" display_value="" name="problem" sys_domain="409c30addb8e8f0066e6f2f5ab9619e3" view="Default view">89a63bc9db9bcb402dfc78a6ae96199e</sys_ui_section><sys_updated_by>shweta.hegde@capgemini.com</sys_updated_by><sys_updated_on>2018-01-12 06:44:04</sys_updated_on><sys_user/><type>.split</type></sys_ui_element><sys_ui_element action="INSERT_OR_UPDATE"><element>opened_by</element><position>9</position><sys_created_by>shweta.hegde@capgemini.com</sys_created_by><sys_created_on>2018-01-12 06:44:04</sys_created_on><sys_id>f03f4e2adbab03002dfc78a6ae96196a</sys_id><sys_mod_count>0</sys_mod_count><sys_ui_formatter/><sys_ui_section caption="NULL" display_value="" name="problem" sys_domain="409c30addb8e8f0066e6f2f5ab9619e3" view="Default view">89a63bc9db9bcb402dfc78a6ae96199e</sys_ui_section><sys_updated_by>shweta.hegde@capgemini.com</sys_updated_by><sys_updated_on>2018-01-12 06:44:04</sys_updated_on><sys_user/><type/></sys_ui_element><sys_ui_element action="INSERT_OR_UPDATE"><element>problem_state</element><position>10</position><sys_created_by>shweta.hegde@capgemini.com</sys_created_by><sys_created_on>2018-01-12 06:44:04</sys_created_on><sys_id>3c3f4e2adbab03002dfc78a6ae961976</sys_id><sys_mod_count>0</sys_mod_count><sys_ui_formatter/><sys_ui_section caption="NULL" display_value="" name="problem" sys_domain="409c30addb8e8f0066e6f2f5ab9619e3" view="Default view">89a63bc9db9bcb402dfc78a6ae96199e</sys_ui_section><sys_updated_by>shweta.hegde@capgemini.com</sys_updated_by><sys_updated_on>2018-01-12 06:44:04</sys_updated_on><sys_user/><type/></sys_ui_element><sys_ui_element action="INSERT_OR_UPDATE"><element>assignment_group</element><position>11</position><sys_created_by>shweta.hegde@capgemini.com</sys_created_by><sys_created_on>2018-01-12 06:44:04</sys_created_on><sys_id>bc3f4e2adbab03002dfc78a6ae961976</sys_id><sys_mod_count>0</sys_mod_count><sys_ui_formatter/><sys_ui_section caption="NULL" display_value="" name="problem" sys_domain="409c30addb8e8f0066e6f2f5ab9619e3" view="Default view">89a63bc9db9bcb402dfc78a6ae96199e</sys_ui_section><sys_updated_by>shweta.hegde@capgemini.com</sys_updated_by><sys_updated_on>2018-01-12 06:44:04</sys_updated_on><sys_user/><type/></sys_ui_element><sys_ui_element action="INSERT_OR_UPDATE"><element>assigned_to</element><position>12</position><sys_created_by>shweta.hegde@capgemini.com</sys_created_by><sys_created_on>2018-01-12 06:44:04</sys_created_on><sys_id>303f4e2adbab03002dfc78a6ae961977</sys_id><sys_mod_count>0</sys_mod_count><sys_ui_formatter/><sys_ui_section caption="NULL" display_value="" name="problem" sys_domain="409c30addb8e8f0066e6f2f5ab9619e3" view="Default view">89a63bc9db9bcb402dfc78a6ae96199e</sys_ui_section><sys_updated_by>shweta.hegde@capgemini.com</sys_updated_by><sys_updated_on>2018-01-12 06:44:04</sys_updated_on><sys_user/><type/></sys_ui_element><sys_ui_element action="INSERT_OR_UPDATE"><element>.end_split</element><position>13</position><sys_created_by>shweta.hegde@capgemini.com</sys_created_by><sys_created_on>2018-01-12 06:44:04</sys_created_on><sys_id>b03f4e2adbab03002dfc78a6ae961977</sys_id><sys_mod_count>0</sys_mod_count><sys_ui_formatter/><sys_ui_section caption="NULL" display_value="" name="problem" sys_domain="409c30addb8e8f0066e6f2f5ab9619e3" view="Default view">89a63bc9db9bcb402dfc78a6ae96199e</sys_ui_section><sys_updated_by>shweta.hegde@capgemini.com</sys_updated_by><sys_updated_on>2018-01-12 06:44:04</sys_updated_on><sys_user/><type>.end_split</type></sys_ui_element><sys_ui_element action="INSERT_OR_UPDATE"><element>short_description</element><position>14</position><sys_created_by>shweta.hegde@capgemini.com</sys_created_by><sys_created_on>2018-01-12 06:44:04</sys_created_on><sys_id>343f4e2adbab03002dfc78a6ae961977</sys_id><sys_mod_count>0</sys_mod_count><sys_ui_formatter/><sys_ui_section caption="NULL" display_value="" name="problem" sys_domain="409c30addb8e8f0066e6f2f5ab9619e3" view="Default view">89a63bc9db9bcb402dfc78a6ae96199e</sys_ui_section><sys_updated_by>shweta.hegde@capgemini.com</sys_updated_by><sys_updated_on>2018-01-12 06:44:04</sys_updated_on><sys_user/><type/></sys_ui_element><sys_ui_element action="INSERT_OR_UPDATE"><element>description</element><position>15</position><sys_created_by>shweta.hegde@capgemini.com</sys_created_by><sys_created_on>2018-01-12 06:44:04</sys_created_on><sys_id>b43f4e2adbab03002dfc78a6ae961977</sys_id><sys_mod_count>0</sys_mod_count><sys_ui_formatter/><sys_ui_section caption="NULL" display_value="" name="problem" sys_domain="409c30addb8e8f0066e6f2f5ab9619e3" view="Default view">89a63bc9db9bcb402dfc78a6ae96199e</sys_ui_section><sys_updated_by>shweta.hegde@capgemini.com</sys_updated_by><sys_updated_on>2018-01-12 06:44:04</sys_updated_on><sys_user/><type/></sys_ui_element><sys_ui_element action="INSERT_OR_UPDATE"><element>close_notes</element><position>16</position><sys_created_by>shweta.hegde@capgemini.com</sys_created_by><sys_created_on>2018-01-12 06:44:04</sys_created_on><sys_id>383f4e2adbab03002dfc78a6ae961977</sys_id><sys_mod_count>0</sys_mod_count><sys_ui_formatter/><sys_ui_section caption="NULL" display_value="" name="problem" sys_domain="409c30addb8e8f0066e6f2f5ab9619e3" view="Default view">89a63bc9db9bcb402dfc78a6ae96199e</sys_ui_section><sys_updated_by>shweta.hegde@capgemini.com</sys_updated_by><sys_updated_on>2018-01-12 06:44:04</sys_updated_on><sys_user/><type/></sys_ui_element><sys_ui_element action="INSERT_OR_UPDATE"><element>work_around</element><position>17</position><sys_created_by>shweta.hegde@capgemini.com</sys_created_by><sys_created_on>2018-01-12 06:44:04</sys_created_on><sys_id>b83f4e2adbab03002dfc78a6ae961977</sys_id><sys_mod_count>0</sys_mod_count><sys_ui_formatter/><sys_ui_section caption="NULL" display_value="" name="problem" sys_domain="409c30addb8e8f0066e6f2f5ab9619e3" view="Default view">89a63bc9db9bcb402dfc78a6ae96199e</sys_ui_section><sys_updated_by>shweta.hegde@capgemini.com</sys_updated_by><sys_updated_on>2018-01-12 06:44:04</sys_updated_on><sys_user/><type/></sys_ui_element><sys_ui_element action="INSERT_OR_UPDATE"><element>work_notes</element><position>18</position><sys_created_by>shweta.hegde@capgemini.com</sys_created_by><sys_created_on>2018-01-12 06:44:04</sys_created_on><sys_id>3c3f4e2adbab03002dfc78a6ae961977</sys_id><sys_mod_count>0</sys_mod_count><sys_ui_formatter/><sys_ui_section caption="NULL" display_value="" name="problem" sys_domain="409c30addb8e8f0066e6f2f5ab9619e3" view="Default view">89a63bc9db9bcb402dfc78a6ae96199e</sys_ui_section><sys_updated_by>shweta.hegde@capgemini.com</sys_updated_by><sys_updated_on>2018-01-12 06:44:04</sys_updated_on><sys_user/><type/></sys_ui_element><sys_ui_element action="INSERT_OR_UPDATE"><element>u_a_w_root_cause_analysis</element><position>19</position><sys_created_by>shweta.hegde@capgemini.com</sys_created_by><sys_created_on>2018-01-12 06:44:04</sys_created_on><sys_id>bc3f4e2adbab03002dfc78a6ae961977</sys_id><sys_mod_count>0</sys_mod_count><sys_ui_formatter/><sys_ui_section caption="NULL" display_value="" name="problem" sys_domain="409c30addb8e8f0066e6f2f5ab9619e3" view="Default view">89a63bc9db9bcb402dfc78a6ae96199e</sys_ui_section><sys_updated_by>shweta.hegde@capgemini.com</sys_updated_by><sys_updated_on>2018-01-12 06:44:04</sys_updated_on><sys_user/><type/></sys_ui_element><sys_ui_element action="INSERT_OR_UPDATE"><element>activity.xml</element><position>20</position><sys_created_by>shweta.hegde@capgemini.com</sys_created_by><sys_created_on>2018-01-12 06:44:04</sys_created_on><sys_id>303f4e2adbab03002dfc78a6ae961978</sys_id><sys_mod_count>0</sys_mod_count><sys_ui_formatter display_value="Activities (filtered)">b832d3560a0001c700d781efe21e22f5</sys_ui_formatter><sys_ui_section caption="NULL" display_value="" name="problem" sys_domain="409c30addb8e8f0066e6f2f5ab9619e3" view="Default view">89a63bc9db9bcb402dfc78a6ae96199e</sys_ui_section><sys_updated_by>shweta.hegde@capgemini.com</sys_updated_by><sys_updated_on>2018-01-12 06:44:04</sys_updated_on><sys_user/><type>formatter</type></sys_ui_element><sys_ui_section action="INSERT_OR_UPDATE"><caption/><header>false</header><name>problem</name><roles/><sys_class_name>sys_ui_section</sys_class_name><sys_created_by>shweta.hegde@capgemini.com</sys_created_by><sys_created_on>2017-12-26 12:09:25</sys_created_on><sys_customer_update>false</sys_customer_update><sys_domain>409c30addb8e8f0066e6f2f5ab9619e3</sys_domain><sys_domain_path>!!!/!!D/</sys_domain_path><sys_id>89a63bc9db9bcb402dfc78a6ae96199e</sys_id><sys_mod_count>12</sys_mod_count><sys_name>problem</sys_name><sys_overrides caption="NULL" display_value="" name="problem" sys_domain="global" view="Default view">bfb81dc9c0a8000900127627db594210</sys_overrides><sys_package display_value="Global" source="global">global</sys_package><sys_policy/><sys_replace_on_upgrade>false</sys_replace_on_upgrade><sys_scope display_value="Global">global</sys_scope><sys_update_name>sys_ui_section_89a63bc9db9bcb402dfc78a6ae96199e</sys_update_name><sys_updated_by>shweta.hegde@capgemini.com</sys_updated_by><sys_updated_on>2018-01-12 06:44:04</sys_updated_on><sys_user/><title>true</title><view display_value="Default view" name="NULL">Default view</view><view_name/></sys_ui_section></sys_ui_section></record_update>]]></payload>
<remote_update_set display_value="A&amp;W Problem Management - SH - V3">dda5cbdfdb64dfc0a8a37dfdae96190e</remote_update_set>
<replace_on_upgrade>false</replace_on_upgrade>
<sys_created_by>shweta.hegde@capgemini.com</sys_created_by>
<sys_created_on>2018-03-05 11:40:10</sys_created_on>
<sys_id>95a5cbdfdb64dfc0a8a37dfdae961912</sys_id>
<sys_mod_count>0</sys_mod_count>
<sys_updated_by>shweta.hegde@capgemini.com</sys_updated_by>
<sys_updated_on>2018-03-05 11:40:10</sys_updated_on>
<table>problem</table>
<target_name>Problem</target_name>
<type>Form Layout</type>
<update_domain>409c30addb8e8f0066e6f2f5ab9619e3</update_domain>
<update_set display_value=""/>
<view/>
</sys_update_xml>
<sys_update_xml action="INSERT_OR_UPDATE">
<action>INSERT_OR_UPDATE</action>
<application display_value="Global">global</application>
<category>customer</category>
<comments/>
<name>sys_ui_policy_action_36df866adbab03002dfc78a6ae9619f1</name>
<payload><![CDATA[<?xml version="1.0" encoding="UTF-8"?><record_update table="sys_ui_policy_action"><sys_ui_policy_action action="INSERT_OR_UPDATE"><disabled>ignore</disabled><field>rfc</field><mandatory>true</mandatory><sys_class_name>sys_ui_policy_action</sys_class_name><sys_created_by>shweta.hegde@capgemini.com</sys_created_by><sys_created_on>2018-01-12 06:47:25</sys_created_on><sys_customer_update>true</sys_customer_update><sys_id>36df866adbab03002dfc78a6ae9619f1</sys_id><sys_mod_count>0</sys_mod_count><sys_name>rfc</sys_name><sys_package display_value="Global" source="global">global</sys_package><sys_policy/><sys_replace_on_upgrade>false</sys_replace_on_upgrade><sys_scope display_value="Global">global</sys_scope><sys_update_name>sys_ui_policy_action_36df866adbab03002dfc78a6ae9619f1</sys_update_name><sys_updated_by>shweta.hegde@capgemini.com</sys_updated_by><sys_updated_on>2018-01-12 06:47:25</sys_updated_on><table>problem</table><ui_policy display_value="Make RFC mandatory when Problem state is Waiting for Change A&amp;W">c97f826adbab03002dfc78a6ae961906</ui_policy><visible>ignore</visible></sys_ui_policy_action></record_update>]]></payload>
<remote_update_set display_value="A&amp;W Problem Management - SH - V3">dda5cbdfdb64dfc0a8a37dfdae96190e</remote_update_set>
<replace_on_upgrade>false</replace_on_upgrade>
<sys_created_by>shweta.hegde@capgemini.com</sys_created_by>
<sys_created_on>2018-03-05 11:40:10</sys_created_on>
<sys_id>99a5cbdfdb64dfc0a8a37dfdae961911</sys_id>
<sys_mod_count>0</sys_mod_count>
<sys_updated_by>shweta.hegde@capgemini.com</sys_updated_by>
<sys_updated_on>2018-03-05 11:40:10</sys_updated_on>
<table>problem</table>
<target_name>rfc</target_name>
<type>UI Policy Action</type>
<update_domain/>
<update_set display_value=""/>
<view/>
</sys_update_xml>
<sys_update_xml action="INSERT_OR_UPDATE">
<action>INSERT_OR_UPDATE</action>
<application display_value="Global">global</application>
<category>customer</category>
<comments/>
<name>sys_ui_action_7484492fdbc383c0a8a37dfdae96195e</name>
<payload>&lt;?xml version="1.0" encoding="UTF-8"?&gt;&lt;record_update sys_domain="409c30addb8e8f0066e6f2f5ab9619e3" table="sys_ui_action"&gt;&lt;sys_ui_action action="INSERT_OR_UPDATE"&gt;&lt;action_name/&gt;&lt;active&gt;true&lt;/active&gt;&lt;client&gt;false&lt;/client&gt;&lt;comments/&gt;&lt;condition/&gt;&lt;form_action&gt;true&lt;/form_action&gt;&lt;form_button&gt;false&lt;/form_button&gt;&lt;form_context_menu&gt;true&lt;/form_context_menu&gt;&lt;form_link&gt;false&lt;/form_link&gt;&lt;hint/&gt;&lt;list_action&gt;false&lt;/list_action&gt;&lt;list_banner_button&gt;false&lt;/list_banner_button&gt;&lt;list_button&gt;false&lt;/list_button&gt;&lt;list_choice&gt;false&lt;/list_choice&gt;&lt;list_context_menu&gt;false&lt;/list_context_menu&gt;&lt;list_link&gt;false&lt;/list_link&gt;&lt;list_save_with_form_button&gt;false&lt;/list_save_with_form_button&gt;&lt;name&gt;Close Incidents&lt;/name&gt;&lt;onclick/&gt;&lt;order&gt;100&lt;/order&gt;&lt;script&gt;&lt;![CDATA[var incident = new GlideRecord("incident");
incident.addQuery("problem_id", "=", current.sys_id);
incident.addQuery("incident_state", "=", 14);
incident.query();
while (incident.next()) {
    incident.incident_state.setValue( 7);
    incident.active.setValue(false);
    incident.update();
    gs.print("Incident " + incident.number + ' closed based on closure of problem '+current.number);
}]]&gt;&lt;/script&gt;&lt;show_insert&gt;true&lt;/show_insert&gt;&lt;show_multiple_update&gt;false&lt;/show_multiple_update&gt;&lt;show_query&gt;false&lt;/show_query&gt;&lt;show_update&gt;true&lt;/show_update&gt;&lt;sys_class_name&gt;sys_ui_action&lt;/sys_class_name&gt;&lt;sys_created_by&gt;shweta.hegde@capgemini.com&lt;/sys_created_by&gt;&lt;sys_created_on&gt;2017-12-21 07:20:16&lt;/sys_created_on&gt;&lt;sys_customer_update&gt;true&lt;/sys_customer_update&gt;&lt;sys_domain&gt;409c30addb8e8f0066e6f2f5ab9619e3&lt;/sys_domain&gt;&lt;sys_domain_path&gt;!!!/!!D/&lt;/sys_domain_path&gt;&lt;sys_id&gt;7484492fdbc383c0a8a37dfdae96195e&lt;/sys_id&gt;&lt;sys_mod_count&gt;3&lt;/sys_mod_count&gt;&lt;sys_name&gt;Close Incidents&lt;/sys_name&gt;&lt;sys_overrides display_value="Close Incidents"&gt;fc8b2c66c0a8000900f7bf2dc94a690a&lt;/sys_overrides&gt;&lt;sys_package display_value="Global" source="global"&gt;global&lt;/sys_package&gt;&lt;sys_policy/&gt;&lt;sys_replace_on_upgrade&gt;false&lt;/sys_replace_on_upgrade&gt;&lt;sys_scope display_value="Global"&gt;global&lt;/sys_scope&gt;&lt;sys_update_name&gt;sys_ui_action_7484492fdbc383c0a8a37dfdae96195e&lt;/sys_update_name&gt;&lt;sys_updated_by&gt;shweta.hegde@capgemini.com&lt;/sys_updated_by&gt;&lt;sys_updated_on&gt;2018-01-09 06:47:41&lt;/sys_updated_on&gt;&lt;table&gt;problem&lt;/table&gt;&lt;u_relate/&gt;&lt;u_relate_table/&gt;&lt;ui11_compatible&gt;true&lt;/ui11_compatible&gt;&lt;ui16_compatible&gt;false&lt;/ui16_compatible&gt;&lt;/sys_ui_action&gt;&lt;/record_update&gt;</payload>
<remote_update_set display_value="A&amp;W Problem Management - SH - V3">dda5cbdfdb64dfc0a8a37dfdae96190e</remote_update_set>
<replace_on_upgrade>false</replace_on_upgrade>
<sys_created_by>shweta.hegde@capgemini.com</sys_created_by>
<sys_created_on>2018-03-05 11:40:10</sys_created_on>
<sys_id>9da5cbdfdb64dfc0a8a37dfdae961910</sys_id>
<sys_mod_count>0</sys_mod_count>
<sys_updated_by>shweta.hegde@capgemini.com</sys_updated_by>
<sys_updated_on>2018-03-05 11:40:10</sys_updated_on>
<table>problem</table>
<target_name>Close Incidents</target_name>
<type>UI Action</type>
<update_domain>409c30addb8e8f0066e6f2f5ab9619e3</update_domain>
<update_set display_value=""/>
<view/>
</sys_update_xml>
<sys_update_xml action="INSERT_OR_UPDATE">
<action>INSERT_OR_UPDATE</action>
<application display_value="Global">global</application>
<category>customer</category>
<comments/>
<name>contract_sla_210eb70adbff0340a8a37dfdae9619c8</name>
<payload><![CDATA[<?xml version="1.0" encoding="UTF-8"?><record_update sys_domain="409c30addb8e8f0066e6f2f5ab9619e3" table="contract_sla"><contract_sla action="INSERT_OR_UPDATE"><active>true</active><cancel_condition/><collection>problem</collection><condition_class/><duration>1970-01-11 00:00:00</duration><duration_type/><enable_logging>false</enable_logging><name> Resolution SLA: Priority 3 A&amp;W(10 Days)</name><pause_condition table="problem">problem_state=3^EQ<item endquery="false" field="problem_state" goto="false" newquery="false" operator="=" or="false" value="3"/><item endquery="true" field="" goto="false" newquery="false" operator="=" or="false" value=""/></pause_condition><relative_duration_works_on>Task record</relative_duration_works_on><reset_condition/><resume_condition/><retroactive>false</retroactive><retroactive_pause>true</retroactive_pause><schedule display_value="8-5 weekdays">08fcd0830a0a0b2600079f56b1adb9ae</schedule><schedule_source>sla_definition</schedule_source><schedule_source_field/><set_start_to>approval_set</set_start_to><start_condition table="problem">active=true^priority=3^assignment_groupISNOTEMPTY^assigned_toISNOTEMPTY^EQ<item endquery="false" field="active" goto="false" newquery="false" operator="=" or="false" value="true"/><item endquery="false" field="priority" goto="false" newquery="false" operator="=" or="false" value="3"/><item endquery="false" field="assignment_group" goto="false" newquery="false" operator="ISNOTEMPTY" or="false" value=""/><item endquery="false" field="assigned_to" goto="false" newquery="false" operator="ISNOTEMPTY" or="false" value=""/><item endquery="true" field="" goto="false" newquery="false" operator="=" or="false" value=""/></start_condition><stop_condition table="problem">problem_state=4^EQ<item endquery="false" field="problem_state" goto="false" newquery="false" operator="=" or="false" value="4"/><item endquery="true" field="" goto="false" newquery="false" operator="=" or="false" value=""/></stop_condition><sys_class_name>contract_sla</sys_class_name><sys_created_by>lakshmi.kalatippi</sys_created_by><sys_created_on>2018-01-23 11:49:29</sys_created_on><sys_customer_update>true</sys_customer_update><sys_domain>409c30addb8e8f0066e6f2f5ab9619e3</sys_domain><sys_domain_path/><sys_id>210eb70adbff0340a8a37dfdae9619c8</sys_id><sys_mod_count>0</sys_mod_count><sys_name> Resolution SLA: Priority 3 A&amp;W(10 Days)</sys_name><sys_overrides/><sys_package display_value="Global" source="global">global</sys_package><sys_policy/><sys_replace_on_upgrade>false</sys_replace_on_upgrade><sys_scope display_value="Global">global</sys_scope><sys_update_name>contract_sla_210eb70adbff0340a8a37dfdae9619c8</sys_update_name><sys_updated_by>lakshmi.kalatippi</sys_updated_by><sys_updated_on>2018-01-23 11:49:29</sys_updated_on><timezone/><timezone_source>task.caller_id.time_zone</timezone_source><type>SLA</type><u_ajg_sla_type/><u_group/><u_item/><u_vendor/><when_to_cancel>no_match</when_to_cancel><when_to_resume>no_match</when_to_resume><workflow display_value="Default SLA workflow">4b6570360a0a0b3000bbacab877713f2</workflow></contract_sla></record_update>]]></payload>
<remote_update_set display_value="A&amp;W Problem Management - SH - V3">dda5cbdfdb64dfc0a8a37dfdae96190e</remote_update_set>
<replace_on_upgrade>false</replace_on_upgrade>
<sys_created_by>shweta.hegde@capgemini.com</sys_created_by>
<sys_created_on>2018-03-05 11:40:10</sys_created_on>
<sys_id>d1a5cbdfdb64dfc0a8a37dfdae96190f</sys_id>
<sys_mod_count>0</sys_mod_count>
<sys_updated_by>shweta.hegde@capgemini.com</sys_updated_by>
<sys_updated_on>2018-03-05 11:40:10</sys_updated_on>
<table>problem</table>
<target_name> Resolution SLA: Priority 3 A&amp;W(10 Days)</target_name>
<type>SLA Definition</type>
<update_domain>409c30addb8e8f0066e6f2f5ab9619e3</update_domain>
<update_set display_value=""/>
<view/>
</sys_update_xml>
<sys_update_xml action="INSERT_OR_UPDATE">
<action>INSERT_OR_UPDATE</action>
<application display_value="Global">global</application>
<category>customer</category>
<comments/>
<name>sys_ui_related_problem_null_409c30addb8e8f0066e6f2f5ab9619e3</name>
<payload><![CDATA[<?xml version="1.0" encoding="UTF-8"?><record_update><sys_ui_related sys_domain="409c30addb8e8f0066e6f2f5ab9619e3" table="problem" version="2" view=""><sys_ui_related_list_entry action="INSERT_OR_UPDATE"><filter/><list_id display_value="Problem - Default view" name="problem" related_list="NULL" sys_domain="409c30addb8e8f0066e6f2f5ab9619e3" view="Default view">d6e0c0dadbff0340a8a37dfdae96190a</list_id><order_by/><position>0</position><related_list>incident.problem_id</related_list><sys_class_name>sys_ui_related_list_entry</sys_class_name><sys_created_by>lakshmi.kalatippi</sys_created_by><sys_created_on>2018-01-23 11:59:37</sys_created_on><sys_id>96e0c0dadbff0340a8a37dfdae96190b</sys_id><sys_mod_count>0</sys_mod_count><sys_updated_by>lakshmi.kalatippi</sys_updated_by><sys_updated_on>2018-01-23 11:59:37</sys_updated_on></sys_ui_related_list_entry><sys_ui_related_list_entry action="INSERT_OR_UPDATE"><filter/><list_id display_value="Problem - Default view" name="problem" related_list="NULL" sys_domain="409c30addb8e8f0066e6f2f5ab9619e3" view="Default view">d6e0c0dadbff0340a8a37dfdae96190a</list_id><order_by/><position>1</position><related_list>change_request.parent</related_list><sys_class_name>sys_ui_related_list_entry</sys_class_name><sys_created_by>lakshmi.kalatippi</sys_created_by><sys_created_on>2018-01-23 11:59:37</sys_created_on><sys_id>92e0c0dadbff0340a8a37dfdae96190c</sys_id><sys_mod_count>0</sys_mod_count><sys_updated_by>lakshmi.kalatippi</sys_updated_by><sys_updated_on>2018-01-23 11:59:37</sys_updated_on></sys_ui_related_list_entry><sys_ui_related_list_entry action="INSERT_OR_UPDATE"><filter/><list_id display_value="Problem - Default view" name="problem" related_list="NULL" sys_domain="409c30addb8e8f0066e6f2f5ab9619e3" view="Default view">d6e0c0dadbff0340a8a37dfdae96190a</list_id><order_by/><position>2</position><related_list>task_sla.task</related_list><sys_class_name>sys_ui_related_list_entry</sys_class_name><sys_created_by>lakshmi.kalatippi</sys_created_by><sys_created_on>2018-01-23 11:59:37</sys_created_on><sys_id>96e0c0dadbff0340a8a37dfdae96190c</sys_id><sys_mod_count>0</sys_mod_count><sys_updated_by>lakshmi.kalatippi</sys_updated_by><sys_updated_on>2018-01-23 11:59:37</sys_updated_on></sys_ui_related_list_entry><sys_ui_related_list action="INSERT_OR_UPDATE"><calculated_name>Problem - Default view</calculated_name><filter/><name>problem</name><order_by/><position/><related_list/><sys_class_name>sys_ui_related_list</sys_class_name><sys_created_by>lakshmi.kalatippi</sys_created_by><sys_created_on>2018-01-23 11:59:37</sys_created_on><sys_customer_update>true</sys_customer_update><sys_domain>409c30addb8e8f0066e6f2f5ab9619e3</sys_domain><sys_domain_path>!!!/!!D/</sys_domain_path><sys_id>d6e0c0dadbff0340a8a37dfdae96190a</sys_id><sys_mod_count>0</sys_mod_count><sys_name>Problem - Default view</sys_name><sys_package display_value="Global" source="global">global</sys_package><sys_policy/><sys_replace_on_upgrade>false</sys_replace_on_upgrade><sys_scope display_value="Global">global</sys_scope><sys_update_name>sys_ui_related_problem_null_409c30addb8e8f0066e6f2f5ab9619e3</sys_update_name><sys_updated_by>lakshmi.kalatippi</sys_updated_by><sys_updated_on>2018-01-23 11:59:37</sys_updated_on><sys_user/><view display_value="Default view" name="NULL">Default view</view><view_name/></sys_ui_related_list></sys_ui_related></record_update>]]></payload>
<remote_update_set display_value="A&amp;W Problem Management - SH - V3">dda5cbdfdb64dfc0a8a37dfdae96190e</remote_update_set>
<replace_on_upgrade>false</replace_on_upgrade>
<sys_created_by>shweta.hegde@capgemini.com</sys_created_by>
<sys_created_on>2018-03-05 11:40:10</sys_created_on>
<sys_id>d1a5cbdfdb64dfc0a8a37dfdae961912</sys_id>
<sys_mod_count>0</sys_mod_count>
<sys_updated_by>shweta.hegde@capgemini.com</sys_updated_by>
<sys_updated_on>2018-03-05 11:40:10</sys_updated_on>
<table>problem</table>
<target_name>Problem</target_name>
<type>Related Lists</type>
<update_domain>409c30addb8e8f0066e6f2f5ab9619e3</update_domain>
<update_set display_value=""/>
<view>Default view</view>
</sys_update_xml>
<sys_update_xml action="INSERT_OR_UPDATE">
<action>INSERT_OR_UPDATE</action>
<application display_value="Global">global</application>
<category>customer</category>
<comments/>
<name>sys_ui_policy_acc252dadba38300a8a37dfdae9619b1</name>
<payload>&lt;?xml version="1.0" encoding="UTF-8"?&gt;&lt;record_update sys_domain="409c30addb8e8f0066e6f2f5ab9619e3" table="sys_ui_policy"&gt;&lt;sys_ui_policy action="INSERT_OR_UPDATE"&gt;&lt;active&gt;true&lt;/active&gt;&lt;conditions table="problem"&gt;problem_state=4^EQ&lt;item endquery="false" field="problem_state" goto="false" newquery="false" operator="=" or="false" value="4"/&gt;&lt;item endquery="true" field="" goto="false" newquery="false" operator="=" or="false" value=""/&gt;&lt;/conditions&gt;&lt;description/&gt;&lt;global&gt;true&lt;/global&gt;&lt;inherit&gt;false&lt;/inherit&gt;&lt;model_id/&gt;&lt;model_table/&gt;&lt;on_load&gt;true&lt;/on_load&gt;&lt;order&gt;100&lt;/order&gt;&lt;reverse_if_false&gt;true&lt;/reverse_if_false&gt;&lt;run_scripts&gt;false&lt;/run_scripts&gt;&lt;script_false&gt;&lt;![CDATA[function onCondition() {

}]]&gt;&lt;/script_false&gt;&lt;script_true&gt;&lt;![CDATA[function onCondition() {

}]]&gt;&lt;/script_true&gt;&lt;set_values/&gt;&lt;short_description&gt;Make Root cause analysis  mandatory when state closed/resolved A&amp;amp;W&lt;/short_description&gt;&lt;sys_class_name&gt;sys_ui_policy&lt;/sys_class_name&gt;&lt;sys_created_by&gt;shweta.hegde@capgemini.com&lt;/sys_created_by&gt;&lt;sys_created_on&gt;2018-01-11 12:22:12&lt;/sys_created_on&gt;&lt;sys_customer_update&gt;true&lt;/sys_customer_update&gt;&lt;sys_domain&gt;409c30addb8e8f0066e6f2f5ab9619e3&lt;/sys_domain&gt;&lt;sys_domain_path&gt;!!!/!!D/&lt;/sys_domain_path&gt;&lt;sys_id&gt;acc252dadba38300a8a37dfdae9619b1&lt;/sys_id&gt;&lt;sys_mod_count&gt;1&lt;/sys_mod_count&gt;&lt;sys_name&gt;Make Root cause analysis  mandatory when state closed/resolved A&amp;amp;W&lt;/sys_name&gt;&lt;sys_overrides/&gt;&lt;sys_package display_value="Global" source="global"&gt;global&lt;/sys_package&gt;&lt;sys_policy/&gt;&lt;sys_replace_on_upgrade&gt;false&lt;/sys_replace_on_upgrade&gt;&lt;sys_scope display_value="Global"&gt;global&lt;/sys_scope&gt;&lt;sys_update_name&gt;sys_ui_policy_acc252dadba38300a8a37dfdae9619b1&lt;/sys_update_name&gt;&lt;sys_updated_by&gt;shweta.hegde@capgemini.com&lt;/sys_updated_by&gt;&lt;sys_updated_on&gt;2018-01-11 12:25:26&lt;/sys_updated_on&gt;&lt;table&gt;problem&lt;/table&gt;&lt;u_relate/&gt;&lt;u_relate_table/&gt;&lt;ui_type&gt;0&lt;/ui_type&gt;&lt;view/&gt;&lt;/sys_ui_policy&gt;&lt;/record_update&gt;</payload>
<remote_update_set display_value="A&amp;W Problem Management - SH - V3">dda5cbdfdb64dfc0a8a37dfdae96190e</remote_update_set>
<replace_on_upgrade>false</replace_on_upgrade>
<sys_created_by>shweta.hegde@capgemini.com</sys_created_by>
<sys_created_on>2018-03-05 11:40:10</sys_created_on>
<sys_id>d5a5cbdfdb64dfc0a8a37dfdae961911</sys_id>
<sys_mod_count>0</sys_mod_count>
<sys_updated_by>shweta.hegde@capgemini.com</sys_updated_by>
<sys_updated_on>2018-03-05 11:40:10</sys_updated_on>
<table>problem</table>
<target_name>Make Root cause analysis  mandatory when state closed/resolved A&amp;W</target_name>
<type>UI Policy</type>
<update_domain>409c30addb8e8f0066e6f2f5ab9619e3</update_domain>
<update_set display_value=""/>
<view/>
</sys_update_xml>
<sys_update_xml action="INSERT_OR_UPDATE">
<action>INSERT_OR_UPDATE</action>
<application display_value="Global">global</application>
<category>customer</category>
<comments/>
<name>sys_security_acl_role_c7669ef4db3b0b002dfc78a6ae961994</name>
<payload><![CDATA[<?xml version="1.0" encoding="UTF-8"?><record_update table="sys_security_acl_role"><sys_security_acl_role action="INSERT_OR_UPDATE"><sys_class_name>sys_security_acl_role</sys_class_name><sys_created_by>shweta.hegde@capgemini.com</sys_created_by><sys_created_on>2018-01-19 07:02:33</sys_created_on><sys_customer_update>true</sys_customer_update><sys_id>c7669ef4db3b0b002dfc78a6ae961994</sys_id><sys_mod_count>0</sys_mod_count><sys_name>.A&amp;W ITIL</sys_name><sys_package display_value="Global" source="global">global</sys_package><sys_policy/><sys_replace_on_upgrade>false</sys_replace_on_upgrade><sys_scope display_value="Global">global</sys_scope><sys_security_acl display_value="">95669238db3b0b002dfc78a6ae96191e</sys_security_acl><sys_update_name>sys_security_acl_role_c7669ef4db3b0b002dfc78a6ae961994</sys_update_name><sys_updated_by>shweta.hegde@capgemini.com</sys_updated_by><sys_updated_on>2018-01-19 07:02:33</sys_updated_on><sys_user_role display_value="A&amp;W ITIL" name="A&amp;W ITIL">f4bd3857db0b07402dfc78a6ae9619fc</sys_user_role><transaction_id/></sys_security_acl_role></record_update>]]></payload>
<remote_update_set display_value="A&amp;W Problem Management - SH - V3">dda5cbdfdb64dfc0a8a37dfdae96190e</remote_update_set>
<replace_on_upgrade>false</replace_on_upgrade>
<sys_created_by>shweta.hegde@capgemini.com</sys_created_by>
<sys_created_on>2018-03-05 11:40:10</sys_created_on>
<sys_id>d9a5cbdfdb64dfc0a8a37dfdae961910</sys_id>
<sys_mod_count>0</sys_mod_count>
<sys_updated_by>shweta.hegde@capgemini.com</sys_updated_by>
<sys_updated_on>2018-03-05 11:40:10</sys_updated_on>
<table>95669238db3b0b002dfc78a6ae96191e</table>
<target_name>.A&amp;W ITIL</target_name>
<type>Access Roles</type>
<update_domain/>
<update_set display_value=""/>
<view/>
</sys_update_xml>
<sys_update_xml action="INSERT_OR_UPDATE">
<action>INSERT_OR_UPDATE</action>
<application display_value="Global">global</application>
<category>customer</category>
<comments/>
<name>sys_script_client_1c6121dcdbbf4b00a8a37dfdae961909</name>
<payload>&lt;?xml version="1.0" encoding="UTF-8"?&gt;&lt;record_update sys_domain="409c30addb8e8f0066e6f2f5ab9619e3" table="sys_script_client"&gt;&lt;sys_script_client action="INSERT_OR_UPDATE"&gt;&lt;active&gt;true&lt;/active&gt;&lt;applies_extended&gt;false&lt;/applies_extended&gt;&lt;condition/&gt;&lt;description/&gt;&lt;field&gt;active&lt;/field&gt;&lt;global&gt;true&lt;/global&gt;&lt;messages/&gt;&lt;name&gt;Fields ReadOnly on state Closed/Resolved&lt;/name&gt;&lt;order/&gt;&lt;script&gt;&lt;![CDATA[function onLoad() {
   //Type appropriate comment here, and begin script below

   var state=g_form.getValue('problem_state');
	
  if(state == '4')                              
  {
	
		var fields = g_form.getEditableFields();
	    for (var x = 0; x &lt; fields.length; x++)
		{
		  //g_form.setReadOnly("short_description", true);
	  //g_form.setReadOnly('short_description',true);
		g_form.setReadOnly(fields[x], true);
		}
	  

  }
}]]&gt;&lt;/script&gt;&lt;sys_class_name&gt;sys_script_client&lt;/sys_class_name&gt;&lt;sys_created_by&gt;shweta.hegde@capgemini.com&lt;/sys_created_by&gt;&lt;sys_created_on&gt;2018-01-17 13:57:29&lt;/sys_created_on&gt;&lt;sys_customer_update&gt;true&lt;/sys_customer_update&gt;&lt;sys_domain&gt;409c30addb8e8f0066e6f2f5ab9619e3&lt;/sys_domain&gt;&lt;sys_domain_path/&gt;&lt;sys_id&gt;1c6121dcdbbf4b00a8a37dfdae961909&lt;/sys_id&gt;&lt;sys_mod_count&gt;0&lt;/sys_mod_count&gt;&lt;sys_name&gt;Fields ReadOnly on state Closed/Resolved&lt;/sys_name&gt;&lt;sys_overrides display_value=""&gt;global&lt;/sys_overrides&gt;&lt;sys_package display_value="Global" source="global"&gt;global&lt;/sys_package&gt;&lt;sys_policy/&gt;&lt;sys_replace_on_upgrade&gt;false&lt;/sys_replace_on_upgrade&gt;&lt;sys_scope display_value="Global"&gt;global&lt;/sys_scope&gt;&lt;sys_update_name&gt;sys_script_client_1c6121dcdbbf4b00a8a37dfdae961909&lt;/sys_update_name&gt;&lt;sys_updated_by&gt;shweta.hegde@capgemini.com&lt;/sys_updated_by&gt;&lt;sys_updated_on&gt;2018-01-17 13:57:29&lt;/sys_updated_on&gt;&lt;table&gt;problem&lt;/table&gt;&lt;type&gt;onLoad&lt;/type&gt;&lt;u_relate/&gt;&lt;u_relate_table/&gt;&lt;ui_type&gt;0&lt;/ui_type&gt;&lt;view/&gt;&lt;/sys_script_client&gt;&lt;/record_update&gt;</payload>
<remote_update_set display_value="A&amp;W Problem Management - SH - V3">dda5cbdfdb64dfc0a8a37dfdae96190e</remote_update_set>
<replace_on_upgrade>false</replace_on_upgrade>
<sys_created_by>shweta.hegde@capgemini.com</sys_created_by>
<sys_created_on>2018-03-05 11:40:10</sys_created_on>
<sys_id>dda5cbdfdb64dfc0a8a37dfdae96190f</sys_id>
<sys_mod_count>0</sys_mod_count>
<sys_updated_by>shweta.hegde@capgemini.com</sys_updated_by>
<sys_updated_on>2018-03-05 11:40:10</sys_updated_on>
<table>problem</table>
<target_name>Fields ReadOnly on state Closed/Resolved</target_name>
<type>Client Script</type>
<update_domain>409c30addb8e8f0066e6f2f5ab9619e3</update_domain>
<update_set display_value=""/>
<view/>
</sys_update_xml>
</unload>
