<?xml version="1.0" encoding="UTF-8"?>
<unload unload_date="2018-03-05 11:43:57">
<sys_remote_update_set action="INSERT_OR_UPDATE">
<application display_value="Global">global</application>
<application_name>Global</application_name>
<application_scope>global</application_scope>
<application_version/>
<collisions/>
<commit_date/>
<deleted/>
<description/>
<inserted/>
<name>A&amp;W Problem Management - SH - V6</name>
<origin_sys_id/>
<release_date/>
<remote_sys_id>66538617db4cd380a8a37dfdae9619a3</remote_sys_id>
<state>loaded</state>
<summary/>
<sys_class_name>sys_remote_update_set</sys_class_name>
<sys_created_by>shweta.hegde@capgemini.com</sys_created_by>
<sys_created_on>2018-03-05 11:43:56</sys_created_on>
<sys_id>2c864713dba4dfc0a8a37dfdae9619dc</sys_id>
<sys_mod_count>0</sys_mod_count>
<sys_updated_by>shweta.hegde@capgemini.com</sys_updated_by>
<sys_updated_on>2018-03-05 11:43:56</sys_updated_on>
<update_set display_value=""/>
<update_source display_value=""/>
<updated/>
</sys_remote_update_set>
<sys_update_xml action="INSERT_OR_UPDATE">
<action>INSERT_OR_UPDATE</action>
<application display_value="Global">global</application>
<category>customer</category>
<comments/>
<name>sys_choice_problem_problem_state</name>
<payload><![CDATA[<?xml version="1.0" encoding="UTF-8"?><record_update><sys_choice action="INSERT_OR_UPDATE" field="problem_state" table="problem" version="3"><sys_choice action="INSERT_OR_UPDATE"><dependent_value/><element>problem_state</element><hint/><inactive>false</inactive><label>Aberto</label><language>pt</language><name>problem</name><sequence>1</sequence><sys_created_by>sanaik</sys_created_by><sys_created_on>2017-11-01 15:46:45</sys_created_on><sys_domain>global</sys_domain><sys_domain_path>/</sys_domain_path><sys_id>90f895e7db8243002dfc78a6ae96199f</sys_id><sys_mod_count>0</sys_mod_count><sys_updated_by>sanaik</sys_updated_by><sys_updated_on>2017-11-01 15:46:45</sys_updated_on><u_mcd_dependent_category/><value>1</value></sys_choice><sys_choice action="INSERT_OR_UPDATE"><dependent_value/><element>problem_state</element><hint/><inactive>false</inactive><label>Abierto</label><language>es</language><name>problem</name><sequence>1</sequence><sys_created_by>maskaramitesh@gmail.com</sys_created_by><sys_created_on>2011-04-27 11:06:21</sys_created_on><sys_domain>global</sys_domain><sys_domain_path>/</sys_domain_path><sys_id>96a3678c0a0a3c6a0061c26a8cfa26db</sys_id><sys_mod_count>0</sys_mod_count><sys_updated_by>maskaramitesh@gmail.com</sys_updated_by><sys_updated_on>2011-04-27 11:06:21</sys_updated_on><u_mcd_dependent_category/><value>1</value></sys_choice><sys_choice action="INSERT_OR_UPDATE"><dependent_value/><element>problem_state</element><hint/><inactive>false</inactive><label>Aperto</label><language>it</language><name>problem</name><sequence>1</sequence><sys_created_by>ssarathkumar</sys_created_by><sys_created_on>2014-11-14 08:35:31</sys_created_on><sys_domain>global</sys_domain><sys_domain_path>/</sys_domain_path><sys_id>5c74ee7e109431004fc7e91af664c004</sys_id><sys_mod_count>0</sys_mod_count><sys_updated_by>ssarathkumar</sys_updated_by><sys_updated_on>2014-11-14 08:35:31</sys_updated_on><u_mcd_dependent_category/><value>1</value></sys_choice><sys_choice action="INSERT_OR_UPDATE"><dependent_value/><element>problem_state</element><hint/><inactive>false</inactive><label>Offen</label><language>de</language><name>problem</name><sequence>1</sequence><sys_created_by>ssarathkumar</sys_created_by><sys_created_on>2014-11-14 07:43:42</sys_created_on><sys_domain>global</sys_domain><sys_domain_path>/</sys_domain_path><sys_id>c598563620d83d00976cd5854792c376</sys_id><sys_mod_count>0</sys_mod_count><sys_updated_by>ssarathkumar</sys_updated_by><sys_updated_on>2014-11-14 07:43:42</sys_updated_on><u_mcd_dependent_category/><value>1</value></sys_choice><sys_choice action="INSERT_OR_UPDATE"><dependent_value/><element>problem_state</element><hint/><inactive>false</inactive><label>Open</label><language>en</language><name>problem</name><sequence>1</sequence><sys_created_by>glide.maint</sys_created_by><sys_created_on>2010-01-13 06:53:59</sys_created_on><sys_domain>global</sys_domain><sys_domain_path>/</sys_domain_path><sys_id>2675cbdd4a362306007af56d03d0516f</sys_id><sys_mod_count>0</sys_mod_count><sys_updated_by>glide.maint</sys_updated_by><sys_updated_on>2010-01-13 06:53:59</sys_updated_on><u_mcd_dependent_category/><value>1</value></sys_choice><sys_choice action="INSERT_OR_UPDATE"><dependent_value/><element>problem_state</element><hint/><inactive>false</inactive><label>Ouvert</label><language>fr</language><name>problem</name><sequence>1</sequence><sys_created_by>maskaramitesh@gmail.com</sys_created_by><sys_created_on>2011-04-28 08:15:27</sys_created_on><sys_domain>global</sys_domain><sys_domain_path>/</sys_domain_path><sys_id>9b2d497d0a0a3c6a01a25fbed61533c6</sys_id><sys_mod_count>0</sys_mod_count><sys_updated_by>maskaramitesh@gmail.com</sys_updated_by><sys_updated_on>2011-04-28 08:15:27</sys_updated_on><u_mcd_dependent_category/><value>1</value></sys_choice><sys_choice action="INSERT_OR_UPDATE"><dependent_value/><element>problem_state</element><hint/><inactive>false</inactive><label>Alteração Pendente</label><language>pt</language><name>problem</name><sequence>2</sequence><sys_created_by>sanaik</sys_created_by><sys_created_on>2017-11-01 15:46:45</sys_created_on><sys_domain>global</sys_domain><sys_domain_path>/</sys_domain_path><sys_id>d4f895e7db8243002dfc78a6ae9619a1</sys_id><sys_mod_count>0</sys_mod_count><sys_updated_by>sanaik</sys_updated_by><sys_updated_on>2017-11-01 15:46:45</sys_updated_on><u_mcd_dependent_category/><value>3</value></sys_choice><sys_choice action="INSERT_OR_UPDATE"><dependent_value/><element>problem_state</element><hint/><inactive>false</inactive><label>En attente de changement</label><language>fr</language><name>problem</name><sequence>2</sequence><sys_created_by>maskaramitesh@gmail.com</sys_created_by><sys_created_on>2011-04-28 08:15:27</sys_created_on><sys_domain>global</sys_domain><sys_domain_path>/</sys_domain_path><sys_id>9b2d49760a0a3c6a005ba8049fc29447</sys_id><sys_mod_count>0</sys_mod_count><sys_updated_by>maskaramitesh@gmail.com</sys_updated_by><sys_updated_on>2011-04-28 08:15:27</sys_updated_on><u_mcd_dependent_category/><value>3</value></sys_choice><sys_choice action="INSERT_OR_UPDATE"><dependent_value/><element>problem_state</element><hint/><inactive>false</inactive><label>In attesa di modifica</label><language>it</language><name>problem</name><sequence>2</sequence><sys_created_by>ssarathkumar</sys_created_by><sys_created_on>2014-11-14 08:35:31</sys_created_on><sys_domain>global</sys_domain><sys_domain_path>/</sys_domain_path><sys_id>d474ee7e109431004fc7e91af664c005</sys_id><sys_mod_count>0</sys_mod_count><sys_updated_by>ssarathkumar</sys_updated_by><sys_updated_on>2014-11-14 08:35:31</sys_updated_on><u_mcd_dependent_category/><value>3</value></sys_choice><sys_choice action="INSERT_OR_UPDATE"><dependent_value/><element>problem_state</element><hint/><inactive>false</inactive><label>Offene Änderung</label><language>de</language><name>problem</name><sequence>2</sequence><sys_created_by>ssarathkumar</sys_created_by><sys_created_on>2014-11-14 07:43:42</sys_created_on><sys_domain>global</sys_domain><sys_domain_path>/</sys_domain_path><sys_id>4198563620d83d00976cd5854792c377</sys_id><sys_mod_count>0</sys_mod_count><sys_updated_by>ssarathkumar</sys_updated_by><sys_updated_on>2014-11-14 07:43:42</sys_updated_on><u_mcd_dependent_category/><value>3</value></sys_choice><sys_choice action="INSERT_OR_UPDATE"><dependent_value/><element>problem_state</element><hint/><inactive>false</inactive><label>Pendiente de cambio</label><language>es</language><name>problem</name><sequence>2</sequence><sys_created_by>maskaramitesh@gmail.com</sys_created_by><sys_created_on>2011-04-27 11:06:21</sys_created_on><sys_domain>global</sys_domain><sys_domain_path>/</sys_domain_path><sys_id>96a367920a0a3c6a00901ebc17adc0f1</sys_id><sys_mod_count>0</sys_mod_count><sys_updated_by>maskaramitesh@gmail.com</sys_updated_by><sys_updated_on>2011-04-27 11:06:21</sys_updated_on><u_mcd_dependent_category/><value>3</value></sys_choice><sys_choice action="INSERT_OR_UPDATE"><dependent_value/><element>problem_state</element><hint/><inactive>false</inactive><label>Waiting for Change</label><language>en</language><name>problem</name><sequence>2</sequence><sys_created_by>glide.maint</sys_created_by><sys_created_on>2010-01-13 06:53:59</sys_created_on><sys_domain>global</sys_domain><sys_domain_path>/</sys_domain_path><sys_id>2675cbdd4a36230601908140f204d2f8</sys_id><sys_mod_count>1</sys_mod_count><sys_updated_by>Rajesh.Bagwe@churchdwight.com</sys_updated_by><sys_updated_on>2010-06-29 14:46:38</sys_updated_on><u_mcd_dependent_category/><value>3</value></sys_choice><sys_choice action="INSERT_OR_UPDATE"><dependent_value/><element>problem_state</element><hint/><inactive>false</inactive><label>In progress</label><language>en</language><name>problem</name><sequence>2</sequence><sys_created_by>milind.harmalkar@patni.com</sys_created_by><sys_created_on>2010-04-20 06:34:44</sys_created_on><sys_domain>global</sys_domain><sys_domain_path>/</sys_domain_path><sys_id>19ecd0967f0000010124630f98b5c3d2</sys_id><sys_mod_count>1</sys_mod_count><sys_updated_by>rashi.kulshreshtha@capgemini.com</sys_updated_by><sys_updated_on>2016-09-28 11:56:49</sys_updated_on><u_mcd_dependent_category/><value>5</value></sys_choice><sys_choice action="INSERT_OR_UPDATE"><dependent_value/><element>problem_state</element><hint/><inactive>true</inactive><label>Bekannter Fehler</label><language>de</language><name>problem</name><sequence>3</sequence><sys_created_by>ssarathkumar</sys_created_by><sys_created_on>2014-11-14 07:43:42</sys_created_on><sys_domain>global</sys_domain><sys_domain_path>/</sys_domain_path><sys_id>c998563620d83d00976cd5854792c377</sys_id><sys_mod_count>0</sys_mod_count><sys_updated_by>ssarathkumar</sys_updated_by><sys_updated_on>2014-11-14 07:43:42</sys_updated_on><u_mcd_dependent_category/><value>2</value></sys_choice><sys_choice action="INSERT_OR_UPDATE"><dependent_value/><element>problem_state</element><hint/><inactive>false</inactive><label>Erreur connue</label><language>fr</language><name>problem</name><sequence>3</sequence><sys_created_by>maskaramitesh@gmail.com</sys_created_by><sys_created_on>2011-04-28 08:15:27</sys_created_on><sys_domain>global</sys_domain><sys_domain_path>/</sys_domain_path><sys_id>9b2d497a0a0a3c6a0075ad9c4f1552d8</sys_id><sys_mod_count>0</sys_mod_count><sys_updated_by>maskaramitesh@gmail.com</sys_updated_by><sys_updated_on>2011-04-28 08:15:27</sys_updated_on><u_mcd_dependent_category/><value>2</value></sys_choice><sys_choice action="INSERT_OR_UPDATE"><dependent_value/><element>problem_state</element><hint/><inactive>true</inactive><label>Erro Conhecido</label><language>pt</language><name>problem</name><sequence>3</sequence><sys_created_by>sanaik</sys_created_by><sys_created_on>2017-11-01 15:46:45</sys_created_on><sys_domain>global</sys_domain><sys_domain_path>/</sys_domain_path><sys_id>5cf895e7db8243002dfc78a6ae96199c</sys_id><sys_mod_count>0</sys_mod_count><sys_updated_by>sanaik</sys_updated_by><sys_updated_on>2017-11-01 15:46:45</sys_updated_on><u_mcd_dependent_category/><value>2</value></sys_choice><sys_choice action="INSERT_OR_UPDATE"><dependent_value/><element>problem_state</element><hint/><inactive>false</inactive><label>Error conocido</label><language>es</language><name>problem</name><sequence>3</sequence><sys_created_by>maskaramitesh@gmail.com</sys_created_by><sys_created_on>2011-04-27 11:06:21</sys_created_on><sys_domain>global</sys_domain><sys_domain_path>/</sys_domain_path><sys_id>96a3678f0a0a3c6a016c3637180ad2e2</sys_id><sys_mod_count>0</sys_mod_count><sys_updated_by>maskaramitesh@gmail.com</sys_updated_by><sys_updated_on>2011-04-27 11:06:21</sys_updated_on><u_mcd_dependent_category/><value>2</value></sys_choice><sys_choice action="INSERT_OR_UPDATE"><dependent_value/><element>problem_state</element><hint/><inactive>true</inactive><label>Errore noto</label><language>it</language><name>problem</name><sequence>3</sequence><sys_created_by>ssarathkumar</sys_created_by><sys_created_on>2014-11-14 08:35:31</sys_created_on><sys_domain>global</sys_domain><sys_domain_path>/</sys_domain_path><sys_id>5074ee7e109431004fc7e91af664c006</sys_id><sys_mod_count>0</sys_mod_count><sys_updated_by>ssarathkumar</sys_updated_by><sys_updated_on>2014-11-14 08:35:31</sys_updated_on><u_mcd_dependent_category/><value>2</value></sys_choice><sys_choice action="INSERT_OR_UPDATE"><dependent_value/><element>problem_state</element><hint/><inactive>false</inactive><label>Known Error</label><language>en</language><name>problem</name><sequence>3</sequence><sys_created_by>glide.maint</sys_created_by><sys_created_on>2010-01-13 06:53:59</sys_created_on><sys_domain>global</sys_domain><sys_domain_path>/</sys_domain_path><sys_id>2675cbdd4a362306008703e08c4d964f</sys_id><sys_mod_count>0</sys_mod_count><sys_updated_by>glide.maint</sys_updated_by><sys_updated_on>2010-01-13 06:53:59</sys_updated_on><u_mcd_dependent_category/><value>2</value></sys_choice><sys_choice action="INSERT_OR_UPDATE"><dependent_value/><element>problem_state</element><hint/><inactive>false</inactive><label>Cerrado/resuelto</label><language>es</language><name>problem</name><sequence>4</sequence><sys_created_by>maskaramitesh@gmail.com</sys_created_by><sys_created_on>2011-04-27 11:06:21</sys_created_on><sys_domain>global</sys_domain><sys_domain_path>/</sys_domain_path><sys_id>96a367890a0a3c6a00b0222ffb38cd4a</sys_id><sys_mod_count>0</sys_mod_count><sys_updated_by>maskaramitesh@gmail.com</sys_updated_by><sys_updated_on>2011-04-27 11:06:21</sys_updated_on><u_mcd_dependent_category/><value>4</value></sys_choice><sys_choice action="INSERT_OR_UPDATE"><dependent_value/><element>problem_state</element><hint/><inactive>true</inactive><label>Chiuso/risolto</label><language>it</language><name>problem</name><sequence>4</sequence><sys_created_by>ssarathkumar</sys_created_by><sys_created_on>2014-11-14 08:35:31</sys_created_on><sys_domain>global</sys_domain><sys_domain_path>/</sys_domain_path><sys_id>d874ee7e109431004fc7e91af664c006</sys_id><sys_mod_count>0</sys_mod_count><sys_updated_by>ssarathkumar</sys_updated_by><sys_updated_on>2014-11-14 08:35:31</sys_updated_on><u_mcd_dependent_category/><value>4</value></sys_choice><sys_choice action="INSERT_OR_UPDATE"><dependent_value/><element>problem_state</element><hint/><inactive>false</inactive><label>Closed/Resolved</label><language>en</language><name>problem</name><sequence>4</sequence><sys_created_by>glide.maint</sys_created_by><sys_created_on>2010-01-13 06:53:59</sys_created_on><sys_domain>global</sys_domain><sys_domain_path>/</sys_domain_path><sys_id>2675cbdd4a3623060015ac39716991b9</sys_id><sys_mod_count>4</sys_mod_count><sys_updated_by>shetty.devika</sys_updated_by><sys_updated_on>2018-01-15 08:59:09</sys_updated_on><u_mcd_dependent_category/><value>4</value></sys_choice><sys_choice action="INSERT_OR_UPDATE"><dependent_value/><element>problem_state</element><hint/><inactive>true</inactive><label>Fechado/Resolvido</label><language>pt</language><name>problem</name><sequence>4</sequence><sys_created_by>sanaik</sys_created_by><sys_created_on>2017-11-01 15:46:45</sys_created_on><sys_domain>global</sys_domain><sys_domain_path>/</sys_domain_path><sys_id>1cf895e7db8243002dfc78a6ae9619a3</sys_id><sys_mod_count>0</sys_mod_count><sys_updated_by>sanaik</sys_updated_by><sys_updated_on>2017-11-01 15:46:45</sys_updated_on><u_mcd_dependent_category/><value>4</value></sys_choice><sys_choice action="INSERT_OR_UPDATE"><dependent_value/><element>problem_state</element><hint/><inactive>false</inactive><label>Fermé/résolu</label><language>fr</language><name>problem</name><sequence>4</sequence><sys_created_by>maskaramitesh@gmail.com</sys_created_by><sys_created_on>2011-04-28 08:15:27</sys_created_on><sys_domain>global</sys_domain><sys_domain_path>/</sys_domain_path><sys_id>9b2d496a0a0a3c6a01c572e9a8c94d65</sys_id><sys_mod_count>0</sys_mod_count><sys_updated_by>maskaramitesh@gmail.com</sys_updated_by><sys_updated_on>2011-04-28 08:15:27</sys_updated_on><u_mcd_dependent_category/><value>4</value></sys_choice><sys_choice action="INSERT_OR_UPDATE"><dependent_value/><element>problem_state</element><hint/><inactive>true</inactive><label>Geschlossen/Gelöst</label><language>de</language><name>problem</name><sequence>4</sequence><sys_created_by>ssarathkumar</sys_created_by><sys_created_on>2014-11-14 07:43:42</sys_created_on><sys_domain>global</sys_domain><sys_domain_path>/</sys_domain_path><sys_id>4598563620d83d00976cd5854792c378</sys_id><sys_mod_count>0</sys_mod_count><sys_updated_by>ssarathkumar</sys_updated_by><sys_updated_on>2014-11-14 07:43:42</sys_updated_on><u_mcd_dependent_category/><value>4</value></sys_choice><sys_choice action="INSERT_OR_UPDATE"><dependent_value/><element>problem_state</element><hint/><inactive>false</inactive><label>Open</label><language>en</language><name>problem</name><sequence>0</sequence><sys_created_by>shweta.hegde@capgemini.com</sys_created_by><sys_created_on>2017-11-20 09:21:16</sys_created_on><sys_domain>409c30addb8e8f0066e6f2f5ab9619e3</sys_domain><sys_domain_path>!!!/!!D/</sys_domain_path><sys_id>fae6fda9dba60b00a8a37dfdae961980</sys_id><sys_mod_count>0</sys_mod_count><sys_updated_by>shweta.hegde@capgemini.com</sys_updated_by><sys_updated_on>2017-11-20 09:21:16</sys_updated_on><u_mcd_dependent_category/><value>1</value></sys_choice><sys_choice action="INSERT_OR_UPDATE"><dependent_value/><element>problem_state</element><hint/><inactive>false</inactive><label>In progress</label><language>en</language><name>problem</name><sequence>1</sequence><sys_created_by>shweta.hegde@capgemini.com</sys_created_by><sys_created_on>2017-11-20 09:21:16</sys_created_on><sys_domain>409c30addb8e8f0066e6f2f5ab9619e3</sys_domain><sys_domain_path>!!!/!!D/</sys_domain_path><sys_id>32e6fda9dba60b00a8a37dfdae961983</sys_id><sys_mod_count>0</sys_mod_count><sys_updated_by>shweta.hegde@capgemini.com</sys_updated_by><sys_updated_on>2017-11-20 09:21:16</sys_updated_on><u_mcd_dependent_category/><value>5</value></sys_choice><sys_choice action="INSERT_OR_UPDATE"><dependent_value/><element>problem_state</element><hint/><inactive>false</inactive><label>Waiting for Change</label><language>en</language><name>problem</name><sequence>2</sequence><sys_created_by>shweta.hegde@capgemini.com</sys_created_by><sys_created_on>2017-11-20 09:21:16</sys_created_on><sys_domain>409c30addb8e8f0066e6f2f5ab9619e3</sys_domain><sys_domain_path>!!!/!!D/</sys_domain_path><sys_id>7ee6b1e9dba60b00a8a37dfdae96193d</sys_id><sys_mod_count>0</sys_mod_count><sys_updated_by>shweta.hegde@capgemini.com</sys_updated_by><sys_updated_on>2017-11-20 09:21:16</sys_updated_on><u_mcd_dependent_category/><value>3</value></sys_choice><sys_choice action="INSERT_OR_UPDATE"><dependent_value/><element>problem_state</element><hint/><inactive>false</inactive><label>Known Error</label><language>en</language><name>problem</name><sequence>3</sequence><sys_created_by>shweta.hegde@capgemini.com</sys_created_by><sys_created_on>2017-11-20 09:21:16</sys_created_on><sys_domain>409c30addb8e8f0066e6f2f5ab9619e3</sys_domain><sys_domain_path>!!!/!!D/</sys_domain_path><sys_id>b2e6b1e9dba60b00a8a37dfdae961940</sys_id><sys_mod_count>0</sys_mod_count><sys_updated_by>shweta.hegde@capgemini.com</sys_updated_by><sys_updated_on>2017-11-20 09:21:16</sys_updated_on><u_mcd_dependent_category/><value>2</value></sys_choice><sys_choice action="INSERT_OR_UPDATE"><dependent_value/><element>problem_state</element><hint/><inactive>false</inactive><label>Closed/Resolved</label><language>en</language><name>problem</name><sequence>4</sequence><sys_created_by>shweta.hegde@capgemini.com</sys_created_by><sys_created_on>2017-11-20 09:21:16</sys_created_on><sys_domain>409c30addb8e8f0066e6f2f5ab9619e3</sys_domain><sys_domain_path>!!!/!!D/</sys_domain_path><sys_id>f6e6b1e9dba60b00a8a37dfdae961942</sys_id><sys_mod_count>0</sys_mod_count><sys_updated_by>shweta.hegde@capgemini.com</sys_updated_by><sys_updated_on>2017-11-20 09:21:16</sys_updated_on><u_mcd_dependent_category/><value>4</value></sys_choice><sys_choice action="INSERT_OR_UPDATE"><dependent_value/><element>problem_state</element><hint/><inactive>false</inactive><label>Cancelled</label><language>en</language><name>problem</name><sequence>5</sequence><sys_created_by>shweta.hegde@capgemini.com</sys_created_by><sys_created_on>2018-01-25 04:58:25</sys_created_on><sys_domain>409c30addb8e8f0066e6f2f5ab9619e3</sys_domain><sys_domain_path>!!!/!!D/</sys_domain_path><sys_id>48b3bc32db37cf002dfc78a6ae9619f6</sys_id><sys_mod_count>1</sys_mod_count><sys_updated_by>shweta.hegde@capgemini.com</sys_updated_by><sys_updated_on>2018-02-08 10:21:36</sys_updated_on><u_mcd_dependent_category/><value>6</value></sys_choice><sys_choice action="INSERT_OR_UPDATE"><dependent_value/><element>problem_state</element><hint/><inactive>false</inactive><label>Open</label><language>en</language><name>problem</name><sequence>0</sequence><sys_created_by>vishalsave</sys_created_by><sys_created_on>2014-02-17 17:19:18</sys_created_on><sys_domain>e8d7facdc8fc60c08c701ef74cf40de1</sys_domain><sys_domain_path>!!!/!!9/</sys_domain_path><sys_id>581f758049cb5940a9faac0d7a51f2e3</sys_id><sys_mod_count>0</sys_mod_count><sys_updated_by>vishalsave</sys_updated_by><sys_updated_on>2014-02-17 17:19:18</sys_updated_on><u_mcd_dependent_category/><value>1</value></sys_choice><sys_choice action="INSERT_OR_UPDATE"><dependent_value/><element>problem_state</element><hint/><inactive>true</inactive><label>Closed/Resolved</label><language>en</language><name>problem</name><sequence>0</sequence><sys_created_by>vishalsave</sys_created_by><sys_created_on>2014-02-17 17:19:18</sys_created_on><sys_domain>e8d7facdc8fc60c08c701ef74cf40de1</sys_domain><sys_domain_path>!!!/!!9/</sys_domain_path><sys_id>501f758049cb5940a9faac0d7a51f2e5</sys_id><sys_mod_count>0</sys_mod_count><sys_updated_by>vishalsave</sys_updated_by><sys_updated_on>2014-02-17 17:19:18</sys_updated_on><u_mcd_dependent_category/><value>4</value></sys_choice><sys_choice action="INSERT_OR_UPDATE"><dependent_value/><element>problem_state</element><hint/><inactive>false</inactive><label>Work in Progress</label><language>en</language><name>problem</name><sequence>1</sequence><sys_created_by>vishalsave</sys_created_by><sys_created_on>2014-02-18 13:47:40</sys_created_on><sys_domain>e8d7facdc8fc60c08c701ef74cf40de1</sys_domain><sys_domain_path>!!!/!!9/</sys_domain_path><sys_id>f538da1449cb1d40a9faac0d7a51f23c</sys_id><sys_mod_count>0</sys_mod_count><sys_updated_by>vishalsave</sys_updated_by><sys_updated_on>2014-02-18 13:47:40</sys_updated_on><u_mcd_dependent_category/><value>8</value></sys_choice><sys_choice action="INSERT_OR_UPDATE"><dependent_value/><element>problem_state</element><hint/><inactive>false</inactive><label>Pending</label><language>en</language><name>problem</name><sequence>2</sequence><sys_created_by>vishalsave</sys_created_by><sys_created_on>2014-02-17 17:19:18</sys_created_on><sys_domain>e8d7facdc8fc60c08c701ef74cf40de1</sys_domain><sys_domain_path>!!!/!!9/</sys_domain_path><sys_id>901f758049cb5940a9faac0d7a51f2e4</sys_id><sys_mod_count>2</sys_mod_count><sys_updated_by>vishalsave</sys_updated_by><sys_updated_on>2014-02-18 13:47:40</sys_updated_on><u_mcd_dependent_category/><value>3</value></sys_choice><sys_choice action="INSERT_OR_UPDATE"><dependent_value/><element>problem_state</element><hint/><inactive>false</inactive><label>Known Error</label><language>en</language><name>problem</name><sequence>3</sequence><sys_created_by>vishalsave</sys_created_by><sys_created_on>2014-02-17 17:19:18</sys_created_on><sys_domain>e8d7facdc8fc60c08c701ef74cf40de1</sys_domain><sys_domain_path>!!!/!!9/</sys_domain_path><sys_id>d41f758049cb5940a9faac0d7a51f2e4</sys_id><sys_mod_count>3</sys_mod_count><sys_updated_by>vishalsave</sys_updated_by><sys_updated_on>2014-02-18 13:47:40</sys_updated_on><u_mcd_dependent_category/><value>2</value></sys_choice><sys_choice action="INSERT_OR_UPDATE"><dependent_value/><element>problem_state</element><hint/><inactive>false</inactive><label>Resolved</label><language>en</language><name>problem</name><sequence>4</sequence><sys_created_by>vishalsave</sys_created_by><sys_created_on>2014-02-17 17:20:20</sys_created_on><sys_domain>e8d7facdc8fc60c08c701ef74cf40de1</sys_domain><sys_domain_path>!!!/!!9/</sys_domain_path><sys_id>a74ff9c049cb5940a9faac0d7a51f252</sys_id><sys_mod_count>1</sys_mod_count><sys_updated_by>vishalsave</sys_updated_by><sys_updated_on>2014-02-18 13:47:40</sys_updated_on><u_mcd_dependent_category/><value>6</value></sys_choice><sys_choice action="INSERT_OR_UPDATE"><dependent_value/><element>problem_state</element><hint/><inactive>false</inactive><label>Cancelled</label><language>en</language><name>problem</name><sequence>5</sequence><sys_created_by>vishalsave</sys_created_by><sys_created_on>2014-02-26 17:48:51</sys_created_on><sys_domain>e8d7facdc8fc60c08c701ef74cf40de1</sys_domain><sys_domain_path>!!!/!!9/</sys_domain_path><sys_id>052cd08f4d4719c4976ceffb6b67f75d</sys_id><sys_mod_count>0</sys_mod_count><sys_updated_by>vishalsave</sys_updated_by><sys_updated_on>2014-02-26 17:48:51</sys_updated_on><u_mcd_dependent_category/><value>9</value></sys_choice><sys_choice action="INSERT_OR_UPDATE"><dependent_value/><element>problem_state</element><hint/><inactive>false</inactive><label>Closed</label><language>en</language><name>problem</name><sequence>6</sequence><sys_created_by>vishalsave</sys_created_by><sys_created_on>2014-02-17 17:19:18</sys_created_on><sys_domain>e8d7facdc8fc60c08c701ef74cf40de1</sys_domain><sys_domain_path>!!!/!!9/</sys_domain_path><sys_id>1c1f758049cb5940a9faac0d7a51f2e4</sys_id><sys_mod_count>3</sys_mod_count><sys_updated_by>vishalsave</sys_updated_by><sys_updated_on>2014-02-26 17:48:52</sys_updated_on><u_mcd_dependent_category/><value>5</value></sys_choice><sys_choice action="INSERT_OR_UPDATE"><dependent_value/><element>problem_state</element><hint/><inactive>false</inactive><label>Open</label><language>en</language><name>problem</name><sequence>0</sequence><sys_created_by>mercy.admin@igate.com</sys_created_by><sys_created_on>2015-03-09 15:22:08</sys_created_on><sys_domain>3062b5a10dc8854021c95abfbe6d57c3</sys_domain><sys_domain_path>!!!/!!;/</sys_domain_path><sys_id>69509804bdb2b1084d9d6cba3740cb87</sys_id><sys_mod_count>0</sys_mod_count><sys_updated_by>mercy.admin@igate.com</sys_updated_by><sys_updated_on>2015-03-09 15:22:08</sys_updated_on><u_mcd_dependent_category/><value>1</value></sys_choice><sys_choice action="INSERT_OR_UPDATE"><dependent_value/><element>problem_state</element><hint/><inactive>false</inactive><label>Waiting for Change</label><language>en</language><name>problem</name><sequence>1</sequence><sys_created_by>mercy.admin@igate.com</sys_created_by><sys_created_on>2015-03-09 15:22:08</sys_created_on><sys_domain>3062b5a10dc8854021c95abfbe6d57c3</sys_domain><sys_domain_path>!!!/!!;/</sys_domain_path><sys_id>a1509804bdb2b1084d9d6cba3740cb88</sys_id><sys_mod_count>0</sys_mod_count><sys_updated_by>mercy.admin@igate.com</sys_updated_by><sys_updated_on>2015-03-09 15:22:08</sys_updated_on><u_mcd_dependent_category/><value>3</value></sys_choice><sys_choice action="INSERT_OR_UPDATE"><dependent_value/><element>problem_state</element><hint/><inactive>false</inactive><label>Known Error</label><language>en</language><name>problem</name><sequence>2</sequence><sys_created_by>mercy.admin@igate.com</sys_created_by><sys_created_on>2015-03-09 15:22:08</sys_created_on><sys_domain>3062b5a10dc8854021c95abfbe6d57c3</sys_domain><sys_domain_path>!!!/!!;/</sys_domain_path><sys_id>69509804bdb2b1084d9d6cba3740cb88</sys_id><sys_mod_count>0</sys_mod_count><sys_updated_by>mercy.admin@igate.com</sys_updated_by><sys_updated_on>2015-03-09 15:22:08</sys_updated_on><u_mcd_dependent_category/><value>2</value></sys_choice><sys_choice action="INSERT_OR_UPDATE"><dependent_value/><element>problem_state</element><hint/><inactive>false</inactive><label>Closed/Resolved</label><language>en</language><name>problem</name><sequence>3</sequence><sys_created_by>mercy.admin@igate.com</sys_created_by><sys_created_on>2015-03-09 15:22:08</sys_created_on><sys_domain>3062b5a10dc8854021c95abfbe6d57c3</sys_domain><sys_domain_path>!!!/!!;/</sys_domain_path><sys_id>21509804bdb2b1084d9d6cba3740cb89</sys_id><sys_mod_count>0</sys_mod_count><sys_updated_by>mercy.admin@igate.com</sys_updated_by><sys_updated_on>2015-03-09 15:22:08</sys_updated_on><u_mcd_dependent_category/><value>4</value></sys_choice><sys_choice action="INSERT_OR_UPDATE"><dependent_value/><element>problem_state</element><hint/><inactive>false</inactive><label>Closed</label><language>en</language><name>problem</name><sequence>4</sequence><sys_created_by>mercy.admin@igate.com</sys_created_by><sys_created_on>2015-03-09 15:22:08</sys_created_on><sys_domain>3062b5a10dc8854021c95abfbe6d57c3</sys_domain><sys_domain_path>!!!/!!;/</sys_domain_path><sys_id>e5509804bdb2b1084d9d6cba3740cb89</sys_id><sys_mod_count>0</sys_mod_count><sys_updated_by>mercy.admin@igate.com</sys_updated_by><sys_updated_on>2015-03-09 15:22:08</sys_updated_on><u_mcd_dependent_category/><value>5</value></sys_choice><sys_choice action="INSERT_OR_UPDATE"><dependent_value/><element>problem_state</element><hint/><inactive>false</inactive><label>Development</label><language>en</language><name>problem</name><sequence>5</sequence><sys_created_by>mercy.admin@igate.com</sys_created_by><sys_created_on>2015-03-09 15:22:08</sys_created_on><sys_domain>3062b5a10dc8854021c95abfbe6d57c3</sys_domain><sys_domain_path>!!!/!!;/</sys_domain_path><sys_id>61505884bdb2b1084d9d6cba3740cb32</sys_id><sys_mod_count>0</sys_mod_count><sys_updated_by>mercy.admin@igate.com</sys_updated_by><sys_updated_on>2015-03-09 15:22:08</sys_updated_on><u_mcd_dependent_category/><value>10</value></sys_choice><sys_choice action="INSERT_OR_UPDATE"><dependent_value/><element>problem_state</element><hint/><inactive>false</inactive><label>QA</label><language>en</language><name>problem</name><sequence>6</sequence><sys_created_by>mercy.admin@igate.com</sys_created_by><sys_created_on>2015-03-09 15:22:08</sys_created_on><sys_domain>3062b5a10dc8854021c95abfbe6d57c3</sys_domain><sys_domain_path>!!!/!!;/</sys_domain_path><sys_id>69505884bdb2b1084d9d6cba3740cb32</sys_id><sys_mod_count>0</sys_mod_count><sys_updated_by>mercy.admin@igate.com</sys_updated_by><sys_updated_on>2015-03-09 15:22:08</sys_updated_on><u_mcd_dependent_category/><value>12</value></sys_choice><sys_choice action="INSERT_OR_UPDATE"><dependent_value/><element>problem_state</element><hint/><inactive>false</inactive><label>Production</label><language>en</language><name>problem</name><sequence>7</sequence><sys_created_by>mercy.admin@igate.com</sys_created_by><sys_created_on>2015-03-09 15:22:08</sys_created_on><sys_domain>3062b5a10dc8854021c95abfbe6d57c3</sys_domain><sys_domain_path>!!!/!!;/</sys_domain_path><sys_id>61505884bdb2b1084d9d6cba3740cb33</sys_id><sys_mod_count>0</sys_mod_count><sys_updated_by>mercy.admin@igate.com</sys_updated_by><sys_updated_on>2015-03-09 15:22:08</sys_updated_on><u_mcd_dependent_category/><value>14</value></sys_choice><sys_choice action="INSERT_OR_UPDATE"><dependent_value/><element>problem_state</element><hint/><inactive>false</inactive><label>Open</label><language>en</language><name>problem</name><sequence>0</sequence><sys_created_by>parul.a.kapoor@capgemini.com</sys_created_by><sys_created_on>2017-06-16 11:35:39</sys_created_on><sys_domain>21efa219dbf6be00ced07749af961923</sys_domain><sys_domain_path>!!!/!!3/</sys_domain_path><sys_id>ec14f58fdb5f7e00a8a37dfdae961967</sys_id><sys_mod_count>2</sys_mod_count><sys_updated_by>parul.a.kapoor@capgemini.com</sys_updated_by><sys_updated_on>2017-06-19 12:26:30</sys_updated_on><u_mcd_dependent_category/><value>1</value></sys_choice><sys_choice action="INSERT_OR_UPDATE"><dependent_value/><element>problem_state</element><hint/><inactive>true</inactive><label>In progress</label><language>en</language><name>problem</name><sequence>0</sequence><sys_created_by>parul.a.kapoor@capgemini.com</sys_created_by><sys_created_on>2017-06-16 11:35:40</sys_created_on><sys_domain>21efa219dbf6be00ced07749af961923</sys_domain><sys_domain_path>!!!/!!3/</sys_domain_path><sys_id>20143d8fdb5f7e00a8a37dfdae9619cd</sys_id><sys_mod_count>4</sys_mod_count><sys_updated_by>parul.a.kapoor@capgemini.com</sys_updated_by><sys_updated_on>2017-07-18 06:47:31</sys_updated_on><u_mcd_dependent_category/><value>5</value></sys_choice><sys_choice action="INSERT_OR_UPDATE"><dependent_value/><element>problem_state</element><hint/><inactive>false</inactive><label>Draft</label><language>en</language><name>problem</name><sequence>1</sequence><sys_created_by>parul.a.kapoor@capgemini.com</sys_created_by><sys_created_on>2017-06-16 11:42:36</sys_created_on><sys_domain>21efa219dbf6be00ced07749af961923</sys_domain><sys_domain_path>!!!/!!3/</sys_domain_path><sys_id>1aa5b5cfdb5f7e00a8a37dfdae9619ca</sys_id><sys_mod_count>3</sys_mod_count><sys_updated_by>parul.a.kapoor@capgemini.com</sys_updated_by><sys_updated_on>2017-06-19 12:26:30</sys_updated_on><u_mcd_dependent_category/><value>-1</value></sys_choice><sys_choice action="INSERT_OR_UPDATE"><dependent_value/><element>problem_state</element><hint/><inactive>true</inactive><label>Known Error</label><language>en</language><name>problem</name><sequence>1</sequence><sys_created_by>parul.a.kapoor@capgemini.com</sys_created_by><sys_created_on>2017-06-16 11:35:40</sys_created_on><sys_domain>21efa219dbf6be00ced07749af961923</sys_domain><sys_domain_path>!!!/!!3/</sys_domain_path><sys_id>ac143d8fdb5f7e00a8a37dfdae9619cd</sys_id><sys_mod_count>5</sys_mod_count><sys_updated_by>parul.a.kapoor@capgemini.com</sys_updated_by><sys_updated_on>2017-07-18 06:47:31</sys_updated_on><u_mcd_dependent_category/><value>2</value></sys_choice><sys_choice action="INSERT_OR_UPDATE"><dependent_value/><element>problem_state</element><hint/><inactive>false</inactive><label>Request for authorization</label><language>en</language><name>problem</name><sequence>2</sequence><sys_created_by>parul.a.kapoor@capgemini.com</sys_created_by><sys_created_on>2017-06-16 11:46:20</sys_created_on><sys_domain>21efa219dbf6be00ced07749af961923</sys_domain><sys_domain_path>!!!/!!3/</sys_domain_path><sys_id>8d867dcfdb5f7e00a8a37dfdae961923</sys_id><sys_mod_count>3</sys_mod_count><sys_updated_by>parul.a.kapoor@capgemini.com</sys_updated_by><sys_updated_on>2017-06-21 11:24:30</sys_updated_on><u_mcd_dependent_category/><value>-4</value></sys_choice><sys_choice action="INSERT_OR_UPDATE"><dependent_value/><element>problem_state</element><hint/><inactive>true</inactive><label>Waiting for Change</label><language>en</language><name>problem</name><sequence>2</sequence><sys_created_by>parul.a.kapoor@capgemini.com</sys_created_by><sys_created_on>2017-06-16 11:35:40</sys_created_on><sys_domain>21efa219dbf6be00ced07749af961923</sys_domain><sys_domain_path>!!!/!!3/</sys_domain_path><sys_id>e4143d8fdb5f7e00a8a37dfdae9619cd</sys_id><sys_mod_count>5</sys_mod_count><sys_updated_by>parul.a.kapoor@capgemini.com</sys_updated_by><sys_updated_on>2017-07-18 06:47:31</sys_updated_on><u_mcd_dependent_category/><value>3</value></sys_choice><sys_choice action="INSERT_OR_UPDATE"><dependent_value/><element>problem_state</element><hint/><inactive>false</inactive><label>Under investigation</label><language>en</language><name>problem</name><sequence>3</sequence><sys_created_by>parul.a.kapoor@capgemini.com</sys_created_by><sys_created_on>2017-06-16 11:46:20</sys_created_on><sys_domain>21efa219dbf6be00ced07749af961923</sys_domain><sys_domain_path>!!!/!!3/</sys_domain_path><sys_id>01867dcfdb5f7e00a8a37dfdae961923</sys_id><sys_mod_count>3</sys_mod_count><sys_updated_by>parul.a.kapoor@capgemini.com</sys_updated_by><sys_updated_on>2017-06-21 11:24:40</sys_updated_on><u_mcd_dependent_category/><value>-2</value></sys_choice><sys_choice action="INSERT_OR_UPDATE"><dependent_value/><element>problem_state</element><hint/><inactive>true</inactive><label>Cancelled</label><language>en</language><name>problem</name><sequence>3</sequence><sys_created_by>parul.a.kapoor@capgemini.com</sys_created_by><sys_created_on>2017-06-16 11:46:20</sys_created_on><sys_domain>21efa219dbf6be00ced07749af961923</sys_domain><sys_domain_path>!!!/!!3/</sys_domain_path><sys_id>c5867dcfdb5f7e00a8a37dfdae961923</sys_id><sys_mod_count>3</sys_mod_count><sys_updated_by>parul.a.kapoor@capgemini.com</sys_updated_by><sys_updated_on>2017-07-18 06:47:31</sys_updated_on><u_mcd_dependent_category/><value>-3</value></sys_choice><sys_choice action="INSERT_OR_UPDATE"><dependent_value/><element>problem_state</element><hint/><inactive>false</inactive><label>Closed/Resolved</label><language>en</language><name>problem</name><sequence>4</sequence><sys_created_by>parul.a.kapoor@capgemini.com</sys_created_by><sys_created_on>2017-06-16 11:35:40</sys_created_on><sys_domain>21efa219dbf6be00ced07749af961923</sys_domain><sys_domain_path>!!!/!!3/</sys_domain_path><sys_id>64143d8fdb5f7e00a8a37dfdae9619ce</sys_id><sys_mod_count>3</sys_mod_count><sys_updated_by>parul.a.kapoor@capgemini.com</sys_updated_by><sys_updated_on>2017-07-18 06:47:31</sys_updated_on><u_mcd_dependent_category/><value>4</value></sys_choice><sys_choice action="INSERT_OR_UPDATE"><dependent_value/><element>problem_state</element><hint/><inactive>false</inactive><label>Draft</label><language>en</language><name>problem</name><sequence>0</sequence><sys_created_by>prajakta.vnaik@mcd.com</sys_created_by><sys_created_on>2014-11-17 10:14:01</sys_created_on><sys_domain>7e45188d95a22100b8fbaf4c7e17bcbc</sys_domain><sys_domain_path>!!!/!!+/</sys_domain_path><sys_id>53a752bf2b50f140046d8f4319da15cd</sys_id><sys_mod_count>2</sys_mod_count><sys_updated_by>prajakta.vnaik@mcd.com</sys_updated_by><sys_updated_on>2014-11-17 10:30:22</sys_updated_on><u_mcd_dependent_category/><value>1</value></sys_choice><sys_choice action="INSERT_OR_UPDATE"><dependent_value/><element>problem_state</element><hint/><inactive>false</inactive><label>New</label><language>en</language><name>problem</name><sequence>1</sequence><sys_created_by>sumeet.ninawe@mcd.com</sys_created_by><sys_created_on>2014-08-21 06:04:56</sys_created_on><sys_domain>7e45188d95a22100b8fbaf4c7e17bcbc</sys_domain><sys_domain_path>!!!/!!+/</sys_domain_path><sys_id>a1d298effda66100e49c942e8486f2f7</sys_id><sys_mod_count>7</sys_mod_count><sys_updated_by>prajakta.vnaik@mcd.com</sys_updated_by><sys_updated_on>2014-11-17 10:14:27</sys_updated_on><u_mcd_dependent_category/><value>91</value></sys_choice><sys_choice action="INSERT_OR_UPDATE"><dependent_value/><element>problem_state</element><hint/><inactive>false</inactive><label>Open</label><language>en</language><name>problem</name><sequence>2</sequence><sys_created_by>sumeet.ninawe@mcd.com</sys_created_by><sys_created_on>2014-08-19 07:27:27</sys_created_on><sys_domain>7e45188d95a22100b8fbaf4c7e17bcbc</sys_domain><sys_domain_path>!!!/!!+/</sys_domain_path><sys_id>f2829a76fd226100e49c942e8486f22f</sys_id><sys_mod_count>6</sys_mod_count><sys_updated_by>prajakta.vnaik@mcd.com</sys_updated_by><sys_updated_on>2014-11-17 10:14:33</sys_updated_on><u_mcd_dependent_category/><value>92</value></sys_choice><sys_choice action="INSERT_OR_UPDATE"><dependent_value/><element>problem_state</element><hint/><inactive>false</inactive><label>Pending Change</label><language>en</language><name>problem</name><sequence>3</sequence><sys_created_by>sumeet.ninawe@mcd.com</sys_created_by><sys_created_on>2014-08-19 07:27:27</sys_created_on><sys_domain>7e45188d95a22100b8fbaf4c7e17bcbc</sys_domain><sys_domain_path>!!!/!!+/</sys_domain_path><sys_id>fa829a76fd226100e49c942e8486f22f</sys_id><sys_mod_count>6</sys_mod_count><sys_updated_by>prajakta.vnaik@mcd.com</sys_updated_by><sys_updated_on>2014-11-17 10:14:38</sys_updated_on><u_mcd_dependent_category/><value>93</value></sys_choice><sys_choice action="INSERT_OR_UPDATE"><dependent_value/><element>problem_state</element><hint/><inactive>false</inactive><label>Known Error</label><language>en</language><name>problem</name><sequence>4</sequence><sys_created_by>sumeet.ninawe@mcd.com</sys_created_by><sys_created_on>2014-08-19 07:27:27</sys_created_on><sys_domain>7e45188d95a22100b8fbaf4c7e17bcbc</sys_domain><sys_domain_path>!!!/!!+/</sys_domain_path><sys_id>b2829a76fd226100e49c942e8486f230</sys_id><sys_mod_count>5</sys_mod_count><sys_updated_by>prajakta.vnaik@mcd.com</sys_updated_by><sys_updated_on>2014-11-17 10:14:44</sys_updated_on><u_mcd_dependent_category/><value>94</value></sys_choice><sys_choice action="INSERT_OR_UPDATE"><dependent_value/><element>problem_state</element><hint/><inactive>false</inactive><label>Pending Validation</label><language>en</language><name>problem</name><sequence>5</sequence><sys_created_by>sumeet.ninawe@mcd.com</sys_created_by><sys_created_on>2014-08-19 07:27:27</sys_created_on><sys_domain>7e45188d95a22100b8fbaf4c7e17bcbc</sys_domain><sys_domain_path>!!!/!!+/</sys_domain_path><sys_id>72829a76fd226100e49c942e8486f288</sys_id><sys_mod_count>6</sys_mod_count><sys_updated_by>prajakta.vnaik@mcd.com</sys_updated_by><sys_updated_on>2014-11-19 11:48:46</sys_updated_on><u_mcd_dependent_category/><value>96</value></sys_choice><sys_choice action="INSERT_OR_UPDATE"><dependent_value/><element>problem_state</element><hint/><inactive>false</inactive><label>Cancelled</label><language>en</language><name>problem</name><sequence>6</sequence><sys_created_by>prajakta.vnaik@mcd.com</sys_created_by><sys_created_on>2014-11-17 10:04:06</sys_created_on><sys_domain>7e45188d95a22100b8fbaf4c7e17bcbc</sys_domain><sys_domain_path>!!!/!!+/</sys_domain_path><sys_id>47759efb2b50f140046d8f4319da1511</sys_id><sys_mod_count>2</sys_mod_count><sys_updated_by>prajakta.vnaik@mcd.com</sys_updated_by><sys_updated_on>2014-11-19 11:48:46</sys_updated_on><u_mcd_dependent_category/><value>98</value></sys_choice><sys_choice action="INSERT_OR_UPDATE"><dependent_value/><element>problem_state</element><hint/><inactive>false</inactive><label>Closed</label><language>en</language><name>problem</name><sequence>7</sequence><sys_created_by>ketan.bhagwat@igate.com</sys_created_by><sys_created_on>2014-11-13 07:36:02</sys_created_on><sys_domain>7e45188d95a22100b8fbaf4c7e17bcbc</sys_domain><sys_domain_path>!!!/!!+/</sys_domain_path><sys_id>5b3d89a62b90f540efdeac4a89da1595</sys_id><sys_mod_count>5</sys_mod_count><sys_updated_by>prajakta.vnaik@mcd.com</sys_updated_by><sys_updated_on>2014-11-19 11:48:46</sys_updated_on><u_mcd_dependent_category/><value>97</value></sys_choice><sys_choice action="INSERT_OR_UPDATE"><dependent_value/><element>problem_state</element><hint/><inactive>false</inactive><label>New</label><language>en</language><name>problem</name><sequence>0</sequence><sys_created_by>vishalsave</sys_created_by><sys_created_on>2012-04-07 13:35:48</sys_created_on><sys_domain>55c6d1840a0a3c6a0052a4f1c7054eaa</sys_domain><sys_domain_path>!!!/!!2/</sys_domain_path><sys_id>ee290e7cc895ec848c701ef74cf40d0e</sys_id><sys_mod_count>1</sys_mod_count><sys_updated_by>vishalsave</sys_updated_by><sys_updated_on>2012-04-07 13:36:16</sys_updated_on><u_mcd_dependent_category/><value>1</value></sys_choice><sys_choice action="INSERT_OR_UPDATE"><dependent_value/><element>problem_state</element><hint/><inactive>true</inactive><label>Known Error</label><language>en</language><name>problem</name><sequence>0</sequence><sys_created_by>vishalsave</sys_created_by><sys_created_on>2012-04-07 13:35:48</sys_created_on><sys_domain>55c6d1840a0a3c6a0052a4f1c7054eaa</sys_domain><sys_domain_path>!!!/!!2/</sys_domain_path><sys_id>ea290e7cc895ec848c701ef74cf40d10</sys_id><sys_mod_count>0</sys_mod_count><sys_updated_by>vishalsave</sys_updated_by><sys_updated_on>2012-04-07 13:35:48</sys_updated_on><u_mcd_dependent_category/><value>2</value></sys_choice><sys_choice action="INSERT_OR_UPDATE"><dependent_value/><element>problem_state</element><hint/><inactive>false</inactive><label>Assigned</label><language>en</language><name>problem</name><sequence>1</sequence><sys_created_by>vishalsave</sys_created_by><sys_created_on>2012-04-07 13:39:02</sys_created_on><sys_domain>55c6d1840a0a3c6a0052a4f1c7054eaa</sys_domain><sys_domain_path>!!!/!!2/</sys_domain_path><sys_id>bd2906bcc895ec848c701ef74cf40dd9</sys_id><sys_mod_count>0</sys_mod_count><sys_updated_by>vishalsave</sys_updated_by><sys_updated_on>2012-04-07 13:39:02</sys_updated_on><u_mcd_dependent_category/><value>11</value></sys_choice><sys_choice action="INSERT_OR_UPDATE"><dependent_value/><element>problem_state</element><hint/><inactive>false</inactive><label>Work In Progress</label><language>en</language><name>problem</name><sequence>2</sequence><sys_created_by>vishalsave</sys_created_by><sys_created_on>2012-04-07 13:39:02</sys_created_on><sys_domain>55c6d1840a0a3c6a0052a4f1c7054eaa</sys_domain><sys_domain_path>!!!/!!2/</sys_domain_path><sys_id>862906bcc895ec848c701ef74cf40dda</sys_id><sys_mod_count>0</sys_mod_count><sys_updated_by>vishalsave</sys_updated_by><sys_updated_on>2012-04-07 13:39:02</sys_updated_on><u_mcd_dependent_category/><value>16</value></sys_choice><sys_choice action="INSERT_OR_UPDATE"><dependent_value/><element>problem_state</element><hint/><inactive>false</inactive><label>Pending</label><language>en</language><name>problem</name><sequence>3</sequence><sys_created_by>vishalsave</sys_created_by><sys_created_on>2012-04-07 13:35:48</sys_created_on><sys_domain>55c6d1840a0a3c6a0052a4f1c7054eaa</sys_domain><sys_domain_path>!!!/!!2/</sys_domain_path><sys_id>a6290e7cc895ec848c701ef74cf40d0f</sys_id><sys_mod_count>2</sys_mod_count><sys_updated_by>vishalsave</sys_updated_by><sys_updated_on>2012-04-07 13:39:02</sys_updated_on><u_mcd_dependent_category/><value>3</value></sys_choice><sys_choice action="INSERT_OR_UPDATE"><dependent_value/><element>problem_state</element><hint/><inactive>false</inactive><label>Resolved</label><language>en</language><name>problem</name><sequence>4</sequence><sys_created_by>vishalsave</sys_created_by><sys_created_on>2012-04-07 13:35:48</sys_created_on><sys_domain>55c6d1840a0a3c6a0052a4f1c7054eaa</sys_domain><sys_domain_path>!!!/!!2/</sys_domain_path><sys_id>6e290e7cc895ec848c701ef74cf40d0f</sys_id><sys_mod_count>2</sys_mod_count><sys_updated_by>vishalsave</sys_updated_by><sys_updated_on>2012-04-07 13:39:02</sys_updated_on><u_mcd_dependent_category/><value>4</value></sys_choice><sys_choice action="INSERT_OR_UPDATE"><dependent_value/><element>problem_state</element><hint/><inactive>false</inactive><label>Closed</label><language>en</language><name>problem</name><sequence>5</sequence><sys_created_by>vishalsave</sys_created_by><sys_created_on>2012-04-07 13:35:48</sys_created_on><sys_domain>55c6d1840a0a3c6a0052a4f1c7054eaa</sys_domain><sys_domain_path>!!!/!!2/</sys_domain_path><sys_id>26290e7cc895ec848c701ef74cf40d10</sys_id><sys_mod_count>1</sys_mod_count><sys_updated_by>vishalsave</sys_updated_by><sys_updated_on>2012-04-07 13:39:02</sys_updated_on><u_mcd_dependent_category/><value>5</value></sys_choice><sys_choice action="INSERT_OR_UPDATE"><dependent_value/><element>problem_state</element><hint/><inactive>false</inactive><label>Open</label><language>en</language><name>problem</name><sequence>0</sequence><sys_created_by>shyam.k@occm.com</sys_created_by><sys_created_on>2015-05-27 11:31:18</sys_created_on><sys_domain>bf937fe85d184a00efdee878eb0dc7fd</sys_domain><sys_domain_path>!!!/!!*/</sys_domain_path><sys_id>b611d2515d184e00efdee878eb0dc787</sys_id><sys_mod_count>101</sys_mod_count><sys_updated_by>ketan.bhagwat@occm.com</sys_updated_by><sys_updated_on>2015-08-19 14:25:05</sys_updated_on><u_mcd_dependent_category/><value>1</value></sys_choice><sys_choice action="INSERT_OR_UPDATE"><dependent_value/><element>problem_state</element><hint/><inactive>false</inactive><label>In Progress</label><language>en</language><name>problem</name><sequence>1</sequence><sys_created_by>shyam.k@occm.com</sys_created_by><sys_created_on>2015-05-27 11:31:18</sys_created_on><sys_domain>bf937fe85d184a00efdee878eb0dc7fd</sys_domain><sys_domain_path>!!!/!!*/</sys_domain_path><sys_id>fe11d2515d184e00efdee878eb0dc786</sys_id><sys_mod_count>101</sys_mod_count><sys_updated_by>ketan.bhagwat@occm.com</sys_updated_by><sys_updated_on>2015-08-19 14:24:48</sys_updated_on><u_mcd_dependent_category/><value>6</value></sys_choice><sys_choice action="INSERT_OR_UPDATE"><dependent_value/><element>problem_state</element><hint/><inactive>false</inactive><label>Waiting for Change</label><language>en</language><name>problem</name><sequence>2</sequence><sys_created_by>shyam.k@occm.com</sys_created_by><sys_created_on>2015-05-27 11:31:18</sys_created_on><sys_domain>bf937fe85d184a00efdee878eb0dc7fd</sys_domain><sys_domain_path>!!!/!!*/</sys_domain_path><sys_id>7e11d2515d184e00efdee878eb0dc787</sys_id><sys_mod_count>101</sys_mod_count><sys_updated_by>ketan.bhagwat@occm.com</sys_updated_by><sys_updated_on>2015-08-19 14:24:22</sys_updated_on><u_mcd_dependent_category/><value>3</value></sys_choice><sys_choice action="INSERT_OR_UPDATE"><dependent_value/><element>problem_state</element><hint/><inactive>false</inactive><label>Known Error</label><language>en</language><name>problem</name><sequence>3</sequence><sys_created_by>shyam.k@occm.com</sys_created_by><sys_created_on>2015-05-27 11:31:18</sys_created_on><sys_domain>bf937fe85d184a00efdee878eb0dc7fd</sys_domain><sys_domain_path>!!!/!!*/</sys_domain_path><sys_id>3611d2515d184e00efdee878eb0dc788</sys_id><sys_mod_count>101</sys_mod_count><sys_updated_by>ketan.bhagwat@occm.com</sys_updated_by><sys_updated_on>2015-08-19 14:24:04</sys_updated_on><u_mcd_dependent_category/><value>2</value></sys_choice><sys_choice action="INSERT_OR_UPDATE"><dependent_value/><element>problem_state</element><hint/><inactive>false</inactive><label>Closed</label><language>en</language><name>problem</name><sequence>4</sequence><sys_created_by>shyam.k@occm.com</sys_created_by><sys_created_on>2015-05-27 11:31:18</sys_created_on><sys_domain>bf937fe85d184a00efdee878eb0dc7fd</sys_domain><sys_domain_path>!!!/!!*/</sys_domain_path><sys_id>b211d2515d184e00efdee878eb0dc789</sys_id><sys_mod_count>101</sys_mod_count><sys_updated_by>ketan.bhagwat@occm.com</sys_updated_by><sys_updated_on>2015-08-19 14:24:25</sys_updated_on><u_mcd_dependent_category/><value>5</value></sys_choice><sys_choice action="INSERT_OR_UPDATE"><dependent_value/><element>problem_state</element><hint/><inactive>false</inactive><label>Closed/Resolved</label><language>en</language><name>problem</name><sequence>5</sequence><sys_created_by>shyam.k@occm.com</sys_created_by><sys_created_on>2015-05-27 11:31:18</sys_created_on><sys_domain>bf937fe85d184a00efdee878eb0dc7fd</sys_domain><sys_domain_path>!!!/!!*/</sys_domain_path><sys_id>fa11d2515d184e00efdee878eb0dc788</sys_id><sys_mod_count>101</sys_mod_count><sys_updated_by>ketan.bhagwat@occm.com</sys_updated_by><sys_updated_on>2015-08-19 14:24:15</sys_updated_on><u_mcd_dependent_category/><value>4</value></sys_choice><sys_choice action="INSERT_OR_UPDATE"><dependent_value/><element>problem_state</element><hint/><inactive>false</inactive><label>Open</label><language>en</language><name>problem</name><sequence>0</sequence><sys_created_by>bhavesh.jain@igate.com</sys_created_by><sys_created_on>2014-11-07 07:49:41</sys_created_on><sys_domain>0fb26284780c7d40efdef2e04d9282a9</sys_domain><sys_domain_path>!!!/!!?/</sys_domain_path><sys_id>e8d69a6c2b1cfd00efdeac4a89da151a</sys_id><sys_mod_count>0</sys_mod_count><sys_updated_by>bhavesh.jain@igate.com</sys_updated_by><sys_updated_on>2014-11-07 07:49:41</sys_updated_on><u_mcd_dependent_category/><value>1</value></sys_choice><sys_choice action="INSERT_OR_UPDATE"><dependent_value/><element>problem_state</element><hint/><inactive>false</inactive><label>In Progress</label><language>en</language><name>problem</name><sequence>1</sequence><sys_created_by>bhavesh.jain@igate.com</sys_created_by><sys_created_on>2014-11-10 11:17:18</sys_created_on><sys_domain>0fb26284780c7d40efdef2e04d9282a9</sys_domain><sys_domain_path>!!!/!!?/</sys_domain_path><sys_id>c31326612b94f140efdeac4a89da15c2</sys_id><sys_mod_count>2</sys_mod_count><sys_updated_by>bhavesh.jain@igate.com</sys_updated_by><sys_updated_on>2014-11-12 14:03:44</sys_updated_on><u_mcd_dependent_category/><value>6</value></sys_choice><sys_choice action="INSERT_OR_UPDATE"><dependent_value/><element>problem_state</element><hint/><inactive>false</inactive><label>Waiting for Change</label><language>en</language><name>problem</name><sequence>2</sequence><sys_created_by>bhavesh.jain@igate.com</sys_created_by><sys_created_on>2014-11-07 07:49:41</sys_created_on><sys_domain>0fb26284780c7d40efdef2e04d9282a9</sys_domain><sys_domain_path>!!!/!!?/</sys_domain_path><sys_id>24d69a6c2b1cfd00efdeac4a89da151b</sys_id><sys_mod_count>3</sys_mod_count><sys_updated_by>bhavesh.jain@igate.com</sys_updated_by><sys_updated_on>2014-11-12 14:03:44</sys_updated_on><u_mcd_dependent_category/><value>3</value></sys_choice><sys_choice action="INSERT_OR_UPDATE"><dependent_value/><element>problem_state</element><hint/><inactive>false</inactive><label>Known Error</label><language>en</language><name>problem</name><sequence>3</sequence><sys_created_by>bhavesh.jain@igate.com</sys_created_by><sys_created_on>2014-11-07 07:49:41</sys_created_on><sys_domain>0fb26284780c7d40efdef2e04d9282a9</sys_domain><sys_domain_path>!!!/!!?/</sys_domain_path><sys_id>e8d69a6c2b1cfd00efdeac4a89da151b</sys_id><sys_mod_count>3</sys_mod_count><sys_updated_by>bhavesh.jain@igate.com</sys_updated_by><sys_updated_on>2014-11-12 14:03:44</sys_updated_on><u_mcd_dependent_category/><value>2</value></sys_choice><sys_choice action="INSERT_OR_UPDATE"><dependent_value/><element>problem_state</element><hint/><inactive>false</inactive><label>Closed</label><language>en</language><name>problem</name><sequence>4</sequence><sys_created_by>bhavesh.jain@igate.com</sys_created_by><sys_created_on>2014-11-07 07:49:41</sys_created_on><sys_domain>0fb26284780c7d40efdef2e04d9282a9</sys_domain><sys_domain_path>!!!/!!?/</sys_domain_path><sys_id>a0d69a6c2b1cfd00efdeac4a89da151c</sys_id><sys_mod_count>3</sys_mod_count><sys_updated_by>bhavesh.jain@igate.com</sys_updated_by><sys_updated_on>2014-11-12 14:03:44</sys_updated_on><u_mcd_dependent_category/><value>5</value></sys_choice><sys_choice action="INSERT_OR_UPDATE"><dependent_value/><element>problem_state</element><hint/><inactive>false</inactive><label>Closed/Resolved</label><language>en</language><name>problem</name><sequence>5</sequence><sys_created_by>bhavesh.jain@igate.com</sys_created_by><sys_created_on>2014-11-07 07:49:41</sys_created_on><sys_domain>0fb26284780c7d40efdef2e04d9282a9</sys_domain><sys_domain_path>!!!/!!?/</sys_domain_path><sys_id>68d69a6c2b1cfd00efdeac4a89da151c</sys_id><sys_mod_count>2</sys_mod_count><sys_updated_by>saurabh.chamoli@igate.com</sys_updated_by><sys_updated_on>2015-05-15 13:00:17</sys_updated_on><u_mcd_dependent_category/><value>4</value></sys_choice><sys_choice action="INSERT_OR_UPDATE"><dependent_value/><element>problem_state</element><hint/><inactive>false</inactive><label>Logged</label><language>en</language><name>problem</name><sequence>0</sequence><sys_created_by>sowmiya.mohanasundaram@igate.com</sys_created_by><sys_created_on>2014-05-22 13:45:40</sys_created_on><sys_domain>7aa208b825724500e49cb3ea97957974</sys_domain><sys_domain_path>!!!/!!#/</sys_domain_path><sys_id>b58399de4db4690c4d9d92a7524131eb</sys_id><sys_mod_count>1</sys_mod_count><sys_updated_by>sowmiya.mohanasundaram@igate.com</sys_updated_by><sys_updated_on>2014-05-22 13:47:15</sys_updated_on><u_mcd_dependent_category/><value>1</value></sys_choice><sys_choice action="INSERT_OR_UPDATE"><dependent_value/><element>problem_state</element><hint/><inactive>false</inactive><label>Work in Progress</label><language>en</language><name>problem</name><sequence>1</sequence><sys_created_by>sowmiya.mohanasundaram@igate.com</sys_created_by><sys_created_on>2014-05-22 13:46:07</sys_created_on><sys_domain>7aa208b825724500e49cb3ea97957974</sys_domain><sys_domain_path>!!!/!!#/</sys_domain_path><sys_id>05a31d124df4690c4d9d92a7524131ef</sys_id><sys_mod_count>1</sys_mod_count><sys_updated_by>sowmiya.mohanasundaram@igate.com</sys_updated_by><sys_updated_on>2014-05-22 13:47:15</sys_updated_on><u_mcd_dependent_category/><value>2</value></sys_choice><sys_choice action="INSERT_OR_UPDATE"><dependent_value/><element>problem_state</element><hint/><inactive>false</inactive><label>Resolved</label><language>en</language><name>problem</name><sequence>2</sequence><sys_created_by>sowmiya.mohanasundaram@igate.com</sys_created_by><sys_created_on>2014-05-22 13:46:33</sys_created_on><sys_domain>7aa208b825724500e49cb3ea97957974</sys_domain><sys_domain_path>!!!/!!#/</sys_domain_path><sys_id>4fb395524df4690c4d9d92a7524131d1</sys_id><sys_mod_count>1</sys_mod_count><sys_updated_by>sowmiya.mohanasundaram@igate.com</sys_updated_by><sys_updated_on>2014-05-22 13:47:15</sys_updated_on><u_mcd_dependent_category/><value>6</value></sys_choice><sys_choice action="INSERT_OR_UPDATE"><dependent_value/><element>problem_state</element><hint/><inactive>false</inactive><label>Closed Complete</label><language>en</language><name>problem</name><sequence>3</sequence><sys_created_by>sowmiya.mohanasundaram@igate.com</sys_created_by><sys_created_on>2014-05-22 13:46:50</sys_created_on><sys_domain>7aa208b825724500e49cb3ea97957974</sys_domain><sys_domain_path>!!!/!!#/</sys_domain_path><sys_id>99d3d1924df4690c4d9d92a75241317b</sys_id><sys_mod_count>1</sys_mod_count><sys_updated_by>sowmiya.mohanasundaram@igate.com</sys_updated_by><sys_updated_on>2014-05-22 13:47:15</sys_updated_on><u_mcd_dependent_category/><value>3</value></sys_choice><sys_choice action="INSERT_OR_UPDATE"><dependent_value/><element>problem_state</element><hint/><inactive>false</inactive><label>Draft</label><language>en</language><name>problem</name><sequence>0</sequence><sys_created_by>shetty.devika</sys_created_by><sys_created_on>2018-01-15 09:06:56</sys_created_on><sys_domain>4dd80b9bdb9bc78036ee110b0b9619a2</sys_domain><sys_domain_path>!!!/!!E/</sys_domain_path><sys_id>beac06e7dba307002dfc78a6ae96190f</sys_id><sys_mod_count>1</sys_mod_count><sys_updated_by>shetty.devika</sys_updated_by><sys_updated_on>2018-01-15 10:04:02</sys_updated_on><u_mcd_dependent_category/><value>1</value></sys_choice><sys_choice action="INSERT_OR_UPDATE"><dependent_value/><element>problem_state</element><hint/><inactive>false</inactive><label>Open</label><language>en</language><name>problem</name><sequence>1</sequence><sys_created_by>shetty.devika</sys_created_by><sys_created_on>2018-01-15 09:00:13</sys_created_on><sys_domain>4dd80b9bdb9bc78036ee110b0b9619a2</sys_domain><sys_domain_path>!!!/!!E/</sys_domain_path><sys_id>202bca23dba307002dfc78a6ae96196a</sys_id><sys_mod_count>2</sys_mod_count><sys_updated_by>shetty.devika</sys_updated_by><sys_updated_on>2018-01-15 10:04:08</sys_updated_on><u_mcd_dependent_category/><value>2</value></sys_choice><sys_choice action="INSERT_OR_UPDATE"><dependent_value/><element>problem_state</element><hint/><inactive>false</inactive><label>In progress</label><language>en</language><name>problem</name><sequence>2</sequence><sys_created_by>shetty.devika</sys_created_by><sys_created_on>2018-01-15 09:00:13</sys_created_on><sys_domain>4dd80b9bdb9bc78036ee110b0b9619a2</sys_domain><sys_domain_path>!!!/!!E/</sys_domain_path><sys_id>682bce23dba307002dfc78a6ae96198d</sys_id><sys_mod_count>2</sys_mod_count><sys_updated_by>shetty.devika</sys_updated_by><sys_updated_on>2018-01-15 10:04:11</sys_updated_on><u_mcd_dependent_category/><value>3</value></sys_choice><sys_choice action="INSERT_OR_UPDATE"><dependent_value/><element>problem_state</element><hint/><inactive>false</inactive><label>Waiting for Change</label><language>en</language><name>problem</name><sequence>3</sequence><sys_created_by>shetty.devika</sys_created_by><sys_created_on>2018-01-15 09:00:13</sys_created_on><sys_domain>4dd80b9bdb9bc78036ee110b0b9619a2</sys_domain><sys_domain_path>!!!/!!E/</sys_domain_path><sys_id>ec2bce23dba307002dfc78a6ae96198f</sys_id><sys_mod_count>2</sys_mod_count><sys_updated_by>shetty.devika</sys_updated_by><sys_updated_on>2018-01-15 10:04:14</sys_updated_on><u_mcd_dependent_category/><value>4</value></sys_choice><sys_choice action="INSERT_OR_UPDATE"><dependent_value/><element>problem_state</element><hint/><inactive>false</inactive><label>Known Error</label><language>en</language><name>problem</name><sequence>4</sequence><sys_created_by>shetty.devika</sys_created_by><sys_created_on>2018-01-15 09:00:13</sys_created_on><sys_domain>4dd80b9bdb9bc78036ee110b0b9619a2</sys_domain><sys_domain_path>!!!/!!E/</sys_domain_path><sys_id>642bce23dba307002dfc78a6ae961992</sys_id><sys_mod_count>2</sys_mod_count><sys_updated_by>shetty.devika</sys_updated_by><sys_updated_on>2018-01-15 10:04:16</sys_updated_on><u_mcd_dependent_category/><value>5</value></sys_choice><sys_choice action="INSERT_OR_UPDATE"><dependent_value/><element>problem_state</element><hint/><inactive>false</inactive><label>Closed</label><language>en</language><name>problem</name><sequence>5</sequence><sys_created_by>shetty.devika</sys_created_by><sys_created_on>2018-01-15 09:00:13</sys_created_on><sys_domain>4dd80b9bdb9bc78036ee110b0b9619a2</sys_domain><sys_domain_path>!!!/!!E/</sys_domain_path><sys_id>e82bce23dba307002dfc78a6ae961994</sys_id><sys_mod_count>4</sys_mod_count><sys_updated_by>shetty.devika</sys_updated_by><sys_updated_on>2018-01-15 10:04:19</sys_updated_on><u_mcd_dependent_category/><value>6</value></sys_choice><sys_choice action="INSERT_OR_UPDATE"><dependent_value/><element>problem_state</element><hint/><inactive>false</inactive><label>Resolved</label><language>en</language><name>problem</name><sequence>6</sequence><sys_created_by>shetty.devika</sys_created_by><sys_created_on>2018-01-15 09:16:40</sys_created_on><sys_domain>4dd80b9bdb9bc78036ee110b0b9619a2</sys_domain><sys_domain_path>!!!/!!E/</sys_domain_path><sys_id>a9eec263dbe307002dfc78a6ae96198d</sys_id><sys_mod_count>2</sys_mod_count><sys_updated_by>shetty.devika</sys_updated_by><sys_updated_on>2018-01-15 09:17:56</sys_updated_on><u_mcd_dependent_category/><value>7</value></sys_choice><sys_choice action="INSERT_OR_UPDATE"><dependent_value/><element>problem_state</element><hint/><inactive>false</inactive><label>Cancelled</label><language>en</language><name>problem</name><sequence>7</sequence><sys_created_by>shetty.devika</sys_created_by><sys_created_on>2018-01-15 09:16:54</sys_created_on><sys_domain>4dd80b9bdb9bc78036ee110b0b9619a2</sys_domain><sys_domain_path>!!!/!!E/</sys_domain_path><sys_id>78fe0a63dbe307002dfc78a6ae961956</sys_id><sys_mod_count>1</sys_mod_count><sys_updated_by>shetty.devika</sys_updated_by><sys_updated_on>2018-01-15 09:18:00</sys_updated_on><u_mcd_dependent_category/><value>8</value></sys_choice><sys_choice action="INSERT_OR_UPDATE"><dependent_value/><element>problem_state</element><hint/><inactive>false</inactive><label>Open</label><language>en</language><name>problem</name><sequence>0</sequence><sys_created_by>priyanka.kute</sys_created_by><sys_created_on>2015-04-07 13:47:43</sys_created_on><sys_domain>c0ec521878232d00efdef2e04d928247</sys_domain><sys_domain_path>!!!/!!5/</sys_domain_path><sys_id>ddd0ddd11457310021c9282fa6d8970c</sys_id><sys_mod_count>0</sys_mod_count><sys_updated_by>priyanka.kute</sys_updated_by><sys_updated_on>2015-04-07 13:47:43</sys_updated_on><u_mcd_dependent_category/><value>1</value></sys_choice><sys_choice action="INSERT_OR_UPDATE"><dependent_value/><element>problem_state</element><hint/><inactive>true</inactive><label>Closed</label><language>en</language><name>problem</name><sequence>0</sequence><sys_created_by>priyanka.kute</sys_created_by><sys_created_on>2015-04-07 13:47:43</sys_created_on><sys_domain>c0ec521878232d00efdef2e04d928247</sys_domain><sys_domain_path>!!!/!!5/</sys_domain_path><sys_id>11d051151457310021c9282fa6d8973e</sys_id><sys_mod_count>0</sys_mod_count><sys_updated_by>priyanka.kute</sys_updated_by><sys_updated_on>2015-04-07 13:47:43</sys_updated_on><u_mcd_dependent_category/><value>5</value></sys_choice><sys_choice action="INSERT_OR_UPDATE"><dependent_value/><element>problem_state</element><hint/><inactive>false</inactive><label>Assigned</label><language>en</language><name>problem</name><sequence>1</sequence><sys_created_by>priyanka.kute</sys_created_by><sys_created_on>2015-05-22 11:56:29</sys_created_on><sys_domain>c0ec521878232d00efdef2e04d928247</sys_domain><sys_domain_path>!!!/!!5/</sys_domain_path><sys_id>76e660fb0f4cce408bc1db0be1050ecd</sys_id><sys_mod_count>2</sys_mod_count><sys_updated_by>priyanka.kute</sys_updated_by><sys_updated_on>2015-06-08 06:08:37</sys_updated_on><u_mcd_dependent_category/><value>6</value></sys_choice><sys_choice action="INSERT_OR_UPDATE"><dependent_value/><element>problem_state</element><hint/><inactive>false</inactive><label>Under Investigation</label><language>en</language><name>problem</name><sequence>2</sequence><sys_created_by>priyanka.kute</sys_created_by><sys_created_on>2015-05-22 11:56:29</sys_created_on><sys_domain>c0ec521878232d00efdef2e04d928247</sys_domain><sys_domain_path>!!!/!!5/</sys_domain_path><sys_id>fee660fb0f4cce408bc1db0be1050ecd</sys_id><sys_mod_count>2</sys_mod_count><sys_updated_by>priyanka.kute</sys_updated_by><sys_updated_on>2015-06-08 06:08:37</sys_updated_on><u_mcd_dependent_category/><value>7</value></sys_choice><sys_choice action="INSERT_OR_UPDATE"><dependent_value/><element>problem_state</element><hint/><inactive>false</inactive><label>Known Error</label><language>en</language><name>problem</name><sequence>3</sequence><sys_created_by>priyanka.kute</sys_created_by><sys_created_on>2015-04-07 13:47:43</sys_created_on><sys_domain>c0ec521878232d00efdef2e04d928247</sys_domain><sys_domain_path>!!!/!!5/</sys_domain_path><sys_id>d9d0ddd11457310021c9282fa6d8970d</sys_id><sys_mod_count>1</sys_mod_count><sys_updated_by>priyanka.kute</sys_updated_by><sys_updated_on>2015-06-08 06:08:37</sys_updated_on><u_mcd_dependent_category/><value>2</value></sys_choice><sys_choice action="INSERT_OR_UPDATE"><dependent_value/><element>problem_state</element><hint/><inactive>false</inactive><label>Waiting for Change</label><language>en</language><name>problem</name><sequence>4</sequence><sys_created_by>priyanka.kute</sys_created_by><sys_created_on>2015-04-07 13:47:43</sys_created_on><sys_domain>c0ec521878232d00efdef2e04d928247</sys_domain><sys_domain_path>!!!/!!5/</sys_domain_path><sys_id>95d0ddd11457310021c9282fa6d8970d</sys_id><sys_mod_count>1</sys_mod_count><sys_updated_by>priyanka.kute</sys_updated_by><sys_updated_on>2015-06-08 06:08:37</sys_updated_on><u_mcd_dependent_category/><value>3</value></sys_choice><sys_choice action="INSERT_OR_UPDATE"><dependent_value/><element>problem_state</element><hint/><inactive>false</inactive><label>On Hold</label><language>en</language><name>problem</name><sequence>5</sequence><sys_created_by>priyanka.kute</sys_created_by><sys_created_on>2015-06-08 06:08:37</sys_created_on><sys_domain>c0ec521878232d00efdef2e04d928247</sys_domain><sys_domain_path>!!!/!!5/</sys_domain_path><sys_id>055af6c9542402044d9dc12211ac20c1</sys_id><sys_mod_count>0</sys_mod_count><sys_updated_by>priyanka.kute</sys_updated_by><sys_updated_on>2015-06-08 06:08:37</sys_updated_on><u_mcd_dependent_category/><value>8</value></sys_choice><sys_choice action="INSERT_OR_UPDATE"><dependent_value/><element>problem_state</element><hint/><inactive>false</inactive><label>Closed/Resolved</label><language>en</language><name>problem</name><sequence>6</sequence><sys_created_by>priyanka.kute</sys_created_by><sys_created_on>2015-04-07 13:47:43</sys_created_on><sys_domain>c0ec521878232d00efdef2e04d928247</sys_domain><sys_domain_path>!!!/!!5/</sys_domain_path><sys_id>11d0ddd11457310021c9282fa6d8970e</sys_id><sys_mod_count>1</sys_mod_count><sys_updated_by>priyanka.kute</sys_updated_by><sys_updated_on>2015-06-08 06:08:37</sys_updated_on><u_mcd_dependent_category/><value>4</value></sys_choice><sys_choice_set action="INSERT_OR_UPDATE"><element>problem_state</element><name>problem</name><sys_class_name>sys_choice_set</sys_class_name><sys_created_by>sumeet.das@occm.com</sys_created_by><sys_created_on>2015-08-22 21:27:10</sys_created_on><sys_customer_update>false</sys_customer_update><sys_id>bbef5a8ddb208700ced07749af96191b</sys_id><sys_mod_count>25</sys_mod_count><sys_name>problem_state</sys_name><sys_package display_value="Problem Management" source="com.snc.problem">a00b32810f710200f0d3e64be1050e98</sys_package><sys_policy/><sys_replace_on_upgrade>false</sys_replace_on_upgrade><sys_scope display_value="Global">global</sys_scope><sys_update_name>sys_choice_problem_problem_state</sys_update_name><sys_updated_by>shweta.hegde@capgemini.com</sys_updated_by><sys_updated_on>2018-01-25 04:58:25</sys_updated_on></sys_choice_set></sys_choice></record_update>]]></payload>
<remote_update_set display_value="A&amp;W Problem Management - SH - V6">2c864713dba4dfc0a8a37dfdae9619dc</remote_update_set>
<replace_on_upgrade>false</replace_on_upgrade>
<sys_created_by>shweta.hegde@capgemini.com</sys_created_by>
<sys_created_on>2018-03-05 11:43:56</sys_created_on>
<sys_id>20864713dba4dfc0a8a37dfdae9619dd</sys_id>
<sys_mod_count>0</sys_mod_count>
<sys_updated_by>shweta.hegde@capgemini.com</sys_updated_by>
<sys_updated_on>2018-03-05 11:43:56</sys_updated_on>
<table>problem</table>
<target_name>Problem.Problem state</target_name>
<type>Choice list</type>
<update_domain>global</update_domain>
<update_set display_value=""/>
<view/>
</sys_update_xml>
<sys_update_xml action="INSERT_OR_UPDATE">
<action>INSERT_OR_UPDATE</action>
<application display_value="Global">global</application>
<category>customer</category>
<comments/>
<name>sys_script_42c99f90dbcc1b40a8a37dfdae9619ba</name>
<payload>&lt;?xml version="1.0" encoding="UTF-8"?&gt;&lt;record_update sys_domain="409c30addb8e8f0066e6f2f5ab9619e3" table="sys_script"&gt;&lt;sys_script action="INSERT_OR_UPDATE"&gt;&lt;abort_action&gt;false&lt;/abort_action&gt;&lt;access&gt;package_private&lt;/access&gt;&lt;action_delete&gt;false&lt;/action_delete&gt;&lt;action_insert&gt;true&lt;/action_insert&gt;&lt;action_label/&gt;&lt;action_name/&gt;&lt;action_query&gt;false&lt;/action_query&gt;&lt;action_run_at&gt;server&lt;/action_run_at&gt;&lt;action_update&gt;true&lt;/action_update&gt;&lt;active&gt;true&lt;/active&gt;&lt;add_message&gt;false&lt;/add_message&gt;&lt;advanced&gt;true&lt;/advanced&gt;&lt;application/&gt;&lt;change_fields&gt;false&lt;/change_fields&gt;&lt;client_callable&gt;false&lt;/client_callable&gt;&lt;collection&gt;problem&lt;/collection&gt;&lt;condition/&gt;&lt;description/&gt;&lt;execute_function&gt;false&lt;/execute_function&gt;&lt;filter_condition/&gt;&lt;is_rest&gt;false&lt;/is_rest&gt;&lt;message/&gt;&lt;name&gt;mark_closed&lt;/name&gt;&lt;onclick/&gt;&lt;order&gt;10000&lt;/order&gt;&lt;priority&gt;100&lt;/priority&gt;&lt;read_access_action&gt;false&lt;/read_access_action&gt;&lt;rest_method/&gt;&lt;rest_method_text/&gt;&lt;rest_service/&gt;&lt;rest_service_text/&gt;&lt;rest_variables/&gt;&lt;role_conditions/&gt;&lt;script&gt;&lt;![CDATA[if (current.problem_state == 4||current.problem_state == 6) {
 current.active = false;
 if (current.closed_by.nil()) 
  current.closed_by = gs.getUserID();
 if (current.closed_at.nil())  {
  current.closed_at = gs.nowDateTime();
  current.business_duration = gs.calDateDiff(current.opened_at.getDisplayValue(),current.closed_at.getDisplayValue(),false);
  current.business_stc = gs.calDateDiff(current.opened_at.getDisplayValue(),current.closed_at.getDisplayValue(),true);
  current.calendar_duration = gs.dateDiff(current.opened_at.getDisplayValue(),current.closed_at.getDisplayValue(),false);
  current.calendar_stc = gs.dateDiff(current.opened_at.getDisplayValue(),current.closed_at.getDisplayValue(),true);
 }
}
]]&gt;&lt;/script&gt;&lt;sys_class_name&gt;sys_script&lt;/sys_class_name&gt;&lt;sys_created_by&gt;shweta.hegde@capgemini.com&lt;/sys_created_by&gt;&lt;sys_created_on&gt;2018-01-30 08:54:59&lt;/sys_created_on&gt;&lt;sys_customer_update&gt;true&lt;/sys_customer_update&gt;&lt;sys_domain&gt;409c30addb8e8f0066e6f2f5ab9619e3&lt;/sys_domain&gt;&lt;sys_domain_path&gt;!!!/!!D/&lt;/sys_domain_path&gt;&lt;sys_id&gt;42c99f90dbcc1b40a8a37dfdae9619ba&lt;/sys_id&gt;&lt;sys_mod_count&gt;1&lt;/sys_mod_count&gt;&lt;sys_name&gt;mark_closed&lt;/sys_name&gt;&lt;sys_overrides display_value="mark_closed"&gt;12a53c4fc6112275000bc7c04a87cfb6&lt;/sys_overrides&gt;&lt;sys_package display_value="Global" source="global"&gt;global&lt;/sys_package&gt;&lt;sys_policy/&gt;&lt;sys_replace_on_upgrade&gt;false&lt;/sys_replace_on_upgrade&gt;&lt;sys_scope display_value="Global"&gt;global&lt;/sys_scope&gt;&lt;sys_update_name&gt;sys_script_42c99f90dbcc1b40a8a37dfdae9619ba&lt;/sys_update_name&gt;&lt;sys_updated_by&gt;shweta.hegde@capgemini.com&lt;/sys_updated_by&gt;&lt;sys_updated_on&gt;2018-02-13 12:55:01&lt;/sys_updated_on&gt;&lt;template/&gt;&lt;u_relate/&gt;&lt;u_relate_table/&gt;&lt;when&gt;before&lt;/when&gt;&lt;/sys_script&gt;&lt;/record_update&gt;</payload>
<remote_update_set display_value="A&amp;W Problem Management - SH - V6">2c864713dba4dfc0a8a37dfdae9619dc</remote_update_set>
<replace_on_upgrade>false</replace_on_upgrade>
<sys_created_by>shweta.hegde@capgemini.com</sys_created_by>
<sys_created_on>2018-03-05 11:43:56</sys_created_on>
<sys_id>2886c713dba4dfc0a8a37dfdae961952</sys_id>
<sys_mod_count>0</sys_mod_count>
<sys_updated_by>shweta.hegde@capgemini.com</sys_updated_by>
<sys_updated_on>2018-03-05 11:43:56</sys_updated_on>
<table>problem</table>
<target_name>mark_closed</target_name>
<type>Business Rule</type>
<update_domain>409c30addb8e8f0066e6f2f5ab9619e3</update_domain>
<update_set display_value=""/>
<view/>
</sys_update_xml>
<sys_update_xml action="INSERT_OR_UPDATE">
<action>INSERT_OR_UPDATE</action>
<application display_value="Global">global</application>
<category>customer</category>
<comments/>
<name>sys_process_flow_caf3f472db37cf002dfc78a6ae961977</name>
<payload><![CDATA[<?xml version="1.0" encoding="UTF-8"?><record_update sys_domain="409c30addb8e8f0066e6f2f5ab9619e3" table="sys_process_flow"><sys_process_flow action="INSERT_OR_UPDATE"><active>true</active><condition table="problem">problem_state=6^EQ<item endquery="false" field="problem_state" goto="false" newquery="false" operator="=" or="false" value="6"/><item endquery="true" field="" goto="false" newquery="false" operator="=" or="false" value=""/></condition><description/><label>Cancelled</label><name>Cancelled</name><order>600</order><sys_class_name>sys_process_flow</sys_class_name><sys_created_by>shweta.hegde@capgemini.com</sys_created_by><sys_created_on>2018-01-25 05:01:19</sys_created_on><sys_customer_update>true</sys_customer_update><sys_domain>409c30addb8e8f0066e6f2f5ab9619e3</sys_domain><sys_domain_path>!!!/!!D/</sys_domain_path><sys_id>caf3f472db37cf002dfc78a6ae961977</sys_id><sys_mod_count>1</sys_mod_count><sys_name>Cancelled</sys_name><sys_package display_value="Global" source="global">global</sys_package><sys_policy/><sys_replace_on_upgrade>false</sys_replace_on_upgrade><sys_scope display_value="Global">global</sys_scope><sys_update_name>sys_process_flow_caf3f472db37cf002dfc78a6ae961977</sys_update_name><sys_updated_by>shweta.hegde@capgemini.com</sys_updated_by><sys_updated_on>2018-02-08 10:20:52</sys_updated_on><table>problem</table></sys_process_flow></record_update>]]></payload>
<remote_update_set display_value="A&amp;W Problem Management - SH - V6">2c864713dba4dfc0a8a37dfdae9619dc</remote_update_set>
<replace_on_upgrade>false</replace_on_upgrade>
<sys_created_by>shweta.hegde@capgemini.com</sys_created_by>
<sys_created_on>2018-03-05 11:43:56</sys_created_on>
<sys_id>e0864713dba4dfc0a8a37dfdae9619dd</sys_id>
<sys_mod_count>0</sys_mod_count>
<sys_updated_by>shweta.hegde@capgemini.com</sys_updated_by>
<sys_updated_on>2018-03-05 11:43:56</sys_updated_on>
<table>problem</table>
<target_name>Cancelled</target_name>
<type>Flow Formatter</type>
<update_domain>409c30addb8e8f0066e6f2f5ab9619e3</update_domain>
<update_set display_value=""/>
<view/>
</sys_update_xml>
</unload>
