<?xml version="1.0" encoding="UTF-8"?>
<unload unload_date="2018-03-07 13:20:06">
<sys_remote_update_set action="INSERT_OR_UPDATE">
<application display_value="Global">global</application>
<application_name>Global</application_name>
<application_scope>global</application_scope>
<application_version/>
<collisions/>
<commit_date/>
<deleted/>
<description>For ACL on restaurant table</description>
<inserted/>
<name>A&amp;W  Incident Management - LK - V23</name>
<origin_sys_id/>
<release_date/>
<remote_sys_id>c9dfae1713245fc03a8e56022244b070</remote_sys_id>
<state>loaded</state>
<summary/>
<sys_class_name>sys_remote_update_set</sys_class_name>
<sys_created_by>virag.shah@capgemini.com</sys_created_by>
<sys_created_on>2018-03-07 13:20:06</sys_created_on>
<sys_id>e8bf694c13fcdfc03a8e56022244b092</sys_id>
<sys_mod_count>0</sys_mod_count>
<sys_updated_by>virag.shah@capgemini.com</sys_updated_by>
<sys_updated_on>2018-03-07 13:20:06</sys_updated_on>
<update_set display_value=""/>
<update_source display_value=""/>
<updated/>
</sys_remote_update_set>
<sys_update_xml action="INSERT_OR_UPDATE">
<action/>
<application display_value=""/>
<category/>
<comments/>
<name>sys_security_acl_7992f397db1fc3802dfc78a6ae961977</name>
<payload>&lt;?xml version="1.0" encoding="UTF-8"?&gt;&lt;record_update table="sys_security_acl"&gt;&lt;sys_security_acl action="INSERT_OR_UPDATE"&gt;&lt;active&gt;true&lt;/active&gt;&lt;admin_overrides&gt;true&lt;/admin_overrides&gt;&lt;advanced&gt;true&lt;/advanced&gt;&lt;condition/&gt;&lt;description&gt;Default access control on u_restaurant_a_w&lt;/description&gt;&lt;name&gt;u_restaurant_a_w&lt;/name&gt;&lt;operation display_value="read"&gt;read&lt;/operation&gt;&lt;script&gt;&lt;![CDATA[//  var answer=false;
// if(current.sys_domain=="409c30addb8e8f0066e6f2f5ab9619e3")
// {
//  		answer=true;
//  	}]]&gt;&lt;/script&gt;&lt;sys_class_name&gt;sys_security_acl&lt;/sys_class_name&gt;&lt;sys_created_by&gt;lakshmi.kalatippi@capgemini.com&lt;/sys_created_by&gt;&lt;sys_created_on&gt;2018-01-02 11:38:03&lt;/sys_created_on&gt;&lt;sys_customer_update&gt;true&lt;/sys_customer_update&gt;&lt;sys_id&gt;7992f397db1fc3802dfc78a6ae961977&lt;/sys_id&gt;&lt;sys_mod_count&gt;6&lt;/sys_mod_count&gt;&lt;sys_name&gt;u_restaurant_a_w&lt;/sys_name&gt;&lt;sys_package display_value="Global" source="global"&gt;global&lt;/sys_package&gt;&lt;sys_policy/&gt;&lt;sys_replace_on_upgrade&gt;false&lt;/sys_replace_on_upgrade&gt;&lt;sys_scope display_value="Global"&gt;global&lt;/sys_scope&gt;&lt;sys_update_name&gt;sys_security_acl_7992f397db1fc3802dfc78a6ae961977&lt;/sys_update_name&gt;&lt;sys_updated_by&gt;lakshmi.kalatippi&lt;/sys_updated_by&gt;&lt;sys_updated_on&gt;2018-03-05 10:01:16&lt;/sys_updated_on&gt;&lt;type display_value="record"&gt;record&lt;/type&gt;&lt;u_relate/&gt;&lt;u_relate_table/&gt;&lt;/sys_security_acl&gt;&lt;/record_update&gt;</payload>
<remote_update_set display_value="A&amp;W  Incident Management - LK - V23">e8bf694c13fcdfc03a8e56022244b092</remote_update_set>
<replace_on_upgrade>false</replace_on_upgrade>
<sys_created_by>virag.shah@capgemini.com</sys_created_by>
<sys_created_on>2018-03-07 13:20:06</sys_created_on>
<sys_id>ecbf694c13fcdfc03a8e56022244b092</sys_id>
<sys_mod_count>0</sys_mod_count>
<sys_updated_by>virag.shah@capgemini.com</sys_updated_by>
<sys_updated_on>2018-03-07 13:20:06</sys_updated_on>
<table/>
<target_name/>
<type/>
<update_domain/>
<update_set display_value=""/>
<view/>
</sys_update_xml>
</unload>
