<?xml version="1.0" encoding="UTF-8"?>
<unload unload_date="2018-03-07 13:14:51">
<sys_remote_update_set action="INSERT_OR_UPDATE">
<application display_value="Global">global</application>
<application_name>Global</application_name>
<application_scope>global</application_scope>
<application_version/>
<collisions/>
<commit_date/>
<deleted/>
<description/>
<inserted/>
<name>A&amp;W Incident Management - LK - V10</name>
<origin_sys_id/>
<release_date/>
<remote_sys_id>1a4e271a0f085b40c6da563be1050eab</remote_sys_id>
<state>loaded</state>
<summary/>
<sys_class_name>sys_remote_update_set</sys_class_name>
<sys_created_by>virag.shah@capgemini.com</sys_created_by>
<sys_created_on>2018-03-07 13:14:51</sys_created_on>
<sys_id>b37e6d0c13fcdfc03a8e56022244b04f</sys_id>
<sys_mod_count>0</sys_mod_count>
<sys_updated_by>virag.shah@capgemini.com</sys_updated_by>
<sys_updated_on>2018-03-07 13:14:51</sys_updated_on>
<update_set display_value=""/>
<update_source display_value=""/>
<updated/>
</sys_remote_update_set>
<sys_update_xml action="INSERT_OR_UPDATE">
<action/>
<application display_value=""/>
<category/>
<comments/>
<name>sys_security_acl_93d30bbedb87cf80a8a37dfdae9619b2</name>
<payload>&lt;?xml version="1.0" encoding="UTF-8"?&gt;&lt;record_update table="sys_security_acl"&gt;&lt;sys_security_acl action="INSERT_OR_UPDATE"&gt;&lt;active&gt;true&lt;/active&gt;&lt;admin_overrides&gt;true&lt;/admin_overrides&gt;&lt;advanced&gt;true&lt;/advanced&gt;&lt;condition/&gt;&lt;description&gt;Allow read for state in incident, if the ACL script returns true.&lt;/description&gt;&lt;name&gt;incident.state&lt;/name&gt;&lt;operation display_value="read"&gt;read&lt;/operation&gt;&lt;script&gt;&lt;![CDATA[answer=false;
if(current.sys_domain!="409c30addb8e8f0066e6f2f5ab9619e3")
	{
		answer=true;
	}
else
	{
		if(gs.getUserID().hasRole("admin"))
			{
				answer=true;
			}
	}
]]&gt;&lt;/script&gt;&lt;sys_class_name&gt;sys_security_acl&lt;/sys_class_name&gt;&lt;sys_created_by&gt;lakshmi.kalatippi@capgemini.com&lt;/sys_created_by&gt;&lt;sys_created_on&gt;2017-12-19 08:44:06&lt;/sys_created_on&gt;&lt;sys_customer_update&gt;true&lt;/sys_customer_update&gt;&lt;sys_id&gt;93d30bbedb87cf80a8a37dfdae9619b2&lt;/sys_id&gt;&lt;sys_mod_count&gt;7&lt;/sys_mod_count&gt;&lt;sys_name&gt;incident.state&lt;/sys_name&gt;&lt;sys_package display_value="Global" source="global"&gt;global&lt;/sys_package&gt;&lt;sys_policy/&gt;&lt;sys_replace_on_upgrade&gt;false&lt;/sys_replace_on_upgrade&gt;&lt;sys_scope display_value="Global"&gt;global&lt;/sys_scope&gt;&lt;sys_update_name&gt;sys_security_acl_93d30bbedb87cf80a8a37dfdae9619b2&lt;/sys_update_name&gt;&lt;sys_updated_by&gt;lakshmi.kalatippi&lt;/sys_updated_by&gt;&lt;sys_updated_on&gt;2018-02-05 15:11:59&lt;/sys_updated_on&gt;&lt;type display_value="record"&gt;record&lt;/type&gt;&lt;u_relate/&gt;&lt;u_relate_table/&gt;&lt;/sys_security_acl&gt;&lt;/record_update&gt;</payload>
<remote_update_set display_value="A&amp;W Incident Management - LK - V10">b37e6d0c13fcdfc03a8e56022244b04f</remote_update_set>
<replace_on_upgrade>false</replace_on_upgrade>
<sys_created_by>virag.shah@capgemini.com</sys_created_by>
<sys_created_on>2018-03-07 13:14:51</sys_created_on>
<sys_id>3f7e6d0c13fcdfc03a8e56022244b04f</sys_id>
<sys_mod_count>0</sys_mod_count>
<sys_updated_by>virag.shah@capgemini.com</sys_updated_by>
<sys_updated_on>2018-03-07 13:14:51</sys_updated_on>
<table/>
<target_name/>
<type/>
<update_domain/>
<update_set display_value=""/>
<view/>
</sys_update_xml>
<sys_update_xml action="INSERT_OR_UPDATE">
<action/>
<application display_value=""/>
<category/>
<comments/>
<name>sys_security_acl_5bbf3219dbafcb802dfc78a6ae9619dc</name>
<payload>&lt;?xml version="1.0" encoding="UTF-8"?&gt;&lt;record_update table="sys_security_acl"&gt;&lt;sys_security_acl action="INSERT_OR_UPDATE"&gt;&lt;active&gt;false&lt;/active&gt;&lt;admin_overrides&gt;true&lt;/admin_overrides&gt;&lt;advanced&gt;true&lt;/advanced&gt;&lt;condition/&gt;&lt;description&gt;Default access control on u_vendor_a_w&lt;/description&gt;&lt;name&gt;u_vendor_a_w&lt;/name&gt;&lt;operation display_value="read"&gt;read&lt;/operation&gt;&lt;script&gt;&lt;![CDATA[// if (gs.getUser().getCompanyID() == 'a34d38eddb8e8f0066e6f2f5ab961928' &amp;&amp; current.sys_domain=="409c30addb8e8f0066e6f2f5ab9619e3" )
// {
// answer = true;
// }
// else
// 	{
// 		answer=false;
// 	}
	
	]]&gt;&lt;/script&gt;&lt;sys_class_name&gt;sys_security_acl&lt;/sys_class_name&gt;&lt;sys_created_by&gt;lakshmi.kalatippi@capgemini.com&lt;/sys_created_by&gt;&lt;sys_created_on&gt;2018-01-08 13:03:43&lt;/sys_created_on&gt;&lt;sys_customer_update&gt;true&lt;/sys_customer_update&gt;&lt;sys_id&gt;5bbf3219dbafcb802dfc78a6ae9619dc&lt;/sys_id&gt;&lt;sys_mod_count&gt;6&lt;/sys_mod_count&gt;&lt;sys_name&gt;u_vendor_a_w&lt;/sys_name&gt;&lt;sys_package display_value="Global" source="global"&gt;global&lt;/sys_package&gt;&lt;sys_policy/&gt;&lt;sys_replace_on_upgrade&gt;false&lt;/sys_replace_on_upgrade&gt;&lt;sys_scope display_value="Global"&gt;global&lt;/sys_scope&gt;&lt;sys_update_name&gt;sys_security_acl_5bbf3219dbafcb802dfc78a6ae9619dc&lt;/sys_update_name&gt;&lt;sys_updated_by&gt;lakshmi.kalatippi&lt;/sys_updated_by&gt;&lt;sys_updated_on&gt;2018-02-05 14:27:51&lt;/sys_updated_on&gt;&lt;type display_value="record"&gt;record&lt;/type&gt;&lt;u_relate/&gt;&lt;u_relate_table/&gt;&lt;/sys_security_acl&gt;&lt;/record_update&gt;</payload>
<remote_update_set display_value="A&amp;W Incident Management - LK - V10">b37e6d0c13fcdfc03a8e56022244b04f</remote_update_set>
<replace_on_upgrade>false</replace_on_upgrade>
<sys_created_by>virag.shah@capgemini.com</sys_created_by>
<sys_created_on>2018-03-07 13:14:51</sys_created_on>
<sys_id>7b7e6d0c13fcdfc03a8e56022244b04f</sys_id>
<sys_mod_count>0</sys_mod_count>
<sys_updated_by>virag.shah@capgemini.com</sys_updated_by>
<sys_updated_on>2018-03-07 13:14:51</sys_updated_on>
<table/>
<target_name/>
<type/>
<update_domain/>
<update_set display_value=""/>
<view/>
</sys_update_xml>
<sys_update_xml action="INSERT_OR_UPDATE">
<action/>
<application display_value=""/>
<category/>
<comments/>
<name>sys_security_acl_59fa2752db481380a8a37dfdae9619d4</name>
<payload><![CDATA[<?xml version="1.0" encoding="UTF-8"?><record_update table="sys_security_acl"><sys_security_acl action="INSERT_OR_UPDATE"><active>true</active><admin_overrides>true</admin_overrides><advanced>false</advanced><condition table="incident.u_restaurant_a_w">sys_domain=409c30addb8e8f0066e6f2f5ab9619e3^EQ<item endquery="true" field="" goto="false" newquery="false" operator="=" or="false" value=""/></condition><description/><name>incident.u_restaurant_a_w</name><operation display_value="read">read</operation><script/><sys_class_name>sys_security_acl</sys_class_name><sys_created_by>lakshmi.kalatippi</sys_created_by><sys_created_on>2018-02-05 15:23:50</sys_created_on><sys_customer_update>true</sys_customer_update><sys_id>59fa2752db481380a8a37dfdae9619d4</sys_id><sys_mod_count>0</sys_mod_count><sys_name>incident.u_restaurant_a_w</sys_name><sys_package display_value="Global" source="global">global</sys_package><sys_policy/><sys_replace_on_upgrade>false</sys_replace_on_upgrade><sys_scope display_value="Global">global</sys_scope><sys_update_name>sys_security_acl_59fa2752db481380a8a37dfdae9619d4</sys_update_name><sys_updated_by>lakshmi.kalatippi</sys_updated_by><sys_updated_on>2018-02-05 15:23:50</sys_updated_on><type display_value="record">record</type><u_relate/><u_relate_table/></sys_security_acl></record_update>]]></payload>
<remote_update_set display_value="A&amp;W Incident Management - LK - V10">b37e6d0c13fcdfc03a8e56022244b04f</remote_update_set>
<replace_on_upgrade>false</replace_on_upgrade>
<sys_created_by>virag.shah@capgemini.com</sys_created_by>
<sys_created_on>2018-03-07 13:14:51</sys_created_on>
<sys_id>b77e6d0c13fcdfc03a8e56022244b04f</sys_id>
<sys_mod_count>0</sys_mod_count>
<sys_updated_by>virag.shah@capgemini.com</sys_updated_by>
<sys_updated_on>2018-03-07 13:14:51</sys_updated_on>
<table/>
<target_name/>
<type/>
<update_domain/>
<update_set display_value=""/>
<view/>
</sys_update_xml>
<sys_update_xml action="INSERT_OR_UPDATE">
<action/>
<application display_value=""/>
<category/>
<comments/>
<name>sys_security_acl_role_4bfaab92db481380a8a37dfdae961918</name>
<payload><![CDATA[<?xml version="1.0" encoding="UTF-8"?><record_update table="sys_security_acl_role"><sys_security_acl_role action="INSERT_OR_UPDATE"><sys_class_name>sys_security_acl_role</sys_class_name><sys_created_by>lakshmi.kalatippi</sys_created_by><sys_created_on>2018-02-05 15:23:50</sys_created_on><sys_customer_update>true</sys_customer_update><sys_id>4bfaab92db481380a8a37dfdae961918</sys_id><sys_mod_count>0</sys_mod_count><sys_name>.admin</sys_name><sys_package display_value="Global" source="global">global</sys_package><sys_policy/><sys_replace_on_upgrade>false</sys_replace_on_upgrade><sys_scope display_value="Global">global</sys_scope><sys_security_acl display_value="">59fa2752db481380a8a37dfdae9619d4</sys_security_acl><sys_update_name>sys_security_acl_role_4bfaab92db481380a8a37dfdae961918</sys_update_name><sys_updated_by>lakshmi.kalatippi</sys_updated_by><sys_updated_on>2018-02-05 15:23:50</sys_updated_on><sys_user_role display_value="admin" name="admin">2831a114c611228501d4ea6c309d626d</sys_user_role><transaction_id/></sys_security_acl_role></record_update>]]></payload>
<remote_update_set display_value="A&amp;W Incident Management - LK - V10">b37e6d0c13fcdfc03a8e56022244b04f</remote_update_set>
<replace_on_upgrade>false</replace_on_upgrade>
<sys_created_by>virag.shah@capgemini.com</sys_created_by>
<sys_created_on>2018-03-07 13:14:51</sys_created_on>
<sys_id>ff7e6d0c13fcdfc03a8e56022244b04f</sys_id>
<sys_mod_count>0</sys_mod_count>
<sys_updated_by>virag.shah@capgemini.com</sys_updated_by>
<sys_updated_on>2018-03-07 13:14:51</sys_updated_on>
<table/>
<target_name/>
<type/>
<update_domain/>
<update_set display_value=""/>
<view/>
</sys_update_xml>
</unload>
