<?xml version="1.0" encoding="UTF-8"?>
<unload unload_date="2018-03-07 13:13:01">
<sys_remote_update_set action="INSERT_OR_UPDATE">
<application display_value="Global">global</application>
<application_name>Global</application_name>
<application_scope>global</application_scope>
<application_version/>
<collisions/>
<commit_date/>
<deleted/>
<description/>
<inserted/>
<name>A&amp;W Incident Management - LK - V6</name>
<origin_sys_id/>
<release_date/>
<remote_sys_id>4b14e6f90f334b00c6da563be1050e3e</remote_sys_id>
<state>loaded</state>
<summary/>
<sys_class_name>sys_remote_update_set</sys_class_name>
<sys_created_by>virag.shah@capgemini.com</sys_created_by>
<sys_created_on>2018-03-07 13:13:01</sys_created_on>
<sys_id>b41e650c13fcdfc03a8e56022244b0de</sys_id>
<sys_mod_count>0</sys_mod_count>
<sys_updated_by>virag.shah@capgemini.com</sys_updated_by>
<sys_updated_on>2018-03-07 13:13:01</sys_updated_on>
<update_set display_value=""/>
<update_source display_value=""/>
<updated/>
</sys_remote_update_set>
<sys_update_xml action="INSERT_OR_UPDATE">
<action/>
<application display_value=""/>
<category/>
<comments/>
<name>sys_ui_section_ccb61d1bdb4b07402dfc78a6ae9619e6</name>
<payload><![CDATA[<?xml version="1.0" encoding="UTF-8"?><record_update><sys_ui_section caption="" section_id="ccb61d1bdb4b07402dfc78a6ae9619e6" sys_domain="409c30addb8e8f0066e6f2f5ab9619e3" table="incident" version="3" view="ess"><sys_ui_element action="INSERT_OR_UPDATE"><element>.begin_split</element><position>0</position><sys_created_by>lakshmi.kalatippi</sys_created_by><sys_created_on>2018-01-22 10:06:35</sys_created_on><sys_id>4d7d12f1dbf30f002dfc78a6ae9619d1</sys_id><sys_mod_count>0</sys_mod_count><sys_ui_formatter/><sys_ui_section caption="NULL" display_value="" name="incident" sys_domain="409c30addb8e8f0066e6f2f5ab9619e3" view="267529324a36230601e022869ee28f59">ccb61d1bdb4b07402dfc78a6ae9619e6</sys_ui_section><sys_updated_by>lakshmi.kalatippi</sys_updated_by><sys_updated_on>2018-01-22 10:06:35</sys_updated_on><sys_user/><type>.begin_split</type></sys_ui_element><sys_ui_element action="INSERT_OR_UPDATE"><element>number</element><position>1</position><sys_created_by>lakshmi.kalatippi</sys_created_by><sys_created_on>2018-01-22 10:06:35</sys_created_on><sys_id>c57d12f1dbf30f002dfc78a6ae9619d2</sys_id><sys_mod_count>0</sys_mod_count><sys_ui_formatter/><sys_ui_section caption="NULL" display_value="" name="incident" sys_domain="409c30addb8e8f0066e6f2f5ab9619e3" view="267529324a36230601e022869ee28f59">ccb61d1bdb4b07402dfc78a6ae9619e6</sys_ui_section><sys_updated_by>lakshmi.kalatippi</sys_updated_by><sys_updated_on>2018-01-22 10:06:35</sys_updated_on><sys_user/><type/></sys_ui_element><sys_ui_element action="INSERT_OR_UPDATE"><element>caller_id</element><position>2</position><sys_created_by>lakshmi.kalatippi</sys_created_by><sys_created_on>2018-01-22 10:06:35</sys_created_on><sys_id>c97d92f1dbf30f002dfc78a6ae961947</sys_id><sys_mod_count>0</sys_mod_count><sys_ui_formatter/><sys_ui_section caption="NULL" display_value="" name="incident" sys_domain="409c30addb8e8f0066e6f2f5ab9619e3" view="267529324a36230601e022869ee28f59">ccb61d1bdb4b07402dfc78a6ae9619e6</sys_ui_section><sys_updated_by>lakshmi.kalatippi</sys_updated_by><sys_updated_on>2018-01-22 10:06:35</sys_updated_on><sys_user/><type/></sys_ui_element><sys_ui_element action="INSERT_OR_UPDATE"><element>u_restaurant_aw</element><position>3</position><sys_created_by>lakshmi.kalatippi</sys_created_by><sys_created_on>2018-01-22 10:06:35</sys_created_on><sys_id>4d7d92f1dbf30f002dfc78a6ae961947</sys_id><sys_mod_count>0</sys_mod_count><sys_ui_formatter/><sys_ui_section caption="NULL" display_value="" name="incident" sys_domain="409c30addb8e8f0066e6f2f5ab9619e3" view="267529324a36230601e022869ee28f59">ccb61d1bdb4b07402dfc78a6ae9619e6</sys_ui_section><sys_updated_by>lakshmi.kalatippi</sys_updated_by><sys_updated_on>2018-01-22 10:06:35</sys_updated_on><sys_user/><type/></sys_ui_element><sys_ui_element action="INSERT_OR_UPDATE"><element>category</element><position>4</position><sys_created_by>lakshmi.kalatippi</sys_created_by><sys_created_on>2018-01-22 10:06:35</sys_created_on><sys_id>cd7d92f1dbf30f002dfc78a6ae961947</sys_id><sys_mod_count>0</sys_mod_count><sys_ui_formatter/><sys_ui_section caption="NULL" display_value="" name="incident" sys_domain="409c30addb8e8f0066e6f2f5ab9619e3" view="267529324a36230601e022869ee28f59">ccb61d1bdb4b07402dfc78a6ae9619e6</sys_ui_section><sys_updated_by>lakshmi.kalatippi</sys_updated_by><sys_updated_on>2018-01-22 10:06:35</sys_updated_on><sys_user/><type/></sys_ui_element><sys_ui_element action="INSERT_OR_UPDATE"><element>watch_list</element><position>5</position><sys_created_by>lakshmi.kalatippi</sys_created_by><sys_created_on>2018-01-22 10:06:35</sys_created_on><sys_id>417d92f1dbf30f002dfc78a6ae961948</sys_id><sys_mod_count>0</sys_mod_count><sys_ui_formatter/><sys_ui_section caption="NULL" display_value="" name="incident" sys_domain="409c30addb8e8f0066e6f2f5ab9619e3" view="267529324a36230601e022869ee28f59">ccb61d1bdb4b07402dfc78a6ae9619e6</sys_ui_section><sys_updated_by>lakshmi.kalatippi</sys_updated_by><sys_updated_on>2018-01-22 10:06:35</sys_updated_on><sys_user/><type/></sys_ui_element><sys_ui_element action="INSERT_OR_UPDATE"><element>.split</element><position>6</position><sys_created_by>lakshmi.kalatippi</sys_created_by><sys_created_on>2018-01-22 10:06:35</sys_created_on><sys_id>c17d92f1dbf30f002dfc78a6ae961948</sys_id><sys_mod_count>0</sys_mod_count><sys_ui_formatter/><sys_ui_section caption="NULL" display_value="" name="incident" sys_domain="409c30addb8e8f0066e6f2f5ab9619e3" view="267529324a36230601e022869ee28f59">ccb61d1bdb4b07402dfc78a6ae9619e6</sys_ui_section><sys_updated_by>lakshmi.kalatippi</sys_updated_by><sys_updated_on>2018-01-22 10:06:35</sys_updated_on><sys_user/><type>.split</type></sys_ui_element><sys_ui_element action="INSERT_OR_UPDATE"><element>sys_created_on</element><position>7</position><sys_created_by>lakshmi.kalatippi</sys_created_by><sys_created_on>2018-01-22 10:06:35</sys_created_on><sys_id>457d92f1dbf30f002dfc78a6ae961948</sys_id><sys_mod_count>0</sys_mod_count><sys_ui_formatter/><sys_ui_section caption="NULL" display_value="" name="incident" sys_domain="409c30addb8e8f0066e6f2f5ab9619e3" view="267529324a36230601e022869ee28f59">ccb61d1bdb4b07402dfc78a6ae9619e6</sys_ui_section><sys_updated_by>lakshmi.kalatippi</sys_updated_by><sys_updated_on>2018-01-22 10:06:35</sys_updated_on><sys_user/><type/></sys_ui_element><sys_ui_element action="INSERT_OR_UPDATE"><element>incident_state</element><position>8</position><sys_created_by>lakshmi.kalatippi</sys_created_by><sys_created_on>2018-01-22 10:06:35</sys_created_on><sys_id>c57d92f1dbf30f002dfc78a6ae961948</sys_id><sys_mod_count>0</sys_mod_count><sys_ui_formatter/><sys_ui_section caption="NULL" display_value="" name="incident" sys_domain="409c30addb8e8f0066e6f2f5ab9619e3" view="267529324a36230601e022869ee28f59">ccb61d1bdb4b07402dfc78a6ae9619e6</sys_ui_section><sys_updated_by>lakshmi.kalatippi</sys_updated_by><sys_updated_on>2018-01-22 10:06:35</sys_updated_on><sys_user/><type/></sys_ui_element><sys_ui_element action="INSERT_OR_UPDATE"><element>impact</element><position>9</position><sys_created_by>lakshmi.kalatippi</sys_created_by><sys_created_on>2018-01-22 10:06:35</sys_created_on><sys_id>497d92f1dbf30f002dfc78a6ae961948</sys_id><sys_mod_count>0</sys_mod_count><sys_ui_formatter/><sys_ui_section caption="NULL" display_value="" name="incident" sys_domain="409c30addb8e8f0066e6f2f5ab9619e3" view="267529324a36230601e022869ee28f59">ccb61d1bdb4b07402dfc78a6ae9619e6</sys_ui_section><sys_updated_by>lakshmi.kalatippi</sys_updated_by><sys_updated_on>2018-01-22 10:06:35</sys_updated_on><sys_user/><type/></sys_ui_element><sys_ui_element action="INSERT_OR_UPDATE"><element>urgency</element><position>10</position><sys_created_by>lakshmi.kalatippi</sys_created_by><sys_created_on>2018-01-22 10:06:35</sys_created_on><sys_id>c97d92f1dbf30f002dfc78a6ae961948</sys_id><sys_mod_count>0</sys_mod_count><sys_ui_formatter/><sys_ui_section caption="NULL" display_value="" name="incident" sys_domain="409c30addb8e8f0066e6f2f5ab9619e3" view="267529324a36230601e022869ee28f59">ccb61d1bdb4b07402dfc78a6ae9619e6</sys_ui_section><sys_updated_by>lakshmi.kalatippi</sys_updated_by><sys_updated_on>2018-01-22 10:06:35</sys_updated_on><sys_user/><type/></sys_ui_element><sys_ui_element action="INSERT_OR_UPDATE"><element>priority</element><position>11</position><sys_created_by>lakshmi.kalatippi</sys_created_by><sys_created_on>2018-01-22 10:06:35</sys_created_on><sys_id>4d7d92f1dbf30f002dfc78a6ae961948</sys_id><sys_mod_count>0</sys_mod_count><sys_ui_formatter/><sys_ui_section caption="NULL" display_value="" name="incident" sys_domain="409c30addb8e8f0066e6f2f5ab9619e3" view="267529324a36230601e022869ee28f59">ccb61d1bdb4b07402dfc78a6ae9619e6</sys_ui_section><sys_updated_by>lakshmi.kalatippi</sys_updated_by><sys_updated_on>2018-01-22 10:06:35</sys_updated_on><sys_user/><type/></sys_ui_element><sys_ui_element action="INSERT_OR_UPDATE"><element>assignment_group</element><position>12</position><sys_created_by>lakshmi.kalatippi</sys_created_by><sys_created_on>2018-01-22 10:06:35</sys_created_on><sys_id>cd7d92f1dbf30f002dfc78a6ae961948</sys_id><sys_mod_count>0</sys_mod_count><sys_ui_formatter/><sys_ui_section caption="NULL" display_value="" name="incident" sys_domain="409c30addb8e8f0066e6f2f5ab9619e3" view="267529324a36230601e022869ee28f59">ccb61d1bdb4b07402dfc78a6ae9619e6</sys_ui_section><sys_updated_by>lakshmi.kalatippi</sys_updated_by><sys_updated_on>2018-01-22 10:06:35</sys_updated_on><sys_user/><type/></sys_ui_element><sys_ui_element action="INSERT_OR_UPDATE"><element>.end_split</element><position>13</position><sys_created_by>lakshmi.kalatippi</sys_created_by><sys_created_on>2018-01-22 10:06:35</sys_created_on><sys_id>417d92f1dbf30f002dfc78a6ae961949</sys_id><sys_mod_count>0</sys_mod_count><sys_ui_formatter/><sys_ui_section caption="NULL" display_value="" name="incident" sys_domain="409c30addb8e8f0066e6f2f5ab9619e3" view="267529324a36230601e022869ee28f59">ccb61d1bdb4b07402dfc78a6ae9619e6</sys_ui_section><sys_updated_by>lakshmi.kalatippi</sys_updated_by><sys_updated_on>2018-01-22 10:06:35</sys_updated_on><sys_user/><type>.end_split</type></sys_ui_element><sys_ui_element action="INSERT_OR_UPDATE"><element>short_description</element><position>14</position><sys_created_by>lakshmi.kalatippi</sys_created_by><sys_created_on>2018-01-22 10:06:35</sys_created_on><sys_id>c17d92f1dbf30f002dfc78a6ae961949</sys_id><sys_mod_count>0</sys_mod_count><sys_ui_formatter/><sys_ui_section caption="NULL" display_value="" name="incident" sys_domain="409c30addb8e8f0066e6f2f5ab9619e3" view="267529324a36230601e022869ee28f59">ccb61d1bdb4b07402dfc78a6ae9619e6</sys_ui_section><sys_updated_by>lakshmi.kalatippi</sys_updated_by><sys_updated_on>2018-01-22 10:06:35</sys_updated_on><sys_user/><type/></sys_ui_element><sys_ui_element action="INSERT_OR_UPDATE"><element>comments</element><position>15</position><sys_created_by>lakshmi.kalatippi</sys_created_by><sys_created_on>2018-01-22 10:06:35</sys_created_on><sys_id>457d92f1dbf30f002dfc78a6ae961949</sys_id><sys_mod_count>0</sys_mod_count><sys_ui_formatter/><sys_ui_section caption="NULL" display_value="" name="incident" sys_domain="409c30addb8e8f0066e6f2f5ab9619e3" view="267529324a36230601e022869ee28f59">ccb61d1bdb4b07402dfc78a6ae9619e6</sys_ui_section><sys_updated_by>lakshmi.kalatippi</sys_updated_by><sys_updated_on>2018-01-22 10:06:35</sys_updated_on><sys_user/><type/></sys_ui_element><sys_ui_element action="INSERT_OR_UPDATE"><element>u_reason_for_cancellation_a_w</element><position>16</position><sys_created_by>lakshmi.kalatippi</sys_created_by><sys_created_on>2018-01-22 10:06:35</sys_created_on><sys_id>c57d92f1dbf30f002dfc78a6ae961949</sys_id><sys_mod_count>0</sys_mod_count><sys_ui_formatter/><sys_ui_section caption="NULL" display_value="" name="incident" sys_domain="409c30addb8e8f0066e6f2f5ab9619e3" view="267529324a36230601e022869ee28f59">ccb61d1bdb4b07402dfc78a6ae9619e6</sys_ui_section><sys_updated_by>lakshmi.kalatippi</sys_updated_by><sys_updated_on>2018-01-22 10:06:35</sys_updated_on><sys_user/><type/></sys_ui_element><sys_ui_element action="INSERT_OR_UPDATE"><element>activity.xml</element><position>17</position><sys_created_by>lakshmi.kalatippi</sys_created_by><sys_created_on>2018-01-22 10:06:35</sys_created_on><sys_id>497d92f1dbf30f002dfc78a6ae961949</sys_id><sys_mod_count>0</sys_mod_count><sys_ui_formatter display_value="Activities (filtered)">b832d3560a0001c700d781efe21e22f5</sys_ui_formatter><sys_ui_section caption="NULL" display_value="" name="incident" sys_domain="409c30addb8e8f0066e6f2f5ab9619e3" view="267529324a36230601e022869ee28f59">ccb61d1bdb4b07402dfc78a6ae9619e6</sys_ui_section><sys_updated_by>lakshmi.kalatippi</sys_updated_by><sys_updated_on>2018-01-22 10:06:35</sys_updated_on><sys_user/><type>formatter</type></sys_ui_element><sys_ui_section action="INSERT_OR_UPDATE"><caption/><header>false</header><name>incident</name><roles/><sys_class_name>sys_ui_section</sys_class_name><sys_created_by>shweta.hegde@capgemini.com</sys_created_by><sys_created_on>2017-12-20 14:01:12</sys_created_on><sys_customer_update>true</sys_customer_update><sys_domain>409c30addb8e8f0066e6f2f5ab9619e3</sys_domain><sys_domain_path>!!!/!!D/</sys_domain_path><sys_id>ccb61d1bdb4b07402dfc78a6ae9619e6</sys_id><sys_mod_count>0</sys_mod_count><sys_name>incident</sys_name><sys_overrides caption="NULL" display_value="" name="incident" sys_domain="global" view="267529324a36230601e022869ee28f59">4fc4979ec0a8016401e142a5a0c599ce</sys_overrides><sys_package display_value="Global" source="global">global</sys_package><sys_policy/><sys_replace_on_upgrade>false</sys_replace_on_upgrade><sys_scope display_value="Global">global</sys_scope><sys_update_name>sys_ui_section_ccb61d1bdb4b07402dfc78a6ae9619e6</sys_update_name><sys_updated_by>shweta.hegde@capgemini.com</sys_updated_by><sys_updated_on>2017-12-20 14:01:12</sys_updated_on><sys_user/><title>true</title><view display_value="Self Service" name="ess">267529324a36230601e022869ee28f59</view><view_name>ess</view_name></sys_ui_section></sys_ui_section></record_update>]]></payload>
<remote_update_set display_value="A&amp;W Incident Management - LK - V6">b41e650c13fcdfc03a8e56022244b0de</remote_update_set>
<replace_on_upgrade>false</replace_on_upgrade>
<sys_created_by>virag.shah@capgemini.com</sys_created_by>
<sys_created_on>2018-03-07 13:13:01</sys_created_on>
<sys_id>301e650c13fcdfc03a8e56022244b0df</sys_id>
<sys_mod_count>0</sys_mod_count>
<sys_updated_by>virag.shah@capgemini.com</sys_updated_by>
<sys_updated_on>2018-03-07 13:13:01</sys_updated_on>
<table/>
<target_name/>
<type/>
<update_domain/>
<update_set display_value=""/>
<view/>
</sys_update_xml>
<sys_update_xml action="INSERT_OR_UPDATE">
<action/>
<application display_value=""/>
<category/>
<comments/>
<name>sys_ui_section_cc413ee4db6a0700a8a37dfdae96195d</name>
<payload><![CDATA[<?xml version="1.0" encoding="UTF-8"?><record_update><sys_ui_section caption="" section_id="cc413ee4db6a0700a8a37dfdae96195d" sys_domain="409c30addb8e8f0066e6f2f5ab9619e3" table="incident" version="3" view=""><sys_ui_element action="INSERT_OR_UPDATE"><element>process_flow.xml</element><position>0</position><sys_created_by>lakshmi.kalatippi</sys_created_by><sys_created_on>2018-01-22 09:22:02</sys_created_on><sys_id>d84396b5dbb30f002dfc78a6ae961938</sys_id><sys_mod_count>0</sys_mod_count><sys_ui_formatter display_value="Process Flow">3706f92da413f54cda254a6241af34f5</sys_ui_formatter><sys_ui_section caption="NULL" display_value="" name="incident" sys_domain="409c30addb8e8f0066e6f2f5ab9619e3" view="Default view">cc413ee4db6a0700a8a37dfdae96195d</sys_ui_section><sys_updated_by>lakshmi.kalatippi</sys_updated_by><sys_updated_on>2018-01-22 09:22:02</sys_updated_on><sys_user/><type>formatter</type></sys_ui_element><sys_ui_element action="INSERT_OR_UPDATE"><element>.begin_split</element><position>1</position><sys_created_by>lakshmi.kalatippi</sys_created_by><sys_created_on>2018-01-22 09:22:02</sys_created_on><sys_id>9c4396b5dbb30f002dfc78a6ae961938</sys_id><sys_mod_count>0</sys_mod_count><sys_ui_formatter/><sys_ui_section caption="NULL" display_value="" name="incident" sys_domain="409c30addb8e8f0066e6f2f5ab9619e3" view="Default view">cc413ee4db6a0700a8a37dfdae96195d</sys_ui_section><sys_updated_by>lakshmi.kalatippi</sys_updated_by><sys_updated_on>2018-01-22 09:22:02</sys_updated_on><sys_user/><type>.begin_split</type></sys_ui_element><sys_ui_element action="INSERT_OR_UPDATE"><element>number</element><position>2</position><sys_created_by>lakshmi.kalatippi</sys_created_by><sys_created_on>2018-01-22 09:22:02</sys_created_on><sys_id>104396b5dbb30f002dfc78a6ae961939</sys_id><sys_mod_count>0</sys_mod_count><sys_ui_formatter/><sys_ui_section caption="NULL" display_value="" name="incident" sys_domain="409c30addb8e8f0066e6f2f5ab9619e3" view="Default view">cc413ee4db6a0700a8a37dfdae96195d</sys_ui_section><sys_updated_by>lakshmi.kalatippi</sys_updated_by><sys_updated_on>2018-01-22 09:22:02</sys_updated_on><sys_user/><type/></sys_ui_element><sys_ui_element action="INSERT_OR_UPDATE"><element>caller_id</element><position>3</position><sys_created_by>lakshmi.kalatippi</sys_created_by><sys_created_on>2018-01-22 09:22:02</sys_created_on><sys_id>904396b5dbb30f002dfc78a6ae961939</sys_id><sys_mod_count>0</sys_mod_count><sys_ui_formatter/><sys_ui_section caption="NULL" display_value="" name="incident" sys_domain="409c30addb8e8f0066e6f2f5ab9619e3" view="Default view">cc413ee4db6a0700a8a37dfdae96195d</sys_ui_section><sys_updated_by>lakshmi.kalatippi</sys_updated_by><sys_updated_on>2018-01-22 09:22:02</sys_updated_on><sys_user/><type/></sys_ui_element><sys_ui_element action="INSERT_OR_UPDATE"><element>caller_id.location</element><position>4</position><sys_created_by>lakshmi.kalatippi</sys_created_by><sys_created_on>2018-01-22 09:22:02</sys_created_on><sys_id>144396b5dbb30f002dfc78a6ae961939</sys_id><sys_mod_count>0</sys_mod_count><sys_ui_formatter/><sys_ui_section caption="NULL" display_value="" name="incident" sys_domain="409c30addb8e8f0066e6f2f5ab9619e3" view="Default view">cc413ee4db6a0700a8a37dfdae96195d</sys_ui_section><sys_updated_by>lakshmi.kalatippi</sys_updated_by><sys_updated_on>2018-01-22 09:22:02</sys_updated_on><sys_user/><type/></sys_ui_element><sys_ui_element action="INSERT_OR_UPDATE"><element>u_restaurant_aw</element><position>5</position><sys_created_by>lakshmi.kalatippi</sys_created_by><sys_created_on>2018-01-22 09:22:02</sys_created_on><sys_id>944396b5dbb30f002dfc78a6ae961939</sys_id><sys_mod_count>0</sys_mod_count><sys_ui_formatter/><sys_ui_section caption="NULL" display_value="" name="incident" sys_domain="409c30addb8e8f0066e6f2f5ab9619e3" view="Default view">cc413ee4db6a0700a8a37dfdae96195d</sys_ui_section><sys_updated_by>lakshmi.kalatippi</sys_updated_by><sys_updated_on>2018-01-22 09:22:02</sys_updated_on><sys_user/><type/></sys_ui_element><sys_ui_element action="INSERT_OR_UPDATE"><element>impact</element><position>6</position><sys_created_by>lakshmi.kalatippi</sys_created_by><sys_created_on>2018-01-22 09:22:02</sys_created_on><sys_id>184396b5dbb30f002dfc78a6ae961939</sys_id><sys_mod_count>0</sys_mod_count><sys_ui_formatter/><sys_ui_section caption="NULL" display_value="" name="incident" sys_domain="409c30addb8e8f0066e6f2f5ab9619e3" view="Default view">cc413ee4db6a0700a8a37dfdae96195d</sys_ui_section><sys_updated_by>lakshmi.kalatippi</sys_updated_by><sys_updated_on>2018-01-22 09:22:02</sys_updated_on><sys_user/><type/></sys_ui_element><sys_ui_element action="INSERT_OR_UPDATE"><element>urgency</element><position>7</position><sys_created_by>lakshmi.kalatippi</sys_created_by><sys_created_on>2018-01-22 09:22:02</sys_created_on><sys_id>984396b5dbb30f002dfc78a6ae961939</sys_id><sys_mod_count>0</sys_mod_count><sys_ui_formatter/><sys_ui_section caption="NULL" display_value="" name="incident" sys_domain="409c30addb8e8f0066e6f2f5ab9619e3" view="Default view">cc413ee4db6a0700a8a37dfdae96195d</sys_ui_section><sys_updated_by>lakshmi.kalatippi</sys_updated_by><sys_updated_on>2018-01-22 09:22:02</sys_updated_on><sys_user/><type/></sys_ui_element><sys_ui_element action="INSERT_OR_UPDATE"><element>priority</element><position>8</position><sys_created_by>lakshmi.kalatippi</sys_created_by><sys_created_on>2018-01-22 09:22:02</sys_created_on><sys_id>1c4396b5dbb30f002dfc78a6ae961939</sys_id><sys_mod_count>0</sys_mod_count><sys_ui_formatter/><sys_ui_section caption="NULL" display_value="" name="incident" sys_domain="409c30addb8e8f0066e6f2f5ab9619e3" view="Default view">cc413ee4db6a0700a8a37dfdae96195d</sys_ui_section><sys_updated_by>lakshmi.kalatippi</sys_updated_by><sys_updated_on>2018-01-22 09:22:02</sys_updated_on><sys_user/><type/></sys_ui_element><sys_ui_element action="INSERT_OR_UPDATE"><element>.split</element><position>9</position><sys_created_by>lakshmi.kalatippi</sys_created_by><sys_created_on>2018-01-22 09:22:02</sys_created_on><sys_id>9c4396b5dbb30f002dfc78a6ae961939</sys_id><sys_mod_count>0</sys_mod_count><sys_ui_formatter/><sys_ui_section caption="NULL" display_value="" name="incident" sys_domain="409c30addb8e8f0066e6f2f5ab9619e3" view="Default view">cc413ee4db6a0700a8a37dfdae96195d</sys_ui_section><sys_updated_by>lakshmi.kalatippi</sys_updated_by><sys_updated_on>2018-01-22 09:22:02</sys_updated_on><sys_user/><type>.split</type></sys_ui_element><sys_ui_element action="INSERT_OR_UPDATE"><element>sys_created_on</element><position>10</position><sys_created_by>lakshmi.kalatippi</sys_created_by><sys_created_on>2018-01-22 09:22:02</sys_created_on><sys_id>104396b5dbb30f002dfc78a6ae96193a</sys_id><sys_mod_count>0</sys_mod_count><sys_ui_formatter/><sys_ui_section caption="NULL" display_value="" name="incident" sys_domain="409c30addb8e8f0066e6f2f5ab9619e3" view="Default view">cc413ee4db6a0700a8a37dfdae96195d</sys_ui_section><sys_updated_by>lakshmi.kalatippi</sys_updated_by><sys_updated_on>2018-01-22 09:22:02</sys_updated_on><sys_user/><type/></sys_ui_element><sys_ui_element action="INSERT_OR_UPDATE"><element>opened_by</element><position>11</position><sys_created_by>lakshmi.kalatippi</sys_created_by><sys_created_on>2018-01-22 09:22:02</sys_created_on><sys_id>584396b5dbb30f002dfc78a6ae961946</sys_id><sys_mod_count>0</sys_mod_count><sys_ui_formatter/><sys_ui_section caption="NULL" display_value="" name="incident" sys_domain="409c30addb8e8f0066e6f2f5ab9619e3" view="Default view">cc413ee4db6a0700a8a37dfdae96195d</sys_ui_section><sys_updated_by>lakshmi.kalatippi</sys_updated_by><sys_updated_on>2018-01-22 09:22:02</sys_updated_on><sys_user/><type/></sys_ui_element><sys_ui_element action="INSERT_OR_UPDATE"><element>incident_state</element><position>12</position><sys_created_by>lakshmi.kalatippi</sys_created_by><sys_created_on>2018-01-22 09:22:02</sys_created_on><sys_id>d84396b5dbb30f002dfc78a6ae961946</sys_id><sys_mod_count>0</sys_mod_count><sys_ui_formatter/><sys_ui_section caption="NULL" display_value="" name="incident" sys_domain="409c30addb8e8f0066e6f2f5ab9619e3" view="Default view">cc413ee4db6a0700a8a37dfdae96195d</sys_ui_section><sys_updated_by>lakshmi.kalatippi</sys_updated_by><sys_updated_on>2018-01-22 09:22:02</sys_updated_on><sys_user/><type/></sys_ui_element><sys_ui_element action="INSERT_OR_UPDATE"><element>u_vendor_a_w</element><position>13</position><sys_created_by>lakshmi.kalatippi</sys_created_by><sys_created_on>2018-01-22 09:22:02</sys_created_on><sys_id>5c4396b5dbb30f002dfc78a6ae961946</sys_id><sys_mod_count>0</sys_mod_count><sys_ui_formatter/><sys_ui_section caption="NULL" display_value="" name="incident" sys_domain="409c30addb8e8f0066e6f2f5ab9619e3" view="Default view">cc413ee4db6a0700a8a37dfdae96195d</sys_ui_section><sys_updated_by>lakshmi.kalatippi</sys_updated_by><sys_updated_on>2018-01-22 09:22:02</sys_updated_on><sys_user/><type/></sys_ui_element><sys_ui_element action="INSERT_OR_UPDATE"><element>contact_type</element><position>14</position><sys_created_by>lakshmi.kalatippi</sys_created_by><sys_created_on>2018-01-22 09:22:02</sys_created_on><sys_id>dc4396b5dbb30f002dfc78a6ae961946</sys_id><sys_mod_count>0</sys_mod_count><sys_ui_formatter/><sys_ui_section caption="NULL" display_value="" name="incident" sys_domain="409c30addb8e8f0066e6f2f5ab9619e3" view="Default view">cc413ee4db6a0700a8a37dfdae96195d</sys_ui_section><sys_updated_by>lakshmi.kalatippi</sys_updated_by><sys_updated_on>2018-01-22 09:22:02</sys_updated_on><sys_user/><type/></sys_ui_element><sys_ui_element action="INSERT_OR_UPDATE"><element>category</element><position>15</position><sys_created_by>lakshmi.kalatippi</sys_created_by><sys_created_on>2018-01-22 09:22:02</sys_created_on><sys_id>504396b5dbb30f002dfc78a6ae961947</sys_id><sys_mod_count>0</sys_mod_count><sys_ui_formatter/><sys_ui_section caption="NULL" display_value="" name="incident" sys_domain="409c30addb8e8f0066e6f2f5ab9619e3" view="Default view">cc413ee4db6a0700a8a37dfdae96195d</sys_ui_section><sys_updated_by>lakshmi.kalatippi</sys_updated_by><sys_updated_on>2018-01-22 09:22:02</sys_updated_on><sys_user/><type/></sys_ui_element><sys_ui_element action="INSERT_OR_UPDATE"><element>subcategory</element><position>16</position><sys_created_by>lakshmi.kalatippi</sys_created_by><sys_created_on>2018-01-22 09:22:02</sys_created_on><sys_id>d04396b5dbb30f002dfc78a6ae961947</sys_id><sys_mod_count>0</sys_mod_count><sys_ui_formatter/><sys_ui_section caption="NULL" display_value="" name="incident" sys_domain="409c30addb8e8f0066e6f2f5ab9619e3" view="Default view">cc413ee4db6a0700a8a37dfdae96195d</sys_ui_section><sys_updated_by>lakshmi.kalatippi</sys_updated_by><sys_updated_on>2018-01-22 09:22:02</sys_updated_on><sys_user/><type/></sys_ui_element><sys_ui_element action="INSERT_OR_UPDATE"><element>assignment_group</element><position>17</position><sys_created_by>lakshmi.kalatippi</sys_created_by><sys_created_on>2018-01-22 09:22:02</sys_created_on><sys_id>544396b5dbb30f002dfc78a6ae961947</sys_id><sys_mod_count>0</sys_mod_count><sys_ui_formatter/><sys_ui_section caption="NULL" display_value="" name="incident" sys_domain="409c30addb8e8f0066e6f2f5ab9619e3" view="Default view">cc413ee4db6a0700a8a37dfdae96195d</sys_ui_section><sys_updated_by>lakshmi.kalatippi</sys_updated_by><sys_updated_on>2018-01-22 09:22:02</sys_updated_on><sys_user/><type/></sys_ui_element><sys_ui_element action="INSERT_OR_UPDATE"><element>assigned_to</element><position>18</position><sys_created_by>lakshmi.kalatippi</sys_created_by><sys_created_on>2018-01-22 09:22:02</sys_created_on><sys_id>d44396b5dbb30f002dfc78a6ae961947</sys_id><sys_mod_count>0</sys_mod_count><sys_ui_formatter/><sys_ui_section caption="NULL" display_value="" name="incident" sys_domain="409c30addb8e8f0066e6f2f5ab9619e3" view="Default view">cc413ee4db6a0700a8a37dfdae96195d</sys_ui_section><sys_updated_by>lakshmi.kalatippi</sys_updated_by><sys_updated_on>2018-01-22 09:22:02</sys_updated_on><sys_user/><type/></sys_ui_element><sys_ui_element action="INSERT_OR_UPDATE"><element>.end_split</element><position>19</position><sys_created_by>lakshmi.kalatippi</sys_created_by><sys_created_on>2018-01-22 09:22:02</sys_created_on><sys_id>584396b5dbb30f002dfc78a6ae961947</sys_id><sys_mod_count>0</sys_mod_count><sys_ui_formatter/><sys_ui_section caption="NULL" display_value="" name="incident" sys_domain="409c30addb8e8f0066e6f2f5ab9619e3" view="Default view">cc413ee4db6a0700a8a37dfdae96195d</sys_ui_section><sys_updated_by>lakshmi.kalatippi</sys_updated_by><sys_updated_on>2018-01-22 09:22:02</sys_updated_on><sys_user/><type>.end_split</type></sys_ui_element><sys_ui_element action="INSERT_OR_UPDATE"><element>short_description</element><position>20</position><sys_created_by>lakshmi.kalatippi</sys_created_by><sys_created_on>2018-01-22 09:22:02</sys_created_on><sys_id>d84396b5dbb30f002dfc78a6ae961947</sys_id><sys_mod_count>0</sys_mod_count><sys_ui_formatter/><sys_ui_section caption="NULL" display_value="" name="incident" sys_domain="409c30addb8e8f0066e6f2f5ab9619e3" view="Default view">cc413ee4db6a0700a8a37dfdae96195d</sys_ui_section><sys_updated_by>lakshmi.kalatippi</sys_updated_by><sys_updated_on>2018-01-22 09:22:02</sys_updated_on><sys_user/><type/></sys_ui_element><sys_ui_element action="INSERT_OR_UPDATE"><element>description</element><position>21</position><sys_created_by>lakshmi.kalatippi</sys_created_by><sys_created_on>2018-01-22 09:22:02</sys_created_on><sys_id>5c4396b5dbb30f002dfc78a6ae961947</sys_id><sys_mod_count>0</sys_mod_count><sys_ui_formatter/><sys_ui_section caption="NULL" display_value="" name="incident" sys_domain="409c30addb8e8f0066e6f2f5ab9619e3" view="Default view">cc413ee4db6a0700a8a37dfdae96195d</sys_ui_section><sys_updated_by>lakshmi.kalatippi</sys_updated_by><sys_updated_on>2018-01-22 09:22:02</sys_updated_on><sys_user/><type/></sys_ui_element><sys_ui_section action="INSERT_OR_UPDATE"><caption/><header>false</header><name>incident</name><roles/><sys_class_name>sys_ui_section</sys_class_name><sys_created_by>lakshmi.kalatippi@capgemini.com</sys_created_by><sys_created_on>2017-11-17 11:02:11</sys_created_on><sys_customer_update>true</sys_customer_update><sys_domain>409c30addb8e8f0066e6f2f5ab9619e3</sys_domain><sys_domain_path>!!!/!!D/</sys_domain_path><sys_id>cc413ee4db6a0700a8a37dfdae96195d</sys_id><sys_mod_count>0</sys_mod_count><sys_name>incident</sys_name><sys_overrides caption="NULL" display_value="" name="incident" sys_domain="global" view="Default view">bf1d96e3c0a801640190725e63f8ac80</sys_overrides><sys_package display_value="Global" source="global">global</sys_package><sys_policy/><sys_replace_on_upgrade>false</sys_replace_on_upgrade><sys_scope display_value="Global">global</sys_scope><sys_update_name>sys_ui_section_cc413ee4db6a0700a8a37dfdae96195d</sys_update_name><sys_updated_by>lakshmi.kalatippi@capgemini.com</sys_updated_by><sys_updated_on>2017-11-17 11:02:11</sys_updated_on><sys_user/><title>true</title><view display_value="Default view" name="NULL">Default view</view><view_name/></sys_ui_section></sys_ui_section></record_update>]]></payload>
<remote_update_set display_value="A&amp;W Incident Management - LK - V6">b41e650c13fcdfc03a8e56022244b0de</remote_update_set>
<replace_on_upgrade>false</replace_on_upgrade>
<sys_created_by>virag.shah@capgemini.com</sys_created_by>
<sys_created_on>2018-03-07 13:13:01</sys_created_on>
<sys_id>7c1e650c13fcdfc03a8e56022244b0de</sys_id>
<sys_mod_count>0</sys_mod_count>
<sys_updated_by>virag.shah@capgemini.com</sys_updated_by>
<sys_updated_on>2018-03-07 13:13:01</sys_updated_on>
<table/>
<target_name/>
<type/>
<update_domain/>
<update_set display_value=""/>
<view/>
</sys_update_xml>
<sys_update_xml action="INSERT_OR_UPDATE">
<action/>
<application display_value=""/>
<category/>
<comments/>
<name>sys_security_acl_1334b6a4dbbfc7002dfc78a6ae96194b</name>
<payload>&lt;?xml version="1.0" encoding="UTF-8"?&gt;&lt;record_update table="sys_security_acl"&gt;&lt;sys_security_acl action="INSERT_OR_UPDATE"&gt;&lt;active&gt;true&lt;/active&gt;&lt;admin_overrides&gt;true&lt;/admin_overrides&gt;&lt;advanced&gt;true&lt;/advanced&gt;&lt;condition/&gt;&lt;description&gt;ACL to make the field editable for A&amp;amp;W End user&lt;/description&gt;&lt;name&gt;task.u_restaurant_aw&lt;/name&gt;&lt;operation display_value="read"&gt;read&lt;/operation&gt;&lt;script&gt;&lt;![CDATA[ //if (gs.getUser().getCompanyID() == 'a34d38eddb8e8f0066e6f2f5ab961928' &amp;&amp; gs.getUser().getDomainID()=="409c30addb8e8f0066e6f2f5ab9619e3"){
// 	answer = true;
// }
// else{
// 	answer=false;
//}
]]&gt;&lt;/script&gt;&lt;sys_class_name&gt;sys_security_acl&lt;/sys_class_name&gt;&lt;sys_created_by&gt;rkulshreshtha&lt;/sys_created_by&gt;&lt;sys_created_on&gt;2018-01-18 14:33:45&lt;/sys_created_on&gt;&lt;sys_customer_update&gt;true&lt;/sys_customer_update&gt;&lt;sys_id&gt;1334b6a4dbbfc7002dfc78a6ae96194b&lt;/sys_id&gt;&lt;sys_mod_count&gt;10&lt;/sys_mod_count&gt;&lt;sys_name&gt;task.u_restaurant_aw&lt;/sys_name&gt;&lt;sys_package display_value="Global" source="global"&gt;global&lt;/sys_package&gt;&lt;sys_policy/&gt;&lt;sys_replace_on_upgrade&gt;false&lt;/sys_replace_on_upgrade&gt;&lt;sys_scope display_value="Global"&gt;global&lt;/sys_scope&gt;&lt;sys_update_name&gt;sys_security_acl_1334b6a4dbbfc7002dfc78a6ae96194b&lt;/sys_update_name&gt;&lt;sys_updated_by&gt;lakshmi.kalatippi&lt;/sys_updated_by&gt;&lt;sys_updated_on&gt;2018-01-22 09:54:00&lt;/sys_updated_on&gt;&lt;type display_value="record"&gt;record&lt;/type&gt;&lt;u_relate/&gt;&lt;u_relate_table/&gt;&lt;/sys_security_acl&gt;&lt;/record_update&gt;</payload>
<remote_update_set display_value="A&amp;W Incident Management - LK - V6">b41e650c13fcdfc03a8e56022244b0de</remote_update_set>
<replace_on_upgrade>false</replace_on_upgrade>
<sys_created_by>virag.shah@capgemini.com</sys_created_by>
<sys_created_on>2018-03-07 13:13:01</sys_created_on>
<sys_id>b81e650c13fcdfc03a8e56022244b0de</sys_id>
<sys_mod_count>0</sys_mod_count>
<sys_updated_by>virag.shah@capgemini.com</sys_updated_by>
<sys_updated_on>2018-03-07 13:13:01</sys_updated_on>
<table/>
<target_name/>
<type/>
<update_domain/>
<update_set display_value=""/>
<view/>
</sys_update_xml>
</unload>
