<?xml version="1.0" encoding="UTF-8"?>
<unload unload_date="2018-03-07 13:14:34">
<sys_remote_update_set action="INSERT_OR_UPDATE">
<application display_value="Global">global</application>
<application_name>Global</application_name>
<application_scope>global</application_scope>
<application_version/>
<collisions/>
<commit_date/>
<deleted/>
<description>For SLAs</description>
<inserted/>
<name>A&amp;W Incident Management - LK - V9</name>
<origin_sys_id/>
<release_date/>
<remote_sys_id>4b8704e90f809740c6da563be1050e4a</remote_sys_id>
<state>loaded</state>
<summary/>
<sys_class_name>sys_remote_update_set</sys_class_name>
<sys_created_by>virag.shah@capgemini.com</sys_created_by>
<sys_created_on>2018-03-07 13:14:34</sys_created_on>
<sys_id>5f6e2d0c13fcdfc03a8e56022244b036</sys_id>
<sys_mod_count>0</sys_mod_count>
<sys_updated_by>virag.shah@capgemini.com</sys_updated_by>
<sys_updated_on>2018-03-07 13:14:34</sys_updated_on>
<update_set display_value=""/>
<update_source display_value=""/>
<updated/>
</sys_remote_update_set>
<sys_update_xml action="INSERT_OR_UPDATE">
<action/>
<application display_value=""/>
<category/>
<comments/>
<name>sys_security_acl_role_0a32c061db805f40a8a37dfdae9619c1</name>
<payload><![CDATA[<?xml version="1.0" encoding="UTF-8"?><record_update table="sys_security_acl_role"><sys_security_acl_role action="INSERT_OR_UPDATE"><sys_class_name>sys_security_acl_role</sys_class_name><sys_created_by>lakshmi.kalatippi</sys_created_by><sys_created_on>2018-02-02 14:26:02</sys_created_on><sys_customer_update>true</sys_customer_update><sys_id>0a32c061db805f40a8a37dfdae9619c1</sys_id><sys_mod_count>0</sys_mod_count><sys_name>incident.u_reason_for_cancellation_a_w.A&amp;W ITIL</sys_name><sys_package display_value="Global" source="global">global</sys_package><sys_policy/><sys_replace_on_upgrade>false</sys_replace_on_upgrade><sys_scope display_value="Global">global</sys_scope><sys_security_acl display_value="incident.u_reason_for_cancellation_a_w">8eec8b60dbf7cb00a8a37dfdae9619b4</sys_security_acl><sys_update_name>sys_security_acl_role_0a32c061db805f40a8a37dfdae9619c1</sys_update_name><sys_updated_by>lakshmi.kalatippi</sys_updated_by><sys_updated_on>2018-02-02 14:26:02</sys_updated_on><sys_user_role display_value="A&amp;W ITIL" name="A&amp;W ITIL">f4bd3857db0b07402dfc78a6ae9619fc</sys_user_role><transaction_id/></sys_security_acl_role></record_update>]]></payload>
<remote_update_set display_value="A&amp;W Incident Management - LK - V9">5f6e2d0c13fcdfc03a8e56022244b036</remote_update_set>
<replace_on_upgrade>false</replace_on_upgrade>
<sys_created_by>virag.shah@capgemini.com</sys_created_by>
<sys_created_on>2018-03-07 13:14:34</sys_created_on>
<sys_id>276e2d0c13fcdfc03a8e56022244b037</sys_id>
<sys_mod_count>0</sys_mod_count>
<sys_updated_by>virag.shah@capgemini.com</sys_updated_by>
<sys_updated_on>2018-03-07 13:14:34</sys_updated_on>
<table/>
<target_name/>
<type/>
<update_domain/>
<update_set display_value=""/>
<view/>
</sys_update_xml>
<sys_update_xml action="INSERT_OR_UPDATE">
<action/>
<application display_value=""/>
<category/>
<comments/>
<name>sys_db_object_373f76d5dbafcb802dfc78a6ae9619fd</name>
<payload><![CDATA[<?xml version="1.0" encoding="UTF-8"?><record_update table="sys_db_object"><sys_db_object action="INSERT_OR_UPDATE"><access>public</access><actions_access>false</actions_access><alter_access>false</alter_access><client_scripts_access>false</client_scripts_access><configuration_access>false</configuration_access><create_access>false</create_access><create_access_controls>true</create_access_controls><delete_access>false</delete_access><extension_model/><is_extendable>false</is_extendable><label>Vendor</label><live_feed_enabled>false</live_feed_enabled><name>u_vendor_a_w</name><number_ref/><provider_class/><read_access>true</read_access><super_class/><sys_class_name>sys_db_object</sys_class_name><sys_created_by>lakshmi.kalatippi@capgemini.com</sys_created_by><sys_created_on>2018-01-08 13:03:42</sys_created_on><sys_customer_update>true</sys_customer_update><sys_id>373f76d5dbafcb802dfc78a6ae9619fd</sys_id><sys_mod_count>1</sys_mod_count><sys_name>Vendor</sys_name><sys_package display_value="Global" source="global">global</sys_package><sys_policy/><sys_replace_on_upgrade>false</sys_replace_on_upgrade><sys_scope display_value="Global">global</sys_scope><sys_update_name>sys_db_object_373f76d5dbafcb802dfc78a6ae9619fd</sys_update_name><sys_updated_by>lakshmi.kalatippi</sys_updated_by><sys_updated_on>2018-02-01 07:13:10</sys_updated_on><update_access>false</update_access><user_role display_value="A&amp;W ITIL" name="A&amp;W ITIL">f4bd3857db0b07402dfc78a6ae9619fc</user_role><ws_access>true</ws_access></sys_db_object></record_update>]]></payload>
<remote_update_set display_value="A&amp;W Incident Management - LK - V9">5f6e2d0c13fcdfc03a8e56022244b036</remote_update_set>
<replace_on_upgrade>false</replace_on_upgrade>
<sys_created_by>virag.shah@capgemini.com</sys_created_by>
<sys_created_on>2018-03-07 13:14:34</sys_created_on>
<sys_id>636e2d0c13fcdfc03a8e56022244b037</sys_id>
<sys_mod_count>0</sys_mod_count>
<sys_updated_by>virag.shah@capgemini.com</sys_updated_by>
<sys_updated_on>2018-03-07 13:14:34</sys_updated_on>
<table/>
<target_name/>
<type/>
<update_domain/>
<update_set display_value=""/>
<view/>
</sys_update_xml>
<sys_update_xml action="INSERT_OR_UPDATE">
<action/>
<application display_value=""/>
<category/>
<comments/>
<name>sys_security_acl_role_51228061db805f40a8a37dfdae9619d7</name>
<payload><![CDATA[<?xml version="1.0" encoding="UTF-8"?><record_update table="sys_security_acl_role"><sys_security_acl_role action="INSERT_OR_UPDATE"><sys_class_name>sys_security_acl_role</sys_class_name><sys_created_by>lakshmi.kalatippi</sys_created_by><sys_created_on>2018-02-02 14:26:02</sys_created_on><sys_customer_update>true</sys_customer_update><sys_id>51228061db805f40a8a37dfdae9619d7</sys_id><sys_mod_count>0</sys_mod_count><sys_name>incident.u_reason_for_cancellation_a_w.A&amp;W ESS</sys_name><sys_package display_value="Global" source="global">global</sys_package><sys_policy/><sys_replace_on_upgrade>false</sys_replace_on_upgrade><sys_scope display_value="Global">global</sys_scope><sys_security_acl display_value="incident.u_reason_for_cancellation_a_w">8eec8b60dbf7cb00a8a37dfdae9619b4</sys_security_acl><sys_update_name>sys_security_acl_role_51228061db805f40a8a37dfdae9619d7</sys_update_name><sys_updated_by>lakshmi.kalatippi</sys_updated_by><sys_updated_on>2018-02-02 14:26:02</sys_updated_on><sys_user_role display_value="A&amp;W ESS" name="A&amp;W ESS">a8b112f0db3b0b002dfc78a6ae96193b</sys_user_role><transaction_id/></sys_security_acl_role></record_update>]]></payload>
<remote_update_set display_value="A&amp;W Incident Management - LK - V9">5f6e2d0c13fcdfc03a8e56022244b036</remote_update_set>
<replace_on_upgrade>false</replace_on_upgrade>
<sys_created_by>virag.shah@capgemini.com</sys_created_by>
<sys_created_on>2018-03-07 13:14:34</sys_created_on>
<sys_id>e76e2d0c13fcdfc03a8e56022244b037</sys_id>
<sys_mod_count>0</sys_mod_count>
<sys_updated_by>virag.shah@capgemini.com</sys_updated_by>
<sys_updated_on>2018-03-07 13:14:34</sys_updated_on>
<table/>
<target_name/>
<type/>
<update_domain/>
<update_set display_value=""/>
<view/>
</sys_update_xml>
</unload>
