<?xml version="1.0" encoding="UTF-8"?>
<unload unload_date="2018-03-07 13:14:17">
<sys_remote_update_set action="INSERT_OR_UPDATE">
<application display_value="Global">global</application>
<application_name>Global</application_name>
<application_scope>global</application_scope>
<application_version/>
<collisions/>
<commit_date/>
<deleted/>
<description>For SLAs</description>
<inserted/>
<name>A&amp;W Incident Management - LK - V8</name>
<origin_sys_id/>
<release_date/>
<remote_sys_id>42aa9cde0fb78b00c6da563be1050e46</remote_sys_id>
<state>loaded</state>
<summary/>
<sys_class_name>sys_remote_update_set</sys_class_name>
<sys_created_by>virag.shah@capgemini.com</sys_created_by>
<sys_created_on>2018-03-07 13:14:17</sys_created_on>
<sys_id>975e690c13fcdfc03a8e56022244b0e3</sys_id>
<sys_mod_count>0</sys_mod_count>
<sys_updated_by>virag.shah@capgemini.com</sys_updated_by>
<sys_updated_on>2018-03-07 13:14:17</sys_updated_on>
<update_set display_value=""/>
<update_source display_value=""/>
<updated/>
</sys_remote_update_set>
<sys_update_xml action="INSERT_OR_UPDATE">
<action/>
<application display_value=""/>
<category/>
<comments/>
<name>contract_sla_c598d0d2db734340a8a37dfdae961915</name>
<payload><![CDATA[<?xml version="1.0" encoding="UTF-8"?><record_update sys_domain="409c30addb8e8f0066e6f2f5ab9619e3" table="contract_sla"><contract_sla action="INSERT_OR_UPDATE"><active>true</active><cancel_condition/><collection>incident</collection><condition_class/><duration>1970-01-01 20:00:00</duration><duration_type/><enable_logging>false</enable_logging><name>Resolution SLA: Priority 4 A&amp;W(20 Hrs)</name><pause_condition table="incident">incident_state=14^EQ<item endquery="false" field="incident_state" goto="false" newquery="false" operator="=" or="false" value="14"/><item endquery="true" field="" goto="false" newquery="false" operator="=" or="false" value=""/></pause_condition><relative_duration_works_on>Task record</relative_duration_works_on><reset_condition/><resume_condition/><retroactive>false</retroactive><retroactive_pause>true</retroactive_pause><schedule display_value="8-5 weekdays">08fcd0830a0a0b2600079f56b1adb9ae</schedule><schedule_source>sla_definition</schedule_source><schedule_source_field/><set_start_to>u_ora_alert_received</set_start_to><start_condition table="incident">active=true^priority=4^assignment_groupISNOTEMPTY^assigned_toISNOTEMPTY^EQ<item endquery="false" field="active" goto="false" newquery="false" operator="=" or="false" value="true"/><item endquery="false" field="priority" goto="false" newquery="false" operator="=" or="false" value="4"/><item endquery="false" field="assignment_group" goto="false" newquery="false" operator="ISNOTEMPTY" or="false" value=""/><item endquery="false" field="assigned_to" goto="false" newquery="false" operator="ISNOTEMPTY" or="false" value=""/><item endquery="true" field="" goto="false" newquery="false" operator="=" or="false" value=""/></start_condition><stop_condition table="incident">incident_state=6^ORincident_state=705^EQ<item endquery="false" field="incident_state" goto="false" newquery="false" operator="=" or="false" value="6"/><item endquery="false" field="incident_state" goto="false" newquery="false" operator="=" or="true" value="705"/><item endquery="true" field="" goto="false" newquery="false" operator="=" or="false" value=""/></stop_condition><sys_class_name>contract_sla</sys_class_name><sys_created_by>lakshmi.kalatippi</sys_created_by><sys_created_on>2018-01-23 13:45:34</sys_created_on><sys_customer_update>true</sys_customer_update><sys_domain>409c30addb8e8f0066e6f2f5ab9619e3</sys_domain><sys_domain_path/><sys_id>c598d0d2db734340a8a37dfdae961915</sys_id><sys_mod_count>0</sys_mod_count><sys_name>Resolution SLA: Priority 4 A&amp;W(20 Hrs)</sys_name><sys_overrides/><sys_package display_value="Global" source="global">global</sys_package><sys_policy/><sys_replace_on_upgrade>false</sys_replace_on_upgrade><sys_scope display_value="Global">global</sys_scope><sys_update_name>contract_sla_c598d0d2db734340a8a37dfdae961915</sys_update_name><sys_updated_by>lakshmi.kalatippi</sys_updated_by><sys_updated_on>2018-01-23 13:45:34</sys_updated_on><timezone/><timezone_source>task.caller_id.time_zone</timezone_source><type>SLA</type><u_ajg_sla_type/><u_group/><u_item/><u_vendor/><when_to_cancel>no_match</when_to_cancel><when_to_resume>no_match</when_to_resume><workflow display_value="Default SLA workflow">4b6570360a0a0b3000bbacab877713f2</workflow></contract_sla></record_update>]]></payload>
<remote_update_set display_value="A&amp;W Incident Management - LK - V8">975e690c13fcdfc03a8e56022244b0e3</remote_update_set>
<replace_on_upgrade>false</replace_on_upgrade>
<sys_created_by>virag.shah@capgemini.com</sys_created_by>
<sys_created_on>2018-03-07 13:14:17</sys_created_on>
<sys_id>9b5e690c13fcdfc03a8e56022244b0e3</sys_id>
<sys_mod_count>0</sys_mod_count>
<sys_updated_by>virag.shah@capgemini.com</sys_updated_by>
<sys_updated_on>2018-03-07 13:14:17</sys_updated_on>
<table/>
<target_name/>
<type/>
<update_domain/>
<update_set display_value=""/>
<view/>
</sys_update_xml>
</unload>
