<?xml version="1.0" encoding="UTF-8"?>
<unload unload_date="2018-03-08 09:17:34">
<sys_remote_update_set action="INSERT_OR_UPDATE">
<application display_value="Global">global</application>
<application_name>Global</application_name>
<application_scope>global</application_scope>
<application_version/>
<collisions/>
<commit_date/>
<deleted/>
<description/>
<inserted/>
<name>A&amp;W Knowledge Management - SH - V1</name>
<origin_sys_id/>
<release_date/>
<remote_sys_id>f35f46bd0fbf0b00c6da563be1050e8b</remote_sys_id>
<state>loaded</state>
<summary/>
<sys_class_name>sys_remote_update_set</sys_class_name>
<sys_created_by>virag.shah@capgemini.com</sys_created_by>
<sys_created_on>2018-03-08 09:17:33</sys_created_on>
<sys_id>25c18a900fb01fc0c6da563be1050e17</sys_id>
<sys_mod_count>0</sys_mod_count>
<sys_updated_by>virag.shah@capgemini.com</sys_updated_by>
<sys_updated_on>2018-03-08 09:17:33</sys_updated_on>
<update_set display_value=""/>
<update_source display_value=""/>
<updated/>
</sys_remote_update_set>
<sys_update_xml action="INSERT_OR_UPDATE">
<action/>
<application display_value=""/>
<category/>
<comments/>
<name>sys_ui_related_kb_knowledge_null_409c30addb8e8f0066e6f2f5ab9619e3</name>
<payload><![CDATA[<?xml version="1.0" encoding="UTF-8"?><record_update><sys_ui_related sys_domain="409c30addb8e8f0066e6f2f5ab9619e3" table="kb_knowledge" version="2" view=""><sys_ui_related_list_entry action="INSERT_OR_UPDATE"><filter/><list_id display_value="Knowledge - Default view" name="kb_knowledge" related_list="NULL" sys_domain="409c30addb8e8f0066e6f2f5ab9619e3" view="Default view">315a9e4edbd70fc0a8a37dfdae961978</list_id><order_by/><position>0</position><related_list>m2m_kb_ci.kb_knowledge</related_list><sys_class_name>sys_ui_related_list_entry</sys_class_name><sys_created_by>shweta.hegde@capgemini.com</sys_created_by><sys_created_on>2017-12-29 08:00:04</sys_created_on><sys_id>b15a9e4edbd70fc0a8a37dfdae961979</sys_id><sys_mod_count>0</sys_mod_count><sys_updated_by>shweta.hegde@capgemini.com</sys_updated_by><sys_updated_on>2017-12-29 08:00:04</sys_updated_on></sys_ui_related_list_entry><sys_ui_related_list_entry action="INSERT_OR_UPDATE"><filter/><list_id display_value="Knowledge - Default view" name="kb_knowledge" related_list="NULL" sys_domain="409c30addb8e8f0066e6f2f5ab9619e3" view="Default view">315a9e4edbd70fc0a8a37dfdae961978</list_id><order_by/><position>1</position><related_list>kb_feedback.article</related_list><sys_class_name>sys_ui_related_list_entry</sys_class_name><sys_created_by>shweta.hegde@capgemini.com</sys_created_by><sys_created_on>2017-12-29 08:00:04</sys_created_on><sys_id>b15a9e4edbd70fc0a8a37dfdae96197a</sys_id><sys_mod_count>0</sys_mod_count><sys_updated_by>shweta.hegde@capgemini.com</sys_updated_by><sys_updated_on>2017-12-29 08:00:04</sys_updated_on></sys_ui_related_list_entry><sys_ui_related_list action="INSERT_OR_UPDATE"><calculated_name>Knowledge - Default view</calculated_name><filter/><name>kb_knowledge</name><order_by/><position/><related_list/><sys_class_name>sys_ui_related_list</sys_class_name><sys_created_by>shweta.hegde@capgemini.com</sys_created_by><sys_created_on>2017-12-29 08:00:04</sys_created_on><sys_customer_update>true</sys_customer_update><sys_domain>409c30addb8e8f0066e6f2f5ab9619e3</sys_domain><sys_domain_path>!!!/!!D/</sys_domain_path><sys_id>315a9e4edbd70fc0a8a37dfdae961978</sys_id><sys_mod_count>0</sys_mod_count><sys_name>Knowledge - Default view</sys_name><sys_package display_value="Global" source="global">global</sys_package><sys_policy/><sys_replace_on_upgrade>false</sys_replace_on_upgrade><sys_scope display_value="Global">global</sys_scope><sys_update_name>sys_ui_related_kb_knowledge_null_409c30addb8e8f0066e6f2f5ab9619e3</sys_update_name><sys_updated_by>shweta.hegde@capgemini.com</sys_updated_by><sys_updated_on>2017-12-29 08:00:04</sys_updated_on><sys_user/><view display_value="Default view" name="NULL">Default view</view><view_name/></sys_ui_related_list></sys_ui_related></record_update>]]></payload>
<remote_update_set display_value="A&amp;W Knowledge Management - SH - V1">25c18a900fb01fc0c6da563be1050e17</remote_update_set>
<replace_on_upgrade>false</replace_on_upgrade>
<sys_created_by>virag.shah@capgemini.com</sys_created_by>
<sys_created_on>2018-03-08 09:17:33</sys_created_on>
<sys_id>21c14e940ff01fc0c6da563be1050e62</sys_id>
<sys_mod_count>0</sys_mod_count>
<sys_updated_by>virag.shah@capgemini.com</sys_updated_by>
<sys_updated_on>2018-03-08 09:17:33</sys_updated_on>
<table/>
<target_name/>
<type/>
<update_domain/>
<update_set display_value=""/>
<view/>
</sys_update_xml>
<sys_update_xml action="INSERT_OR_UPDATE">
<action/>
<application display_value=""/>
<category/>
<comments/>
<name>sys_ui_action_1d716502dbab0300a8a37dfdae961977</name>
<payload>&lt;?xml version="1.0" encoding="UTF-8"?&gt;&lt;record_update sys_domain="409c30addb8e8f0066e6f2f5ab9619e3" table="sys_ui_action"&gt;&lt;sys_ui_action action="INSERT_OR_UPDATE"&gt;&lt;action_name/&gt;&lt;active&gt;true&lt;/active&gt;&lt;client&gt;false&lt;/client&gt;&lt;comments/&gt;&lt;condition/&gt;&lt;form_action&gt;true&lt;/form_action&gt;&lt;form_button&gt;true&lt;/form_button&gt;&lt;form_context_menu&gt;false&lt;/form_context_menu&gt;&lt;form_link&gt;false&lt;/form_link&gt;&lt;hint/&gt;&lt;list_action&gt;false&lt;/list_action&gt;&lt;list_banner_button&gt;false&lt;/list_banner_button&gt;&lt;list_button&gt;false&lt;/list_button&gt;&lt;list_choice&gt;false&lt;/list_choice&gt;&lt;list_context_menu&gt;false&lt;/list_context_menu&gt;&lt;list_link&gt;false&lt;/list_link&gt;&lt;list_save_with_form_button&gt;false&lt;/list_save_with_form_button&gt;&lt;name&gt;Create Article&lt;/name&gt;&lt;onclick/&gt;&lt;order&gt;100&lt;/order&gt;&lt;script&gt;&lt;![CDATA[generateKB();

function generateKB() {
    if (current.changes())
      current.update();
    var gr = new GlideRecord('kb_knowledge');
    gr.initialize();
    gr.newRecord();
    gr.text = current.text;
    gr.source = current.sys_id;
    gr.sys_domain = current.sys_domain;
    gr.short_description = current.short_description;
	gr.topic='News';
    gr.valid_to = current.valid_to;
    gr.direct = current.direct;
    gr.display_attachments = current.display_attachments;
	gr.kb_knowledge_base = 'dfc19531bf2021003f07e2c1ac0739ab';
    if (current.hasAttachments()) {
        var ids = GlideSysAttachment.copy('kb_submission', current.sys_id, 'kb_knowledge', gr.sys_id);
        ids = ids.toArray();
        for (var i = 0; i &lt; ids.length; i++) {
            var oldandnew = ids[i].split(',');
            gr.text = gr.text.toString().replaceAll(oldandnew[0],oldandnew[1]);
        }
    }
    var newID = gr.insert();
    gs.addInfoMessage("Article " + gr.number + " created");
    action.setRedirectURL(gr);
    action.setReturnURL(current);
}]]&gt;&lt;/script&gt;&lt;show_insert&gt;true&lt;/show_insert&gt;&lt;show_multiple_update&gt;false&lt;/show_multiple_update&gt;&lt;show_query&gt;false&lt;/show_query&gt;&lt;show_update&gt;true&lt;/show_update&gt;&lt;sys_class_name&gt;sys_ui_action&lt;/sys_class_name&gt;&lt;sys_created_by&gt;lakshmi.kalatippi&lt;/sys_created_by&gt;&lt;sys_created_on&gt;2018-01-10 14:08:28&lt;/sys_created_on&gt;&lt;sys_customer_update&gt;true&lt;/sys_customer_update&gt;&lt;sys_domain&gt;409c30addb8e8f0066e6f2f5ab9619e3&lt;/sys_domain&gt;&lt;sys_domain_path&gt;!!!/!!D/&lt;/sys_domain_path&gt;&lt;sys_id&gt;1d716502dbab0300a8a37dfdae961977&lt;/sys_id&gt;&lt;sys_mod_count&gt;4&lt;/sys_mod_count&gt;&lt;sys_name&gt;Create Article&lt;/sys_name&gt;&lt;sys_overrides/&gt;&lt;sys_package display_value="Global" source="global"&gt;global&lt;/sys_package&gt;&lt;sys_policy/&gt;&lt;sys_replace_on_upgrade&gt;false&lt;/sys_replace_on_upgrade&gt;&lt;sys_scope display_value="Global"&gt;global&lt;/sys_scope&gt;&lt;sys_update_name&gt;sys_ui_action_1d716502dbab0300a8a37dfdae961977&lt;/sys_update_name&gt;&lt;sys_updated_by&gt;lakshmi.kalatippi&lt;/sys_updated_by&gt;&lt;sys_updated_on&gt;2018-01-11 14:14:00&lt;/sys_updated_on&gt;&lt;table&gt;kb_submission&lt;/table&gt;&lt;u_relate/&gt;&lt;u_relate_table/&gt;&lt;ui11_compatible&gt;true&lt;/ui11_compatible&gt;&lt;ui16_compatible&gt;false&lt;/ui16_compatible&gt;&lt;/sys_ui_action&gt;&lt;/record_update&gt;</payload>
<remote_update_set display_value="A&amp;W Knowledge Management - SH - V1">25c18a900fb01fc0c6da563be1050e17</remote_update_set>
<replace_on_upgrade>false</replace_on_upgrade>
<sys_created_by>virag.shah@capgemini.com</sys_created_by>
<sys_created_on>2018-03-08 09:17:33</sys_created_on>
<sys_id>25c14e940ff01fc0c6da563be1050e61</sys_id>
<sys_mod_count>0</sys_mod_count>
<sys_updated_by>virag.shah@capgemini.com</sys_updated_by>
<sys_updated_on>2018-03-08 09:17:33</sys_updated_on>
<table/>
<target_name/>
<type/>
<update_domain/>
<update_set display_value=""/>
<view/>
</sys_update_xml>
<sys_update_xml action="INSERT_OR_UPDATE">
<action/>
<application display_value=""/>
<category/>
<comments/>
<name>sysrule_assignment_9cd2be12db678300a8a37dfdae9619cf</name>
<payload><![CDATA[<?xml version="1.0" encoding="UTF-8"?><record_update sys_domain="409c30addb8e8f0066e6f2f5ab9619e3" table="sysrule_assignment"><sysrule_assignment action="INSERT_OR_UPDATE"><active>true</active><condition/><description/><group/><match_conditions>ALL</match_conditions><name>Auto assignment to Knowledge Group A&amp;W</name><order/><script>/**&#13;
* Example:&#13;
* The following script requires personalizing the instance to add the Malware category and the Security assignment group.&#13;
* if (current.category == "Hardware")&#13;
*    current.assignment_group.setDisplayValue("Hardware"); &#13;
* else if (current.category == "Software")&#13;
*    current.assignment_group.setDisplayValue("Software");&#13;
* else if (current.category == "Malware")&#13;
*    current.assignment_group.setDisplayValue("Security");	&#13;
*&#13;
* Another Example:&#13;
* Release Planning Example, which assigns the last person assigned to a release to the current release.&#13;
* current.release.product.service.assigned_to;&#13;
*/&#13;
&#13;
current.assignment_group.setDisplayValue("Knowledge Approval Group");</script><sys_class_name>sysrule_assignment</sys_class_name><sys_created_by>lakshmi.kalatippi</sys_created_by><sys_created_on>2018-01-11 14:48:28</sys_created_on><sys_customer_update>true</sys_customer_update><sys_domain>409c30addb8e8f0066e6f2f5ab9619e3</sys_domain><sys_domain_path>!!!/!!D/</sys_domain_path><sys_id>9cd2be12db678300a8a37dfdae9619cf</sys_id><sys_mod_count>5</sys_mod_count><sys_name>Auto assignment to Knowledge Group A&amp;W</sys_name><sys_overrides/><sys_package display_value="Global" source="global">global</sys_package><sys_policy/><sys_replace_on_upgrade>false</sys_replace_on_upgrade><sys_scope display_value="Global">global</sys_scope><sys_update_name>sysrule_assignment_9cd2be12db678300a8a37dfdae9619cf</sys_update_name><sys_updated_by>lakshmi.kalatippi</sys_updated_by><sys_updated_on>2018-01-11 15:20:18</sys_updated_on><table>kb_submission</table><user/></sysrule_assignment></record_update>]]></payload>
<remote_update_set display_value="A&amp;W Knowledge Management - SH - V1">25c18a900fb01fc0c6da563be1050e17</remote_update_set>
<replace_on_upgrade>false</replace_on_upgrade>
<sys_created_by>virag.shah@capgemini.com</sys_created_by>
<sys_created_on>2018-03-08 09:17:33</sys_created_on>
<sys_id>25c18a900fb01fc0c6da563be1050e18</sys_id>
<sys_mod_count>0</sys_mod_count>
<sys_updated_by>virag.shah@capgemini.com</sys_updated_by>
<sys_updated_on>2018-03-08 09:17:33</sys_updated_on>
<table/>
<target_name/>
<type/>
<update_domain/>
<update_set display_value=""/>
<view/>
</sys_update_xml>
<sys_update_xml action="INSERT_OR_UPDATE">
<action/>
<application display_value=""/>
<category/>
<comments/>
<name>sys_process_flow_4e51a2afdb4f83c0a8a37dfdae961926</name>
<payload><![CDATA[<?xml version="1.0" encoding="UTF-8"?><record_update sys_domain="409c30addb8e8f0066e6f2f5ab9619e3" table="sys_process_flow"><sys_process_flow action="INSERT_OR_UPDATE"><active>false</active><condition table="incident">incident_state=4^EQ<item endquery="false" field="incident_state" goto="false" newquery="false" operator="=" or="false" value="4"/><item endquery="true" field="" goto="false" newquery="false" operator="=" or="false" value=""/></condition><description/><label>Awaiting User Info</label><name>Awaiting User Info</name><order>300</order><sys_class_name>sys_process_flow</sys_class_name><sys_created_by>shweta.hegde@capgemini.com</sys_created_by><sys_created_on>2017-12-21 14:07:20</sys_created_on><sys_customer_update>true</sys_customer_update><sys_domain>409c30addb8e8f0066e6f2f5ab9619e3</sys_domain><sys_domain_path>!!!/!!D/</sys_domain_path><sys_id>4e51a2afdb4f83c0a8a37dfdae961926</sys_id><sys_mod_count>1</sys_mod_count><sys_name>Awaiting User Info</sys_name><sys_package display_value="Global" source="global">global</sys_package><sys_policy/><sys_replace_on_upgrade>false</sys_replace_on_upgrade><sys_scope display_value="Global">global</sys_scope><sys_update_name>sys_process_flow_4e51a2afdb4f83c0a8a37dfdae961926</sys_update_name><sys_updated_by>lakshmi.kalatippi@capgemini.com</sys_updated_by><sys_updated_on>2018-01-09 09:48:17</sys_updated_on><table>incident</table></sys_process_flow></record_update>]]></payload>
<remote_update_set display_value="A&amp;W Knowledge Management - SH - V1">25c18a900fb01fc0c6da563be1050e17</remote_update_set>
<replace_on_upgrade>false</replace_on_upgrade>
<sys_created_by>virag.shah@capgemini.com</sys_created_by>
<sys_created_on>2018-03-08 09:17:33</sys_created_on>
<sys_id>29c14e940ff01fc0c6da563be1050e60</sys_id>
<sys_mod_count>0</sys_mod_count>
<sys_updated_by>virag.shah@capgemini.com</sys_updated_by>
<sys_updated_on>2018-03-08 09:17:33</sys_updated_on>
<table/>
<target_name/>
<type/>
<update_domain/>
<update_set display_value=""/>
<view/>
</sys_update_xml>
<sys_update_xml action="INSERT_OR_UPDATE">
<action/>
<application display_value=""/>
<category/>
<comments/>
<name>sys_ui_action_1249924edbd70fc0a8a37dfdae961922</name>
<payload>&lt;?xml version="1.0" encoding="UTF-8"?&gt;&lt;record_update sys_domain="409c30addb8e8f0066e6f2f5ab9619e3" table="sys_ui_action"&gt;&lt;sys_ui_action action="INSERT_OR_UPDATE"&gt;&lt;action_name/&gt;&lt;active&gt;true&lt;/active&gt;&lt;client&gt;false&lt;/client&gt;&lt;comments/&gt;&lt;condition&gt;gs.hasRole('knowledge_admin') &amp;amp;&amp;amp; current.u_visibility.indexOf('global') &amp;gt;= 0 &amp;amp;&amp;amp; gs.getUser().domainDisplayValue != 'global' &amp;amp;&amp;amp; gs.getUser().getCompanyID() != '55c760f10a0a3c6a016b7035d9cb622d' &amp;amp;&amp;amp; gs.getUser().getDomainID() != gs.getProperty('RbADomainSysID') &amp;amp;&amp;amp; (1==2)&lt;/condition&gt;&lt;form_action&gt;true&lt;/form_action&gt;&lt;form_button&gt;true&lt;/form_button&gt;&lt;form_context_menu&gt;false&lt;/form_context_menu&gt;&lt;form_link&gt;false&lt;/form_link&gt;&lt;hint/&gt;&lt;list_action&gt;false&lt;/list_action&gt;&lt;list_banner_button&gt;false&lt;/list_banner_button&gt;&lt;list_button&gt;false&lt;/list_button&gt;&lt;list_choice&gt;false&lt;/list_choice&gt;&lt;list_context_menu&gt;false&lt;/list_context_menu&gt;&lt;list_link&gt;false&lt;/list_link&gt;&lt;list_save_with_form_button&gt;false&lt;/list_save_with_form_button&gt;&lt;name&gt;Override global (Copy)&lt;/name&gt;&lt;onclick/&gt;&lt;order&gt;100&lt;/order&gt;&lt;script&gt;&lt;![CDATA[doOverrideGlobal();

function doOverrideGlobal(){
/* 
 * Update the current record to NOT be visible to the domain copying it. 
 */
var gr = new GlideRecord('kb_knowledge');
    gr.get(current.sys_id);
if(gr){
  gr.u_visibility = gr.u_visibility +',not_'+gs.getUser().domainID;
  gr.update();
}


/* 
 * Insert a new record based on the existing one, setting visibility to the 
 * current domain, a new task number, and workflow to "Review".
 * Redirect to the new record. 
 */
var newRecrd = current;
    newRecrd.u_visibility = gs.getUser().domainID;
    newRecrd.number = getNextObjNumber();
    newRecrd.workflow_state = 'review';
    newRecrd.insert();

action.setRedirectURL(newRecrd);
}]]&gt;&lt;/script&gt;&lt;show_insert&gt;true&lt;/show_insert&gt;&lt;show_multiple_update&gt;false&lt;/show_multiple_update&gt;&lt;show_query&gt;false&lt;/show_query&gt;&lt;show_update&gt;true&lt;/show_update&gt;&lt;sys_class_name&gt;sys_ui_action&lt;/sys_class_name&gt;&lt;sys_created_by&gt;shweta.hegde@capgemini.com&lt;/sys_created_by&gt;&lt;sys_created_on&gt;2017-12-29 07:55:27&lt;/sys_created_on&gt;&lt;sys_customer_update&gt;true&lt;/sys_customer_update&gt;&lt;sys_domain&gt;409c30addb8e8f0066e6f2f5ab9619e3&lt;/sys_domain&gt;&lt;sys_domain_path&gt;/&lt;/sys_domain_path&gt;&lt;sys_id&gt;1249924edbd70fc0a8a37dfdae961922&lt;/sys_id&gt;&lt;sys_mod_count&gt;0&lt;/sys_mod_count&gt;&lt;sys_name&gt;Override global (Copy)&lt;/sys_name&gt;&lt;sys_overrides display_value="Override global (Copy)"&gt;d7cd81040a0a3c510071f94f3f45b4b6&lt;/sys_overrides&gt;&lt;sys_package display_value="Global" source="global"&gt;global&lt;/sys_package&gt;&lt;sys_policy/&gt;&lt;sys_replace_on_upgrade&gt;false&lt;/sys_replace_on_upgrade&gt;&lt;sys_scope display_value="Global"&gt;global&lt;/sys_scope&gt;&lt;sys_update_name&gt;sys_ui_action_1249924edbd70fc0a8a37dfdae961922&lt;/sys_update_name&gt;&lt;sys_updated_by&gt;shweta.hegde@capgemini.com&lt;/sys_updated_by&gt;&lt;sys_updated_on&gt;2017-12-29 07:55:27&lt;/sys_updated_on&gt;&lt;table&gt;kb_knowledge&lt;/table&gt;&lt;u_relate/&gt;&lt;u_relate_table/&gt;&lt;ui11_compatible&gt;true&lt;/ui11_compatible&gt;&lt;ui16_compatible&gt;false&lt;/ui16_compatible&gt;&lt;/sys_ui_action&gt;&lt;/record_update&gt;</payload>
<remote_update_set display_value="A&amp;W Knowledge Management - SH - V1">25c18a900fb01fc0c6da563be1050e17</remote_update_set>
<replace_on_upgrade>false</replace_on_upgrade>
<sys_created_by>virag.shah@capgemini.com</sys_created_by>
<sys_created_on>2018-03-08 09:17:33</sys_created_on>
<sys_id>61c14e940ff01fc0c6da563be1050e61</sys_id>
<sys_mod_count>0</sys_mod_count>
<sys_updated_by>virag.shah@capgemini.com</sys_updated_by>
<sys_updated_on>2018-03-08 09:17:33</sys_updated_on>
<table/>
<target_name/>
<type/>
<update_domain/>
<update_set display_value=""/>
<view/>
</sys_update_xml>
<sys_update_xml action="INSERT_OR_UPDATE">
<action/>
<application display_value=""/>
<category/>
<comments/>
<name>sys_documentation_task_parent_en</name>
<payload><![CDATA[<?xml version="1.0" encoding="UTF-8"?><record_update><sys_documentation action="DELETE" element="parent" label="Parent(parent)" language="en" table="task"><sys_documentation action="DELETE"><element>parent</element><help/><hint/><label>Parent(parent)</label><language>en</language><name>task</name><plural>Parent(parent)</plural><sys_class_name>sys_documentation</sys_class_name><sys_created_by>glide.maint</sys_created_by><sys_created_on>2010-01-13 06:53:59</sys_created_on><sys_customer_update>false</sys_customer_update><sys_id>2675cebc4a3623060145cfcb2c8b2518</sys_id><sys_mod_count>1</sys_mod_count><sys_name>Parent(parent)</sys_name><sys_package display_value="Task table schema" source="com.glide.task">4f62b6c90f310200f0d3e64be1050ea2</sys_package><sys_policy/><sys_replace_on_upgrade>false</sys_replace_on_upgrade><sys_scope display_value="Global">global</sys_scope><sys_update_name>sys_documentation_task_parent_en</sys_update_name><sys_updated_by>mrudula.manjrekar</sys_updated_by><sys_updated_on>2016-08-07 09:26:15</sys_updated_on><url/><url_target/></sys_documentation></sys_documentation></record_update>]]></payload>
<remote_update_set display_value="A&amp;W Knowledge Management - SH - V1">25c18a900fb01fc0c6da563be1050e17</remote_update_set>
<replace_on_upgrade>false</replace_on_upgrade>
<sys_created_by>virag.shah@capgemini.com</sys_created_by>
<sys_created_on>2018-03-08 09:17:33</sys_created_on>
<sys_id>65c14e940ff01fc0c6da563be1050e60</sys_id>
<sys_mod_count>0</sys_mod_count>
<sys_updated_by>virag.shah@capgemini.com</sys_updated_by>
<sys_updated_on>2018-03-08 09:17:33</sys_updated_on>
<table/>
<target_name/>
<type/>
<update_domain/>
<update_set display_value=""/>
<view/>
</sys_update_xml>
<sys_update_xml action="INSERT_OR_UPDATE">
<action/>
<application display_value=""/>
<category/>
<comments/>
<name>sys_user_role_contains_b9af2d1adbe7cf802dfc78a6ae961923</name>
<payload><![CDATA[<?xml version="1.0" encoding="UTF-8"?><record_update table="sys_user_role_contains"><sys_user_role_contains action="INSERT_OR_UPDATE"><contains display_value="knowledge" name="knowledge">1f26da36c0a8016b000c7f06a1ce7e14</contains><role display_value="A&amp;W ITIL" name="A&amp;W ITIL">f4bd3857db0b07402dfc78a6ae9619fc</role><sys_class_name>sys_user_role_contains</sys_class_name><sys_created_by>lakshmi.kalatippi</sys_created_by><sys_created_on>2018-01-11 09:47:45</sys_created_on><sys_customer_update>true</sys_customer_update><sys_id>b9af2d1adbe7cf802dfc78a6ae961923</sys_id><sys_mod_count>0</sys_mod_count><sys_name>knowledge.A&amp;W ITIL</sys_name><sys_package display_value="Global" source="global">global</sys_package><sys_policy/><sys_replace_on_upgrade>false</sys_replace_on_upgrade><sys_scope display_value="Global">global</sys_scope><sys_update_name>sys_user_role_contains_b9af2d1adbe7cf802dfc78a6ae961923</sys_update_name><sys_updated_by>lakshmi.kalatippi</sys_updated_by><sys_updated_on>2018-01-11 09:47:45</sys_updated_on></sys_user_role_contains></record_update>]]></payload>
<remote_update_set display_value="A&amp;W Knowledge Management - SH - V1">25c18a900fb01fc0c6da563be1050e17</remote_update_set>
<replace_on_upgrade>false</replace_on_upgrade>
<sys_created_by>virag.shah@capgemini.com</sys_created_by>
<sys_created_on>2018-03-08 09:17:33</sys_created_on>
<sys_id>69c14e940ff01fc0c6da563be1050e62</sys_id>
<sys_mod_count>0</sys_mod_count>
<sys_updated_by>virag.shah@capgemini.com</sys_updated_by>
<sys_updated_on>2018-03-08 09:17:33</sys_updated_on>
<table/>
<target_name/>
<type/>
<update_domain/>
<update_set display_value=""/>
<view/>
</sys_update_xml>
<sys_update_xml action="INSERT_OR_UPDATE">
<action/>
<application display_value=""/>
<category/>
<comments/>
<name>sys_ui_policy_action_29e4f6d2db678300a8a37dfdae9619e6</name>
<payload><![CDATA[<?xml version="1.0" encoding="UTF-8"?><record_update table="sys_ui_policy_action"><sys_ui_policy_action action="INSERT_OR_UPDATE"><disabled>true</disabled><field>assignment_group</field><mandatory>ignore</mandatory><sys_class_name>sys_ui_policy_action</sys_class_name><sys_created_by>lakshmi.kalatippi</sys_created_by><sys_created_on>2018-01-11 14:50:38</sys_created_on><sys_customer_update>true</sys_customer_update><sys_id>29e4f6d2db678300a8a37dfdae9619e6</sys_id><sys_mod_count>0</sys_mod_count><sys_name>assignment_group</sys_name><sys_package display_value="Global" source="global">global</sys_package><sys_policy/><sys_replace_on_upgrade>false</sys_replace_on_upgrade><sys_scope display_value="Global">global</sys_scope><sys_update_name>sys_ui_policy_action_29e4f6d2db678300a8a37dfdae9619e6</sys_update_name><sys_updated_by>lakshmi.kalatippi</sys_updated_by><sys_updated_on>2018-01-11 14:50:38</sys_updated_on><table>kb_submission</table><ui_policy display_value="Make Assignment Group read-only A&amp;W">a994f2d2db678300a8a37dfdae961912</ui_policy><visible>ignore</visible></sys_ui_policy_action></record_update>]]></payload>
<remote_update_set display_value="A&amp;W Knowledge Management - SH - V1">25c18a900fb01fc0c6da563be1050e17</remote_update_set>
<replace_on_upgrade>false</replace_on_upgrade>
<sys_created_by>virag.shah@capgemini.com</sys_created_by>
<sys_created_on>2018-03-08 09:17:33</sys_created_on>
<sys_id>6dc14e940ff01fc0c6da563be1050e61</sys_id>
<sys_mod_count>0</sys_mod_count>
<sys_updated_by>virag.shah@capgemini.com</sys_updated_by>
<sys_updated_on>2018-03-08 09:17:33</sys_updated_on>
<table/>
<target_name/>
<type/>
<update_domain/>
<update_set display_value=""/>
<view/>
</sys_update_xml>
<sys_update_xml action="INSERT_OR_UPDATE">
<action/>
<application display_value=""/>
<category/>
<comments/>
<name>sys_ui_section_f43ad28edbd70fc0a8a37dfdae96193e</name>
<payload><![CDATA[<?xml version="1.0" encoding="UTF-8"?><record_update><sys_ui_section caption="" section_id="f43ad28edbd70fc0a8a37dfdae96193e" sys_domain="409c30addb8e8f0066e6f2f5ab9619e3" table="kb_knowledge" version="3" view=""><sys_ui_element action="INSERT_OR_UPDATE"><element>number</element><position>0</position><sys_created_by>lakshmi.kalatippi</sys_created_by><sys_created_on>2018-01-11 10:43:32</sys_created_on><sys_id>836cf956db2bcf802dfc78a6ae9619de</sys_id><sys_mod_count>0</sys_mod_count><sys_ui_formatter/><sys_ui_section caption="NULL" display_value="" name="kb_knowledge" sys_domain="409c30addb8e8f0066e6f2f5ab9619e3" view="Default view">f43ad28edbd70fc0a8a37dfdae96193e</sys_ui_section><sys_updated_by>lakshmi.kalatippi</sys_updated_by><sys_updated_on>2018-01-11 10:43:32</sys_updated_on><sys_user/><type/></sys_ui_element><sys_ui_element action="INSERT_OR_UPDATE"><element>kb_knowledge_base</element><position>1</position><sys_created_by>lakshmi.kalatippi</sys_created_by><sys_created_on>2018-01-11 10:43:32</sys_created_on><sys_id>0f6cf956db2bcf802dfc78a6ae9619de</sys_id><sys_mod_count>0</sys_mod_count><sys_ui_formatter/><sys_ui_section caption="NULL" display_value="" name="kb_knowledge" sys_domain="409c30addb8e8f0066e6f2f5ab9619e3" view="Default view">f43ad28edbd70fc0a8a37dfdae96193e</sys_ui_section><sys_updated_by>lakshmi.kalatippi</sys_updated_by><sys_updated_on>2018-01-11 10:43:32</sys_updated_on><sys_user/><type/></sys_ui_element><sys_ui_element action="INSERT_OR_UPDATE"><element>category</element><position>2</position><sys_created_by>lakshmi.kalatippi</sys_created_by><sys_created_on>2018-01-11 10:43:32</sys_created_on><sys_id>8f6cf956db2bcf802dfc78a6ae9619de</sys_id><sys_mod_count>0</sys_mod_count><sys_ui_formatter/><sys_ui_section caption="NULL" display_value="" name="kb_knowledge" sys_domain="409c30addb8e8f0066e6f2f5ab9619e3" view="Default view">f43ad28edbd70fc0a8a37dfdae96193e</sys_ui_section><sys_updated_by>lakshmi.kalatippi</sys_updated_by><sys_updated_on>2018-01-11 10:43:32</sys_updated_on><sys_user/><type/></sys_ui_element><sys_ui_element action="INSERT_OR_UPDATE"><element>published</element><position>3</position><sys_created_by>lakshmi.kalatippi</sys_created_by><sys_created_on>2018-01-11 10:43:32</sys_created_on><sys_id>036cf956db2bcf802dfc78a6ae9619df</sys_id><sys_mod_count>0</sys_mod_count><sys_ui_formatter/><sys_ui_section caption="NULL" display_value="" name="kb_knowledge" sys_domain="409c30addb8e8f0066e6f2f5ab9619e3" view="Default view">f43ad28edbd70fc0a8a37dfdae96193e</sys_ui_section><sys_updated_by>lakshmi.kalatippi</sys_updated_by><sys_updated_on>2018-01-11 10:43:32</sys_updated_on><sys_user/><type/></sys_ui_element><sys_ui_element action="INSERT_OR_UPDATE"><element>valid_to</element><position>4</position><sys_created_by>lakshmi.kalatippi</sys_created_by><sys_created_on>2018-01-11 10:43:32</sys_created_on><sys_id>836cf956db2bcf802dfc78a6ae9619df</sys_id><sys_mod_count>0</sys_mod_count><sys_ui_formatter/><sys_ui_section caption="NULL" display_value="" name="kb_knowledge" sys_domain="409c30addb8e8f0066e6f2f5ab9619e3" view="Default view">f43ad28edbd70fc0a8a37dfdae96193e</sys_ui_section><sys_updated_by>lakshmi.kalatippi</sys_updated_by><sys_updated_on>2018-01-11 10:43:32</sys_updated_on><sys_user/><type/></sys_ui_element><sys_ui_element action="INSERT_OR_UPDATE"><element>image</element><position>5</position><sys_created_by>lakshmi.kalatippi</sys_created_by><sys_created_on>2018-01-11 10:43:32</sys_created_on><sys_id>076cf956db2bcf802dfc78a6ae9619df</sys_id><sys_mod_count>0</sys_mod_count><sys_ui_formatter/><sys_ui_section caption="NULL" display_value="" name="kb_knowledge" sys_domain="409c30addb8e8f0066e6f2f5ab9619e3" view="Default view">f43ad28edbd70fc0a8a37dfdae96193e</sys_ui_section><sys_updated_by>lakshmi.kalatippi</sys_updated_by><sys_updated_on>2018-01-11 10:43:32</sys_updated_on><sys_user/><type/></sys_ui_element><sys_ui_element action="INSERT_OR_UPDATE"><element>.split</element><position>6</position><sys_created_by>lakshmi.kalatippi</sys_created_by><sys_created_on>2018-01-11 10:43:32</sys_created_on><sys_id>876cf956db2bcf802dfc78a6ae9619df</sys_id><sys_mod_count>0</sys_mod_count><sys_ui_formatter/><sys_ui_section caption="NULL" display_value="" name="kb_knowledge" sys_domain="409c30addb8e8f0066e6f2f5ab9619e3" view="Default view">f43ad28edbd70fc0a8a37dfdae96193e</sys_ui_section><sys_updated_by>lakshmi.kalatippi</sys_updated_by><sys_updated_on>2018-01-11 10:43:32</sys_updated_on><sys_user/><type>.split</type></sys_ui_element><sys_ui_element action="INSERT_OR_UPDATE"><element>topic</element><position>7</position><sys_created_by>lakshmi.kalatippi</sys_created_by><sys_created_on>2018-01-11 10:43:32</sys_created_on><sys_id>0b6cf956db2bcf802dfc78a6ae9619df</sys_id><sys_mod_count>0</sys_mod_count><sys_ui_formatter/><sys_ui_section caption="NULL" display_value="" name="kb_knowledge" sys_domain="409c30addb8e8f0066e6f2f5ab9619e3" view="Default view">f43ad28edbd70fc0a8a37dfdae96193e</sys_ui_section><sys_updated_by>lakshmi.kalatippi</sys_updated_by><sys_updated_on>2018-01-11 10:43:32</sys_updated_on><sys_user/><type/></sys_ui_element><sys_ui_element action="INSERT_OR_UPDATE"><element>workflow_state</element><position>8</position><sys_created_by>lakshmi.kalatippi</sys_created_by><sys_created_on>2018-01-11 10:43:32</sys_created_on><sys_id>8b6cf956db2bcf802dfc78a6ae9619df</sys_id><sys_mod_count>0</sys_mod_count><sys_ui_formatter/><sys_ui_section caption="NULL" display_value="" name="kb_knowledge" sys_domain="409c30addb8e8f0066e6f2f5ab9619e3" view="Default view">f43ad28edbd70fc0a8a37dfdae96193e</sys_ui_section><sys_updated_by>lakshmi.kalatippi</sys_updated_by><sys_updated_on>2018-01-11 10:43:32</sys_updated_on><sys_user/><type/></sys_ui_element><sys_ui_element action="INSERT_OR_UPDATE"><element>source</element><position>9</position><sys_created_by>lakshmi.kalatippi</sys_created_by><sys_created_on>2018-01-11 10:43:32</sys_created_on><sys_id>0f6cf956db2bcf802dfc78a6ae9619df</sys_id><sys_mod_count>0</sys_mod_count><sys_ui_formatter/><sys_ui_section caption="NULL" display_value="" name="kb_knowledge" sys_domain="409c30addb8e8f0066e6f2f5ab9619e3" view="Default view">f43ad28edbd70fc0a8a37dfdae96193e</sys_ui_section><sys_updated_by>lakshmi.kalatippi</sys_updated_by><sys_updated_on>2018-01-11 10:43:32</sys_updated_on><sys_user/><type/></sys_ui_element><sys_ui_element action="INSERT_OR_UPDATE"><element>roles</element><position>10</position><sys_created_by>lakshmi.kalatippi</sys_created_by><sys_created_on>2018-01-11 10:43:32</sys_created_on><sys_id>8f6cf956db2bcf802dfc78a6ae9619df</sys_id><sys_mod_count>0</sys_mod_count><sys_ui_formatter/><sys_ui_section caption="NULL" display_value="" name="kb_knowledge" sys_domain="409c30addb8e8f0066e6f2f5ab9619e3" view="Default view">f43ad28edbd70fc0a8a37dfdae96193e</sys_ui_section><sys_updated_by>lakshmi.kalatippi</sys_updated_by><sys_updated_on>2018-01-11 10:43:32</sys_updated_on><sys_user/><type/></sys_ui_element><sys_ui_element action="INSERT_OR_UPDATE"><element>direct</element><position>11</position><sys_created_by>lakshmi.kalatippi</sys_created_by><sys_created_on>2018-01-11 10:43:32</sys_created_on><sys_id>036cf956db2bcf802dfc78a6ae9619e0</sys_id><sys_mod_count>0</sys_mod_count><sys_ui_formatter/><sys_ui_section caption="NULL" display_value="" name="kb_knowledge" sys_domain="409c30addb8e8f0066e6f2f5ab9619e3" view="Default view">f43ad28edbd70fc0a8a37dfdae96193e</sys_ui_section><sys_updated_by>lakshmi.kalatippi</sys_updated_by><sys_updated_on>2018-01-11 10:43:32</sys_updated_on><sys_user/><type/></sys_ui_element><sys_ui_element action="INSERT_OR_UPDATE"><element>.end_split</element><position>12</position><sys_created_by>lakshmi.kalatippi</sys_created_by><sys_created_on>2018-01-11 10:43:32</sys_created_on><sys_id>836cf956db2bcf802dfc78a6ae9619e0</sys_id><sys_mod_count>0</sys_mod_count><sys_ui_formatter/><sys_ui_section caption="NULL" display_value="" name="kb_knowledge" sys_domain="409c30addb8e8f0066e6f2f5ab9619e3" view="Default view">f43ad28edbd70fc0a8a37dfdae96193e</sys_ui_section><sys_updated_by>lakshmi.kalatippi</sys_updated_by><sys_updated_on>2018-01-11 10:43:32</sys_updated_on><sys_user/><type>.end_split</type></sys_ui_element><sys_ui_element action="INSERT_OR_UPDATE"><element>short_description</element><position>13</position><sys_created_by>lakshmi.kalatippi</sys_created_by><sys_created_on>2018-01-11 10:43:32</sys_created_on><sys_id>076cf956db2bcf802dfc78a6ae9619e0</sys_id><sys_mod_count>0</sys_mod_count><sys_ui_formatter/><sys_ui_section caption="NULL" display_value="" name="kb_knowledge" sys_domain="409c30addb8e8f0066e6f2f5ab9619e3" view="Default view">f43ad28edbd70fc0a8a37dfdae96193e</sys_ui_section><sys_updated_by>lakshmi.kalatippi</sys_updated_by><sys_updated_on>2018-01-11 10:43:32</sys_updated_on><sys_user/><type/></sys_ui_element><sys_ui_element action="INSERT_OR_UPDATE"><element>text</element><position>14</position><sys_created_by>lakshmi.kalatippi</sys_created_by><sys_created_on>2018-01-11 10:43:32</sys_created_on><sys_id>876cf956db2bcf802dfc78a6ae9619e0</sys_id><sys_mod_count>0</sys_mod_count><sys_ui_formatter/><sys_ui_section caption="NULL" display_value="" name="kb_knowledge" sys_domain="409c30addb8e8f0066e6f2f5ab9619e3" view="Default view">f43ad28edbd70fc0a8a37dfdae96193e</sys_ui_section><sys_updated_by>lakshmi.kalatippi</sys_updated_by><sys_updated_on>2018-01-11 10:43:32</sys_updated_on><sys_user/><type/></sys_ui_element><sys_ui_section action="INSERT_OR_UPDATE"><caption/><header>false</header><name>kb_knowledge</name><roles/><sys_class_name>sys_ui_section</sys_class_name><sys_created_by>shweta.hegde@capgemini.com</sys_created_by><sys_created_on>2017-12-29 07:59:27</sys_created_on><sys_customer_update>true</sys_customer_update><sys_domain>409c30addb8e8f0066e6f2f5ab9619e3</sys_domain><sys_domain_path>!!!/!!D/</sys_domain_path><sys_id>f43ad28edbd70fc0a8a37dfdae96193e</sys_id><sys_mod_count>0</sys_mod_count><sys_name>kb_knowledge</sys_name><sys_overrides caption="NULL" display_value="" name="kb_knowledge" sys_domain="global" view="Default view">1f1a5586c0a8016b00a4b78b75cbd3f2</sys_overrides><sys_package display_value="Global" source="global">global</sys_package><sys_policy/><sys_replace_on_upgrade>false</sys_replace_on_upgrade><sys_scope display_value="Global">global</sys_scope><sys_update_name>sys_ui_section_f43ad28edbd70fc0a8a37dfdae96193e</sys_update_name><sys_updated_by>shweta.hegde@capgemini.com</sys_updated_by><sys_updated_on>2017-12-29 07:59:27</sys_updated_on><sys_user/><title>true</title><view display_value="Default view" name="NULL">Default view</view><view_name/></sys_ui_section></sys_ui_section></record_update>]]></payload>
<remote_update_set display_value="A&amp;W Knowledge Management - SH - V1">25c18a900fb01fc0c6da563be1050e17</remote_update_set>
<replace_on_upgrade>false</replace_on_upgrade>
<sys_created_by>virag.shah@capgemini.com</sys_created_by>
<sys_created_on>2018-03-08 09:17:33</sys_created_on>
<sys_id>a5c14e940ff01fc0c6da563be1050e62</sys_id>
<sys_mod_count>0</sys_mod_count>
<sys_updated_by>virag.shah@capgemini.com</sys_updated_by>
<sys_updated_on>2018-03-08 09:17:33</sys_updated_on>
<table/>
<target_name/>
<type/>
<update_domain/>
<update_set display_value=""/>
<view/>
</sys_update_xml>
<sys_update_xml action="INSERT_OR_UPDATE">
<action/>
<application display_value=""/>
<category/>
<comments/>
<name>sys_ui_policy_a994f2d2db678300a8a37dfdae961912</name>
<payload>&lt;?xml version="1.0" encoding="UTF-8"?&gt;&lt;record_update sys_domain="409c30addb8e8f0066e6f2f5ab9619e3" table="sys_ui_policy"&gt;&lt;sys_ui_policy action="INSERT_OR_UPDATE"&gt;&lt;active&gt;true&lt;/active&gt;&lt;conditions/&gt;&lt;description/&gt;&lt;global&gt;true&lt;/global&gt;&lt;inherit&gt;false&lt;/inherit&gt;&lt;model_id/&gt;&lt;model_table/&gt;&lt;on_load&gt;true&lt;/on_load&gt;&lt;order&gt;100&lt;/order&gt;&lt;reverse_if_false&gt;true&lt;/reverse_if_false&gt;&lt;run_scripts&gt;false&lt;/run_scripts&gt;&lt;script_false&gt;&lt;![CDATA[function onCondition() {

}]]&gt;&lt;/script_false&gt;&lt;script_true&gt;&lt;![CDATA[function onCondition() {

}]]&gt;&lt;/script_true&gt;&lt;set_values/&gt;&lt;short_description&gt;Make Assignment Group read-only A&amp;amp;W&lt;/short_description&gt;&lt;sys_class_name&gt;sys_ui_policy&lt;/sys_class_name&gt;&lt;sys_created_by&gt;lakshmi.kalatippi&lt;/sys_created_by&gt;&lt;sys_created_on&gt;2018-01-11 14:50:08&lt;/sys_created_on&gt;&lt;sys_customer_update&gt;true&lt;/sys_customer_update&gt;&lt;sys_domain&gt;409c30addb8e8f0066e6f2f5ab9619e3&lt;/sys_domain&gt;&lt;sys_domain_path/&gt;&lt;sys_id&gt;a994f2d2db678300a8a37dfdae961912&lt;/sys_id&gt;&lt;sys_mod_count&gt;0&lt;/sys_mod_count&gt;&lt;sys_name&gt;Make Assignment Group read-only A&amp;amp;W&lt;/sys_name&gt;&lt;sys_overrides/&gt;&lt;sys_package display_value="Global" source="global"&gt;global&lt;/sys_package&gt;&lt;sys_policy/&gt;&lt;sys_replace_on_upgrade&gt;false&lt;/sys_replace_on_upgrade&gt;&lt;sys_scope display_value="Global"&gt;global&lt;/sys_scope&gt;&lt;sys_update_name&gt;sys_ui_policy_a994f2d2db678300a8a37dfdae961912&lt;/sys_update_name&gt;&lt;sys_updated_by&gt;lakshmi.kalatippi&lt;/sys_updated_by&gt;&lt;sys_updated_on&gt;2018-01-11 14:50:08&lt;/sys_updated_on&gt;&lt;table&gt;kb_submission&lt;/table&gt;&lt;u_relate/&gt;&lt;u_relate_table/&gt;&lt;ui_type&gt;0&lt;/ui_type&gt;&lt;view/&gt;&lt;/sys_ui_policy&gt;&lt;/record_update&gt;</payload>
<remote_update_set display_value="A&amp;W Knowledge Management - SH - V1">25c18a900fb01fc0c6da563be1050e17</remote_update_set>
<replace_on_upgrade>false</replace_on_upgrade>
<sys_created_by>virag.shah@capgemini.com</sys_created_by>
<sys_created_on>2018-03-08 09:17:33</sys_created_on>
<sys_id>a9c14e940ff01fc0c6da563be1050e61</sys_id>
<sys_mod_count>0</sys_mod_count>
<sys_updated_by>virag.shah@capgemini.com</sys_updated_by>
<sys_updated_on>2018-03-08 09:17:33</sys_updated_on>
<table/>
<target_name/>
<type/>
<update_domain/>
<update_set display_value=""/>
<view/>
</sys_update_xml>
<sys_update_xml action="INSERT_OR_UPDATE">
<action/>
<application display_value=""/>
<category/>
<comments/>
<name>sys_script_client_1af63a56db678300a8a37dfdae961925</name>
<payload>&lt;?xml version="1.0" encoding="UTF-8"?&gt;&lt;record_update sys_domain="409c30addb8e8f0066e6f2f5ab9619e3" table="sys_script_client"&gt;&lt;sys_script_client action="INSERT_OR_UPDATE"&gt;&lt;active&gt;true&lt;/active&gt;&lt;applies_extended&gt;false&lt;/applies_extended&gt;&lt;condition/&gt;&lt;description/&gt;&lt;field&gt;active&lt;/field&gt;&lt;global&gt;true&lt;/global&gt;&lt;messages/&gt;&lt;name&gt;Set Topic to News A&amp;amp;W&lt;/name&gt;&lt;order/&gt;&lt;script&gt;&lt;![CDATA[function onLoad() {
   //Type appropriate comment here, and begin script below
   g_form.setValue('topic','News');
}]]&gt;&lt;/script&gt;&lt;sys_class_name&gt;sys_script_client&lt;/sys_class_name&gt;&lt;sys_created_by&gt;lakshmi.kalatippi&lt;/sys_created_by&gt;&lt;sys_created_on&gt;2018-01-11 15:00:58&lt;/sys_created_on&gt;&lt;sys_customer_update&gt;true&lt;/sys_customer_update&gt;&lt;sys_domain&gt;409c30addb8e8f0066e6f2f5ab9619e3&lt;/sys_domain&gt;&lt;sys_domain_path/&gt;&lt;sys_id&gt;1af63a56db678300a8a37dfdae961925&lt;/sys_id&gt;&lt;sys_mod_count&gt;0&lt;/sys_mod_count&gt;&lt;sys_name&gt;Set Topic to News A&amp;amp;W&lt;/sys_name&gt;&lt;sys_overrides display_value=""&gt;global&lt;/sys_overrides&gt;&lt;sys_package display_value="Global" source="global"&gt;global&lt;/sys_package&gt;&lt;sys_policy/&gt;&lt;sys_replace_on_upgrade&gt;false&lt;/sys_replace_on_upgrade&gt;&lt;sys_scope display_value="Global"&gt;global&lt;/sys_scope&gt;&lt;sys_update_name&gt;sys_script_client_1af63a56db678300a8a37dfdae961925&lt;/sys_update_name&gt;&lt;sys_updated_by&gt;lakshmi.kalatippi&lt;/sys_updated_by&gt;&lt;sys_updated_on&gt;2018-01-11 15:00:58&lt;/sys_updated_on&gt;&lt;table&gt;kb_submission&lt;/table&gt;&lt;type&gt;onLoad&lt;/type&gt;&lt;u_relate/&gt;&lt;u_relate_table/&gt;&lt;ui_type&gt;0&lt;/ui_type&gt;&lt;view/&gt;&lt;/sys_script_client&gt;&lt;/record_update&gt;</payload>
<remote_update_set display_value="A&amp;W Knowledge Management - SH - V1">25c18a900fb01fc0c6da563be1050e17</remote_update_set>
<replace_on_upgrade>false</replace_on_upgrade>
<sys_created_by>virag.shah@capgemini.com</sys_created_by>
<sys_created_on>2018-03-08 09:17:33</sys_created_on>
<sys_id>adc14e940ff01fc0c6da563be1050e60</sys_id>
<sys_mod_count>0</sys_mod_count>
<sys_updated_by>virag.shah@capgemini.com</sys_updated_by>
<sys_updated_on>2018-03-08 09:17:33</sys_updated_on>
<table/>
<target_name/>
<type/>
<update_domain/>
<update_set display_value=""/>
<view/>
</sys_update_xml>
<sys_update_xml action="INSERT_OR_UPDATE">
<action/>
<application display_value=""/>
<category/>
<comments/>
<name>sys_ui_section_6dcf0d02db6b0300a8a37dfdae96193d</name>
<payload><![CDATA[<?xml version="1.0" encoding="UTF-8"?><record_update><sys_ui_section caption="" section_id="6dcf0d02db6b0300a8a37dfdae96193d" sys_domain="409c30addb8e8f0066e6f2f5ab9619e3" table="kb_submission" version="3" view=""><sys_ui_element action="INSERT_OR_UPDATE"><element>number</element><position>0</position><sys_created_by>lakshmi.kalatippi</sys_created_by><sys_created_on>2018-01-12 11:20:13</sys_created_on><sys_id>8a6e47aedb6343002dfc78a6ae961919</sys_id><sys_mod_count>0</sys_mod_count><sys_ui_formatter/><sys_ui_section caption="NULL" display_value="" name="kb_submission" sys_domain="409c30addb8e8f0066e6f2f5ab9619e3" view="Default view">6dcf0d02db6b0300a8a37dfdae96193d</sys_ui_section><sys_updated_by>lakshmi.kalatippi</sys_updated_by><sys_updated_on>2018-01-12 11:20:13</sys_updated_on><sys_user/><type/></sys_ui_element><sys_ui_element action="INSERT_OR_UPDATE"><element>assignment_group</element><position>1</position><sys_created_by>lakshmi.kalatippi</sys_created_by><sys_created_on>2018-01-12 11:20:13</sys_created_on><sys_id>066e47aedb6343002dfc78a6ae96191a</sys_id><sys_mod_count>0</sys_mod_count><sys_ui_formatter/><sys_ui_section caption="NULL" display_value="" name="kb_submission" sys_domain="409c30addb8e8f0066e6f2f5ab9619e3" view="Default view">6dcf0d02db6b0300a8a37dfdae96193d</sys_ui_section><sys_updated_by>lakshmi.kalatippi</sys_updated_by><sys_updated_on>2018-01-12 11:20:13</sys_updated_on><sys_user/><type/></sys_ui_element><sys_ui_element action="INSERT_OR_UPDATE"><element>assigned_to</element><position>2</position><sys_created_by>lakshmi.kalatippi</sys_created_by><sys_created_on>2018-01-12 11:20:13</sys_created_on><sys_id>866e47aedb6343002dfc78a6ae96191a</sys_id><sys_mod_count>0</sys_mod_count><sys_ui_formatter/><sys_ui_section caption="NULL" display_value="" name="kb_submission" sys_domain="409c30addb8e8f0066e6f2f5ab9619e3" view="Default view">6dcf0d02db6b0300a8a37dfdae96193d</sys_ui_section><sys_updated_by>lakshmi.kalatippi</sys_updated_by><sys_updated_on>2018-01-12 11:20:13</sys_updated_on><sys_user/><type/></sys_ui_element><sys_ui_element action="INSERT_OR_UPDATE"><element>status</element><position>3</position><sys_created_by>lakshmi.kalatippi</sys_created_by><sys_created_on>2018-01-12 11:20:13</sys_created_on><sys_id>0a6e47aedb6343002dfc78a6ae96191a</sys_id><sys_mod_count>0</sys_mod_count><sys_ui_formatter/><sys_ui_section caption="NULL" display_value="" name="kb_submission" sys_domain="409c30addb8e8f0066e6f2f5ab9619e3" view="Default view">6dcf0d02db6b0300a8a37dfdae96193d</sys_ui_section><sys_updated_by>lakshmi.kalatippi</sys_updated_by><sys_updated_on>2018-01-12 11:20:13</sys_updated_on><sys_user/><type/></sys_ui_element><sys_ui_element action="INSERT_OR_UPDATE"><element>direct</element><position>4</position><sys_created_by>lakshmi.kalatippi</sys_created_by><sys_created_on>2018-01-12 11:20:13</sys_created_on><sys_id>8a6e47aedb6343002dfc78a6ae96191a</sys_id><sys_mod_count>0</sys_mod_count><sys_ui_formatter/><sys_ui_section caption="NULL" display_value="" name="kb_submission" sys_domain="409c30addb8e8f0066e6f2f5ab9619e3" view="Default view">6dcf0d02db6b0300a8a37dfdae96193d</sys_ui_section><sys_updated_by>lakshmi.kalatippi</sys_updated_by><sys_updated_on>2018-01-12 11:20:13</sys_updated_on><sys_user/><type/></sys_ui_element><sys_ui_element action="INSERT_OR_UPDATE"><element>display_attachments</element><position>5</position><sys_created_by>lakshmi.kalatippi</sys_created_by><sys_created_on>2018-01-12 11:20:13</sys_created_on><sys_id>0e6e47aedb6343002dfc78a6ae96191a</sys_id><sys_mod_count>0</sys_mod_count><sys_ui_formatter/><sys_ui_section caption="NULL" display_value="" name="kb_submission" sys_domain="409c30addb8e8f0066e6f2f5ab9619e3" view="Default view">6dcf0d02db6b0300a8a37dfdae96193d</sys_ui_section><sys_updated_by>lakshmi.kalatippi</sys_updated_by><sys_updated_on>2018-01-12 11:20:13</sys_updated_on><sys_user/><type/></sys_ui_element><sys_ui_element action="INSERT_OR_UPDATE"><element>.split</element><position>6</position><sys_created_by>lakshmi.kalatippi</sys_created_by><sys_created_on>2018-01-12 11:20:13</sys_created_on><sys_id>8e6e47aedb6343002dfc78a6ae96191a</sys_id><sys_mod_count>0</sys_mod_count><sys_ui_formatter/><sys_ui_section caption="NULL" display_value="" name="kb_submission" sys_domain="409c30addb8e8f0066e6f2f5ab9619e3" view="Default view">6dcf0d02db6b0300a8a37dfdae96193d</sys_ui_section><sys_updated_by>lakshmi.kalatippi</sys_updated_by><sys_updated_on>2018-01-12 11:20:13</sys_updated_on><sys_user/><type>.split</type></sys_ui_element><sys_ui_element action="INSERT_OR_UPDATE"><element>parent</element><position>7</position><sys_created_by>lakshmi.kalatippi</sys_created_by><sys_created_on>2018-01-12 11:20:13</sys_created_on><sys_id>026e47aedb6343002dfc78a6ae96191b</sys_id><sys_mod_count>0</sys_mod_count><sys_ui_formatter/><sys_ui_section caption="NULL" display_value="" name="kb_submission" sys_domain="409c30addb8e8f0066e6f2f5ab9619e3" view="Default view">6dcf0d02db6b0300a8a37dfdae96193d</sys_ui_section><sys_updated_by>lakshmi.kalatippi</sys_updated_by><sys_updated_on>2018-01-12 11:20:13</sys_updated_on><sys_user/><type/></sys_ui_element><sys_ui_element action="INSERT_OR_UPDATE"><element>submitted_by</element><position>8</position><sys_created_by>lakshmi.kalatippi</sys_created_by><sys_created_on>2018-01-12 11:20:13</sys_created_on><sys_id>826e47aedb6343002dfc78a6ae96191b</sys_id><sys_mod_count>0</sys_mod_count><sys_ui_formatter/><sys_ui_section caption="NULL" display_value="" name="kb_submission" sys_domain="409c30addb8e8f0066e6f2f5ab9619e3" view="Default view">6dcf0d02db6b0300a8a37dfdae96193d</sys_ui_section><sys_updated_by>lakshmi.kalatippi</sys_updated_by><sys_updated_on>2018-01-12 11:20:13</sys_updated_on><sys_user/><type/></sys_ui_element><sys_ui_element action="INSERT_OR_UPDATE"><element>topic</element><position>9</position><sys_created_by>lakshmi.kalatippi</sys_created_by><sys_created_on>2018-01-12 11:20:13</sys_created_on><sys_id>066e47aedb6343002dfc78a6ae96191b</sys_id><sys_mod_count>0</sys_mod_count><sys_ui_formatter/><sys_ui_section caption="NULL" display_value="" name="kb_submission" sys_domain="409c30addb8e8f0066e6f2f5ab9619e3" view="Default view">6dcf0d02db6b0300a8a37dfdae96193d</sys_ui_section><sys_updated_by>lakshmi.kalatippi</sys_updated_by><sys_updated_on>2018-01-12 11:20:13</sys_updated_on><sys_user/><type/></sys_ui_element><sys_ui_element action="INSERT_OR_UPDATE"><element>category</element><position>10</position><sys_created_by>lakshmi.kalatippi</sys_created_by><sys_created_on>2018-01-12 11:20:13</sys_created_on><sys_id>866e47aedb6343002dfc78a6ae96191b</sys_id><sys_mod_count>0</sys_mod_count><sys_ui_formatter/><sys_ui_section caption="NULL" display_value="" name="kb_submission" sys_domain="409c30addb8e8f0066e6f2f5ab9619e3" view="Default view">6dcf0d02db6b0300a8a37dfdae96193d</sys_ui_section><sys_updated_by>lakshmi.kalatippi</sys_updated_by><sys_updated_on>2018-01-12 11:20:13</sys_updated_on><sys_user/><type/></sys_ui_element><sys_ui_element action="INSERT_OR_UPDATE"><element>valid_to</element><position>11</position><sys_created_by>lakshmi.kalatippi</sys_created_by><sys_created_on>2018-01-12 11:20:13</sys_created_on><sys_id>0a6e47aedb6343002dfc78a6ae96191b</sys_id><sys_mod_count>0</sys_mod_count><sys_ui_formatter/><sys_ui_section caption="NULL" display_value="" name="kb_submission" sys_domain="409c30addb8e8f0066e6f2f5ab9619e3" view="Default view">6dcf0d02db6b0300a8a37dfdae96193d</sys_ui_section><sys_updated_by>lakshmi.kalatippi</sys_updated_by><sys_updated_on>2018-01-12 11:20:13</sys_updated_on><sys_user/><type/></sys_ui_element><sys_ui_element action="INSERT_OR_UPDATE"><element>.end_split</element><position>12</position><sys_created_by>lakshmi.kalatippi</sys_created_by><sys_created_on>2018-01-12 11:20:13</sys_created_on><sys_id>8a6e47aedb6343002dfc78a6ae96191b</sys_id><sys_mod_count>0</sys_mod_count><sys_ui_formatter/><sys_ui_section caption="NULL" display_value="" name="kb_submission" sys_domain="409c30addb8e8f0066e6f2f5ab9619e3" view="Default view">6dcf0d02db6b0300a8a37dfdae96193d</sys_ui_section><sys_updated_by>lakshmi.kalatippi</sys_updated_by><sys_updated_on>2018-01-12 11:20:13</sys_updated_on><sys_user/><type>.end_split</type></sys_ui_element><sys_ui_element action="INSERT_OR_UPDATE"><element>text</element><position>13</position><sys_created_by>lakshmi.kalatippi</sys_created_by><sys_created_on>2018-01-12 11:20:13</sys_created_on><sys_id>0e6e47aedb6343002dfc78a6ae96191b</sys_id><sys_mod_count>0</sys_mod_count><sys_ui_formatter/><sys_ui_section caption="NULL" display_value="" name="kb_submission" sys_domain="409c30addb8e8f0066e6f2f5ab9619e3" view="Default view">6dcf0d02db6b0300a8a37dfdae96193d</sys_ui_section><sys_updated_by>lakshmi.kalatippi</sys_updated_by><sys_updated_on>2018-01-12 11:20:13</sys_updated_on><sys_user/><type/></sys_ui_element><sys_ui_element action="INSERT_OR_UPDATE"><element>close_notes</element><position>14</position><sys_created_by>lakshmi.kalatippi</sys_created_by><sys_created_on>2018-01-12 11:20:13</sys_created_on><sys_id>8e6e47aedb6343002dfc78a6ae96191b</sys_id><sys_mod_count>0</sys_mod_count><sys_ui_formatter/><sys_ui_section caption="NULL" display_value="" name="kb_submission" sys_domain="409c30addb8e8f0066e6f2f5ab9619e3" view="Default view">6dcf0d02db6b0300a8a37dfdae96193d</sys_ui_section><sys_updated_by>lakshmi.kalatippi</sys_updated_by><sys_updated_on>2018-01-12 11:20:13</sys_updated_on><sys_user/><type/></sys_ui_element><sys_ui_section action="INSERT_OR_UPDATE"><caption/><header>false</header><name>kb_submission</name><roles/><sys_class_name>sys_ui_section</sys_class_name><sys_created_by>lakshmi.kalatippi@capgemini.com</sys_created_by><sys_created_on>2018-01-10 12:50:00</sys_created_on><sys_customer_update>true</sys_customer_update><sys_domain>409c30addb8e8f0066e6f2f5ab9619e3</sys_domain><sys_domain_path>!!!/!!D/</sys_domain_path><sys_id>6dcf0d02db6b0300a8a37dfdae96193d</sys_id><sys_mod_count>0</sys_mod_count><sys_name>kb_submission</sys_name><sys_overrides caption="NULL" display_value="" name="kb_submission" sys_domain="global" view="Default view">f7827ac1c0a80015004563a20a5652f7</sys_overrides><sys_package display_value="Global" source="global">global</sys_package><sys_policy/><sys_replace_on_upgrade>false</sys_replace_on_upgrade><sys_scope display_value="Global">global</sys_scope><sys_update_name>sys_ui_section_6dcf0d02db6b0300a8a37dfdae96193d</sys_update_name><sys_updated_by>lakshmi.kalatippi@capgemini.com</sys_updated_by><sys_updated_on>2018-01-10 12:50:00</sys_updated_on><sys_user/><title>true</title><view display_value="Default view" name="NULL">Default view</view><view_name/></sys_ui_section></sys_ui_section></record_update>]]></payload>
<remote_update_set display_value="A&amp;W Knowledge Management - SH - V1">25c18a900fb01fc0c6da563be1050e17</remote_update_set>
<replace_on_upgrade>false</replace_on_upgrade>
<sys_created_by>virag.shah@capgemini.com</sys_created_by>
<sys_created_on>2018-03-08 09:17:33</sys_created_on>
<sys_id>e1c14e940ff01fc0c6da563be1050e62</sys_id>
<sys_mod_count>0</sys_mod_count>
<sys_updated_by>virag.shah@capgemini.com</sys_updated_by>
<sys_updated_on>2018-03-08 09:17:33</sys_updated_on>
<table/>
<target_name/>
<type/>
<update_domain/>
<update_set display_value=""/>
<view/>
</sys_update_xml>
<sys_update_xml action="INSERT_OR_UPDATE">
<action/>
<application display_value=""/>
<category/>
<comments/>
<name>sys_ui_list_kb_knowledge_null_409c30addb8e8f0066e6f2f5ab9619e3</name>
<payload><![CDATA[<?xml version="1.0" encoding="UTF-8"?><record_update><sys_ui_list parent="" relationship="" sys_domain="409c30addb8e8f0066e6f2f5ab9619e3" table="kb_knowledge" version="2" view=""><sys_ui_list_element action="INSERT_OR_UPDATE"><average_value>false</average_value><element>number</element><list_id display_value="kb_knowledge" element="NULL" name="kb_knowledge" parent="NULL" relationship="NULL" sys_domain="409c30addb8e8f0066e6f2f5ab9619e3" view="Default view">affc3596db2bcf802dfc78a6ae96193d</list_id><max_value>false</max_value><min_value>false</min_value><position>0</position><sum>false</sum><sys_created_by>lakshmi.kalatippi</sys_created_by><sys_created_on>2018-01-11 10:46:02</sys_created_on><sys_id>2ffc3596db2bcf802dfc78a6ae96193e</sys_id><sys_mod_count>0</sys_mod_count><sys_updated_by>lakshmi.kalatippi</sys_updated_by><sys_updated_on>2018-01-11 10:46:02</sys_updated_on></sys_ui_list_element><sys_ui_list_element action="INSERT_OR_UPDATE"><average_value>false</average_value><element>author</element><list_id display_value="kb_knowledge" element="NULL" name="kb_knowledge" parent="NULL" relationship="NULL" sys_domain="409c30addb8e8f0066e6f2f5ab9619e3" view="Default view">affc3596db2bcf802dfc78a6ae96193d</list_id><max_value>false</max_value><min_value>false</min_value><position>1</position><sum>false</sum><sys_created_by>lakshmi.kalatippi</sys_created_by><sys_created_on>2018-01-11 10:46:02</sys_created_on><sys_id>a7fc3596db2bcf802dfc78a6ae96193f</sys_id><sys_mod_count>0</sys_mod_count><sys_updated_by>lakshmi.kalatippi</sys_updated_by><sys_updated_on>2018-01-11 10:46:02</sys_updated_on></sys_ui_list_element><sys_ui_list_element action="INSERT_OR_UPDATE"><average_value>false</average_value><element>category</element><list_id display_value="kb_knowledge" element="NULL" name="kb_knowledge" parent="NULL" relationship="NULL" sys_domain="409c30addb8e8f0066e6f2f5ab9619e3" view="Default view">affc3596db2bcf802dfc78a6ae96193d</list_id><max_value>false</max_value><min_value>false</min_value><position>2</position><sum>false</sum><sys_created_by>lakshmi.kalatippi</sys_created_by><sys_created_on>2018-01-11 10:46:02</sys_created_on><sys_id>2bfc3596db2bcf802dfc78a6ae96193f</sys_id><sys_mod_count>0</sys_mod_count><sys_updated_by>lakshmi.kalatippi</sys_updated_by><sys_updated_on>2018-01-11 10:46:02</sys_updated_on></sys_ui_list_element><sys_ui_list_element action="INSERT_OR_UPDATE"><average_value>false</average_value><element>short_description</element><list_id display_value="kb_knowledge" element="NULL" name="kb_knowledge" parent="NULL" relationship="NULL" sys_domain="409c30addb8e8f0066e6f2f5ab9619e3" view="Default view">affc3596db2bcf802dfc78a6ae96193d</list_id><max_value>false</max_value><min_value>false</min_value><position>3</position><sum>false</sum><sys_created_by>lakshmi.kalatippi</sys_created_by><sys_created_on>2018-01-11 10:46:02</sys_created_on><sys_id>abfc3596db2bcf802dfc78a6ae96193f</sys_id><sys_mod_count>0</sys_mod_count><sys_updated_by>lakshmi.kalatippi</sys_updated_by><sys_updated_on>2018-01-11 10:46:02</sys_updated_on></sys_ui_list_element><sys_ui_list_element action="INSERT_OR_UPDATE"><average_value>false</average_value><element>direct</element><list_id display_value="kb_knowledge" element="NULL" name="kb_knowledge" parent="NULL" relationship="NULL" sys_domain="409c30addb8e8f0066e6f2f5ab9619e3" view="Default view">affc3596db2bcf802dfc78a6ae96193d</list_id><max_value>false</max_value><min_value>false</min_value><position>4</position><sum>false</sum><sys_created_by>lakshmi.kalatippi</sys_created_by><sys_created_on>2018-01-11 10:46:02</sys_created_on><sys_id>2ffc3596db2bcf802dfc78a6ae96193f</sys_id><sys_mod_count>0</sys_mod_count><sys_updated_by>lakshmi.kalatippi</sys_updated_by><sys_updated_on>2018-01-11 10:46:02</sys_updated_on></sys_ui_list_element><sys_ui_list_element action="INSERT_OR_UPDATE"><average_value>false</average_value><element>workflow_state</element><list_id display_value="kb_knowledge" element="NULL" name="kb_knowledge" parent="NULL" relationship="NULL" sys_domain="409c30addb8e8f0066e6f2f5ab9619e3" view="Default view">affc3596db2bcf802dfc78a6ae96193d</list_id><max_value>false</max_value><min_value>false</min_value><position>5</position><sum>false</sum><sys_created_by>lakshmi.kalatippi</sys_created_by><sys_created_on>2018-01-11 10:46:02</sys_created_on><sys_id>affc3596db2bcf802dfc78a6ae96193f</sys_id><sys_mod_count>0</sys_mod_count><sys_updated_by>lakshmi.kalatippi</sys_updated_by><sys_updated_on>2018-01-11 10:46:02</sys_updated_on></sys_ui_list_element><sys_ui_list action="INSERT_OR_UPDATE"><average_value>false</average_value><element/><max_value>false</max_value><min_value>false</min_value><name>kb_knowledge</name><parent/><position/><relationship/><sum>false</sum><sys_class_name>sys_ui_list</sys_class_name><sys_created_by>lakshmi.kalatippi</sys_created_by><sys_created_on>2018-01-11 10:46:02</sys_created_on><sys_customer_update>true</sys_customer_update><sys_domain>409c30addb8e8f0066e6f2f5ab9619e3</sys_domain><sys_domain_path>!!!/!!D/</sys_domain_path><sys_id>affc3596db2bcf802dfc78a6ae96193d</sys_id><sys_mod_count>0</sys_mod_count><sys_name>kb_knowledge</sys_name><sys_package display_value="Global" source="global">global</sys_package><sys_policy/><sys_replace_on_upgrade>false</sys_replace_on_upgrade><sys_scope display_value="Global">global</sys_scope><sys_update_name>sys_ui_list_kb_knowledge_null_409c30addb8e8f0066e6f2f5ab9619e3</sys_update_name><sys_updated_by>lakshmi.kalatippi</sys_updated_by><sys_updated_on>2018-01-11 10:46:02</sys_updated_on><sys_user/><view display_value="Default view" name="NULL">Default view</view><view_name/></sys_ui_list></sys_ui_list></record_update>]]></payload>
<remote_update_set display_value="A&amp;W Knowledge Management - SH - V1">25c18a900fb01fc0c6da563be1050e17</remote_update_set>
<replace_on_upgrade>false</replace_on_upgrade>
<sys_created_by>virag.shah@capgemini.com</sys_created_by>
<sys_created_on>2018-03-08 09:17:33</sys_created_on>
<sys_id>e5c14e940ff01fc0c6da563be1050e61</sys_id>
<sys_mod_count>0</sys_mod_count>
<sys_updated_by>virag.shah@capgemini.com</sys_updated_by>
<sys_updated_on>2018-03-08 09:17:33</sys_updated_on>
<table/>
<target_name/>
<type/>
<update_domain/>
<update_set display_value=""/>
<view/>
</sys_update_xml>
<sys_update_xml action="INSERT_OR_UPDATE">
<action/>
<application display_value=""/>
<category/>
<comments/>
<name>sys_process_flow_6dacdf29db63cb04a8a37dfdae9619cd</name>
<payload><![CDATA[<?xml version="1.0" encoding="UTF-8"?><record_update sys_domain="409c30addb8e8f0066e6f2f5ab9619e3" table="sys_process_flow"><sys_process_flow action="INSERT_OR_UPDATE"><active>true</active><condition table="incident">incident_state=14^EQ<item endquery="false" field="incident_state" goto="false" newquery="false" operator="=" or="false" value="14"/><item endquery="true" field="" goto="false" newquery="false" operator="=" or="false" value=""/></condition><description/><label>Pending with Vendor</label><name>Pending with Vendor</name><order>250</order><sys_class_name>sys_process_flow</sys_class_name><sys_created_by>lakshmi.kalatippi@capgemini.com</sys_created_by><sys_created_on>2018-01-09 09:49:39</sys_created_on><sys_customer_update>true</sys_customer_update><sys_domain>409c30addb8e8f0066e6f2f5ab9619e3</sys_domain><sys_domain_path/><sys_id>6dacdf29db63cb04a8a37dfdae9619cd</sys_id><sys_mod_count>0</sys_mod_count><sys_name>Pending with Vendor</sys_name><sys_package display_value="Global" source="global">global</sys_package><sys_policy/><sys_replace_on_upgrade>false</sys_replace_on_upgrade><sys_scope display_value="Global">global</sys_scope><sys_update_name>sys_process_flow_6dacdf29db63cb04a8a37dfdae9619cd</sys_update_name><sys_updated_by>lakshmi.kalatippi@capgemini.com</sys_updated_by><sys_updated_on>2018-01-09 09:49:39</sys_updated_on><table>incident</table></sys_process_flow></record_update>]]></payload>
<remote_update_set display_value="A&amp;W Knowledge Management - SH - V1">25c18a900fb01fc0c6da563be1050e17</remote_update_set>
<replace_on_upgrade>false</replace_on_upgrade>
<sys_created_by>virag.shah@capgemini.com</sys_created_by>
<sys_created_on>2018-03-08 09:17:33</sys_created_on>
<sys_id>e9c14e940ff01fc0c6da563be1050e60</sys_id>
<sys_mod_count>0</sys_mod_count>
<sys_updated_by>virag.shah@capgemini.com</sys_updated_by>
<sys_updated_on>2018-03-08 09:17:33</sys_updated_on>
<table/>
<target_name/>
<type/>
<update_domain/>
<update_set display_value=""/>
<view/>
</sys_update_xml>
</unload>
