<?xml version="1.0" encoding="UTF-8"?>
<unload unload_date="2018-05-31 10:41:21">
<sys_remote_update_set action="INSERT_OR_UPDATE">
<application display_value="Global">global</application>
<application_name>Global</application_name>
<application_scope>global</application_scope>
<application_version/>
<collisions/>
<commit_date/>
<deleted/>
<description/>
<inserted/>
<name> Brazil_PM_SH-V1</name>
<origin_sys_id/>
<release_date/>
<remote_sys_id>0abc80f60f56d300c6da563be1050e85</remote_sys_id>
<state>loaded</state>
<summary/>
<sys_class_name>sys_remote_update_set</sys_class_name>
<sys_created_by>shweta.hegde@capgemini.com</sys_created_by>
<sys_created_on>2018-05-31 10:41:21</sys_created_on>
<sys_id>bf7a32d30fd61300c6da563be1050e9a</sys_id>
<sys_mod_count>0</sys_mod_count>
<sys_updated_by>shweta.hegde@capgemini.com</sys_updated_by>
<sys_updated_on>2018-05-31 10:41:21</sys_updated_on>
<update_set display_value=""/>
<update_source display_value=""/>
<updated/>
</sys_remote_update_set>
<sys_update_xml action="INSERT_OR_UPDATE">
<action>INSERT_OR_UPDATE</action>
<application display_value="Global">global</application>
<category>customer</category>
<comments/>
<name>sys_ui_section_c312093e1396db803a8e56022244b08d</name>
<payload><![CDATA[<?xml version="1.0" encoding="UTF-8"?><record_update><sys_ui_section caption="" section_id="c312093e1396db803a8e56022244b08d" sys_domain="945bd0251312d7803a8e56022244b018" table="problem" version="3" view=""><sys_ui_element action="INSERT_OR_UPDATE"><element>number</element><position>0</position><sys_created_by>shweta.hegde@capgemini.com</sys_created_by><sys_created_on>2018-05-30 06:55:45</sys_created_on><sys_id>6d4d780b13d21f803a8e56022244b06b</sys_id><sys_mod_count>0</sys_mod_count><sys_ui_formatter/><sys_ui_section caption="NULL" display_value="" name="problem" sys_domain="945bd0251312d7803a8e56022244b018" view="Default view">c312093e1396db803a8e56022244b08d</sys_ui_section><sys_updated_by>shweta.hegde@capgemini.com</sys_updated_by><sys_updated_on>2018-05-30 06:55:45</sys_updated_on><sys_user/><type/></sys_ui_element><sys_ui_element action="INSERT_OR_UPDATE"><element>cmdb_ci</element><position>1</position><sys_created_by>shweta.hegde@capgemini.com</sys_created_by><sys_created_on>2018-05-30 06:55:45</sys_created_on><sys_id>ed4d780b13d21f803a8e56022244b06b</sys_id><sys_mod_count>0</sys_mod_count><sys_ui_formatter/><sys_ui_section caption="NULL" display_value="" name="problem" sys_domain="945bd0251312d7803a8e56022244b018" view="Default view">c312093e1396db803a8e56022244b08d</sys_ui_section><sys_updated_by>shweta.hegde@capgemini.com</sys_updated_by><sys_updated_on>2018-05-30 06:55:45</sys_updated_on><sys_user/><type/></sys_ui_element><sys_ui_element action="INSERT_OR_UPDATE"><element>priority</element><position>2</position><sys_created_by>shweta.hegde@capgemini.com</sys_created_by><sys_created_on>2018-05-30 06:55:45</sys_created_on><sys_id>614d780b13d21f803a8e56022244b06c</sys_id><sys_mod_count>0</sys_mod_count><sys_ui_formatter/><sys_ui_section caption="NULL" display_value="" name="problem" sys_domain="945bd0251312d7803a8e56022244b018" view="Default view">c312093e1396db803a8e56022244b08d</sys_ui_section><sys_updated_by>shweta.hegde@capgemini.com</sys_updated_by><sys_updated_on>2018-05-30 06:55:45</sys_updated_on><sys_user/><type/></sys_ui_element><sys_ui_element action="INSERT_OR_UPDATE"><element>rfc</element><position>3</position><sys_created_by>shweta.hegde@capgemini.com</sys_created_by><sys_created_on>2018-05-30 06:55:45</sys_created_on><sys_id>e14d780b13d21f803a8e56022244b06c</sys_id><sys_mod_count>0</sys_mod_count><sys_ui_formatter/><sys_ui_section caption="NULL" display_value="" name="problem" sys_domain="945bd0251312d7803a8e56022244b018" view="Default view">c312093e1396db803a8e56022244b08d</sys_ui_section><sys_updated_by>shweta.hegde@capgemini.com</sys_updated_by><sys_updated_on>2018-05-30 06:55:45</sys_updated_on><sys_user/><type/></sys_ui_element><sys_ui_element action="INSERT_OR_UPDATE"><element>knowledge</element><position>4</position><sys_created_by>shweta.hegde@capgemini.com</sys_created_by><sys_created_on>2018-05-30 06:55:45</sys_created_on><sys_id>654d780b13d21f803a8e56022244b06c</sys_id><sys_mod_count>0</sys_mod_count><sys_ui_formatter/><sys_ui_section caption="NULL" display_value="" name="problem" sys_domain="945bd0251312d7803a8e56022244b018" view="Default view">c312093e1396db803a8e56022244b08d</sys_ui_section><sys_updated_by>shweta.hegde@capgemini.com</sys_updated_by><sys_updated_on>2018-05-30 06:55:45</sys_updated_on><sys_user/><type/></sys_ui_element><sys_ui_element action="INSERT_OR_UPDATE"><element>.split</element><position>5</position><sys_created_by>shweta.hegde@capgemini.com</sys_created_by><sys_created_on>2018-05-30 06:55:45</sys_created_on><sys_id>e54d780b13d21f803a8e56022244b06c</sys_id><sys_mod_count>0</sys_mod_count><sys_ui_formatter/><sys_ui_section caption="NULL" display_value="" name="problem" sys_domain="945bd0251312d7803a8e56022244b018" view="Default view">c312093e1396db803a8e56022244b08d</sys_ui_section><sys_updated_by>shweta.hegde@capgemini.com</sys_updated_by><sys_updated_on>2018-05-30 06:55:45</sys_updated_on><sys_user/><type>.split</type></sys_ui_element><sys_ui_element action="INSERT_OR_UPDATE"><element>opened_at</element><position>6</position><sys_created_by>shweta.hegde@capgemini.com</sys_created_by><sys_created_on>2018-05-30 06:55:45</sys_created_on><sys_id>694d780b13d21f803a8e56022244b06c</sys_id><sys_mod_count>0</sys_mod_count><sys_ui_formatter/><sys_ui_section caption="NULL" display_value="" name="problem" sys_domain="945bd0251312d7803a8e56022244b018" view="Default view">c312093e1396db803a8e56022244b08d</sys_ui_section><sys_updated_by>shweta.hegde@capgemini.com</sys_updated_by><sys_updated_on>2018-05-30 06:55:45</sys_updated_on><sys_user/><type/></sys_ui_element><sys_ui_element action="INSERT_OR_UPDATE"><element>opened_by</element><position>7</position><sys_created_by>shweta.hegde@capgemini.com</sys_created_by><sys_created_on>2018-05-30 06:55:45</sys_created_on><sys_id>e94d780b13d21f803a8e56022244b06c</sys_id><sys_mod_count>0</sys_mod_count><sys_ui_formatter/><sys_ui_section caption="NULL" display_value="" name="problem" sys_domain="945bd0251312d7803a8e56022244b018" view="Default view">c312093e1396db803a8e56022244b08d</sys_ui_section><sys_updated_by>shweta.hegde@capgemini.com</sys_updated_by><sys_updated_on>2018-05-30 06:55:45</sys_updated_on><sys_user/><type/></sys_ui_element><sys_ui_element action="INSERT_OR_UPDATE"><element>problem_state</element><position>8</position><sys_created_by>shweta.hegde@capgemini.com</sys_created_by><sys_created_on>2018-05-30 06:55:45</sys_created_on><sys_id>6d4d780b13d21f803a8e56022244b06c</sys_id><sys_mod_count>0</sys_mod_count><sys_ui_formatter/><sys_ui_section caption="NULL" display_value="" name="problem" sys_domain="945bd0251312d7803a8e56022244b018" view="Default view">c312093e1396db803a8e56022244b08d</sys_ui_section><sys_updated_by>shweta.hegde@capgemini.com</sys_updated_by><sys_updated_on>2018-05-30 06:55:45</sys_updated_on><sys_user/><type/></sys_ui_element><sys_ui_element action="INSERT_OR_UPDATE"><element>assignment_group</element><position>9</position><sys_created_by>shweta.hegde@capgemini.com</sys_created_by><sys_created_on>2018-05-30 06:55:45</sys_created_on><sys_id>ed4d780b13d21f803a8e56022244b06c</sys_id><sys_mod_count>0</sys_mod_count><sys_ui_formatter/><sys_ui_section caption="NULL" display_value="" name="problem" sys_domain="945bd0251312d7803a8e56022244b018" view="Default view">c312093e1396db803a8e56022244b08d</sys_ui_section><sys_updated_by>shweta.hegde@capgemini.com</sys_updated_by><sys_updated_on>2018-05-30 06:55:45</sys_updated_on><sys_user/><type/></sys_ui_element><sys_ui_element action="INSERT_OR_UPDATE"><element>assigned_to</element><position>10</position><sys_created_by>shweta.hegde@capgemini.com</sys_created_by><sys_created_on>2018-05-30 06:55:45</sys_created_on><sys_id>614d780b13d21f803a8e56022244b06d</sys_id><sys_mod_count>0</sys_mod_count><sys_ui_formatter/><sys_ui_section caption="NULL" display_value="" name="problem" sys_domain="945bd0251312d7803a8e56022244b018" view="Default view">c312093e1396db803a8e56022244b08d</sys_ui_section><sys_updated_by>shweta.hegde@capgemini.com</sys_updated_by><sys_updated_on>2018-05-30 06:55:45</sys_updated_on><sys_user/><type/></sys_ui_element><sys_ui_element action="INSERT_OR_UPDATE"><element>watch_list</element><position>11</position><sys_created_by>shweta.hegde@capgemini.com</sys_created_by><sys_created_on>2018-05-30 06:55:45</sys_created_on><sys_id>e14d780b13d21f803a8e56022244b06d</sys_id><sys_mod_count>0</sys_mod_count><sys_ui_formatter/><sys_ui_section caption="NULL" display_value="" name="problem" sys_domain="945bd0251312d7803a8e56022244b018" view="Default view">c312093e1396db803a8e56022244b08d</sys_ui_section><sys_updated_by>shweta.hegde@capgemini.com</sys_updated_by><sys_updated_on>2018-05-30 06:55:45</sys_updated_on><sys_user/><type/></sys_ui_element><sys_ui_element action="INSERT_OR_UPDATE"><element>.end_split</element><position>12</position><sys_created_by>shweta.hegde@capgemini.com</sys_created_by><sys_created_on>2018-05-30 06:55:45</sys_created_on><sys_id>654d780b13d21f803a8e56022244b06d</sys_id><sys_mod_count>0</sys_mod_count><sys_ui_formatter/><sys_ui_section caption="NULL" display_value="" name="problem" sys_domain="945bd0251312d7803a8e56022244b018" view="Default view">c312093e1396db803a8e56022244b08d</sys_ui_section><sys_updated_by>shweta.hegde@capgemini.com</sys_updated_by><sys_updated_on>2018-05-30 06:55:45</sys_updated_on><sys_user/><type>.end_split</type></sys_ui_element><sys_ui_element action="INSERT_OR_UPDATE"><element>short_description</element><position>13</position><sys_created_by>shweta.hegde@capgemini.com</sys_created_by><sys_created_on>2018-05-30 06:55:45</sys_created_on><sys_id>e54d780b13d21f803a8e56022244b06d</sys_id><sys_mod_count>0</sys_mod_count><sys_ui_formatter/><sys_ui_section caption="NULL" display_value="" name="problem" sys_domain="945bd0251312d7803a8e56022244b018" view="Default view">c312093e1396db803a8e56022244b08d</sys_ui_section><sys_updated_by>shweta.hegde@capgemini.com</sys_updated_by><sys_updated_on>2018-05-30 06:55:45</sys_updated_on><sys_user/><type/></sys_ui_element><sys_ui_element action="INSERT_OR_UPDATE"><element>description</element><position>14</position><sys_created_by>shweta.hegde@capgemini.com</sys_created_by><sys_created_on>2018-05-30 06:55:45</sys_created_on><sys_id>694d780b13d21f803a8e56022244b06d</sys_id><sys_mod_count>0</sys_mod_count><sys_ui_formatter/><sys_ui_section caption="NULL" display_value="" name="problem" sys_domain="945bd0251312d7803a8e56022244b018" view="Default view">c312093e1396db803a8e56022244b08d</sys_ui_section><sys_updated_by>shweta.hegde@capgemini.com</sys_updated_by><sys_updated_on>2018-05-30 06:55:45</sys_updated_on><sys_user/><type/></sys_ui_element><sys_ui_element action="INSERT_OR_UPDATE"><element>close_notes</element><position>15</position><sys_created_by>shweta.hegde@capgemini.com</sys_created_by><sys_created_on>2018-05-30 06:55:45</sys_created_on><sys_id>e94d780b13d21f803a8e56022244b06d</sys_id><sys_mod_count>0</sys_mod_count><sys_ui_formatter/><sys_ui_section caption="NULL" display_value="" name="problem" sys_domain="945bd0251312d7803a8e56022244b018" view="Default view">c312093e1396db803a8e56022244b08d</sys_ui_section><sys_updated_by>shweta.hegde@capgemini.com</sys_updated_by><sys_updated_on>2018-05-30 06:55:45</sys_updated_on><sys_user/><type/></sys_ui_element><sys_ui_element action="INSERT_OR_UPDATE"><element>work_around</element><position>16</position><sys_created_by>shweta.hegde@capgemini.com</sys_created_by><sys_created_on>2018-05-30 06:55:45</sys_created_on><sys_id>6d4d780b13d21f803a8e56022244b06d</sys_id><sys_mod_count>0</sys_mod_count><sys_ui_formatter/><sys_ui_section caption="NULL" display_value="" name="problem" sys_domain="945bd0251312d7803a8e56022244b018" view="Default view">c312093e1396db803a8e56022244b08d</sys_ui_section><sys_updated_by>shweta.hegde@capgemini.com</sys_updated_by><sys_updated_on>2018-05-30 06:55:45</sys_updated_on><sys_user/><type/></sys_ui_element><sys_ui_element action="INSERT_OR_UPDATE"><element>work_notes</element><position>17</position><sys_created_by>shweta.hegde@capgemini.com</sys_created_by><sys_created_on>2018-05-30 06:55:45</sys_created_on><sys_id>ed4d780b13d21f803a8e56022244b06d</sys_id><sys_mod_count>0</sys_mod_count><sys_ui_formatter/><sys_ui_section caption="NULL" display_value="" name="problem" sys_domain="945bd0251312d7803a8e56022244b018" view="Default view">c312093e1396db803a8e56022244b08d</sys_ui_section><sys_updated_by>shweta.hegde@capgemini.com</sys_updated_by><sys_updated_on>2018-05-30 06:55:45</sys_updated_on><sys_user/><type/></sys_ui_element><sys_ui_element action="INSERT_OR_UPDATE"><element>attached_knowledge</element><position>18</position><sys_created_by>shweta.hegde@capgemini.com</sys_created_by><sys_created_on>2018-05-30 06:55:45</sys_created_on><sys_id>614d780b13d21f803a8e56022244b06e</sys_id><sys_mod_count>0</sys_mod_count><sys_ui_formatter display_value="Attached Knowledge">cfa76e850a0a0b1f01446f67c8538d00</sys_ui_formatter><sys_ui_section caption="NULL" display_value="" name="problem" sys_domain="945bd0251312d7803a8e56022244b018" view="Default view">c312093e1396db803a8e56022244b08d</sys_ui_section><sys_updated_by>shweta.hegde@capgemini.com</sys_updated_by><sys_updated_on>2018-05-30 06:55:45</sys_updated_on><sys_user/><type>formatter</type></sys_ui_element><sys_ui_element action="INSERT_OR_UPDATE"><element>activity.xml</element><position>19</position><sys_created_by>shweta.hegde@capgemini.com</sys_created_by><sys_created_on>2018-05-30 06:55:45</sys_created_on><sys_id>254d780b13d21f803a8e56022244b06e</sys_id><sys_mod_count>0</sys_mod_count><sys_ui_formatter display_value="Activities (filtered)">444ea5c6bf310100e628555b3f0739d6</sys_ui_formatter><sys_ui_section caption="NULL" display_value="" name="problem" sys_domain="945bd0251312d7803a8e56022244b018" view="Default view">c312093e1396db803a8e56022244b08d</sys_ui_section><sys_updated_by>shweta.hegde@capgemini.com</sys_updated_by><sys_updated_on>2018-05-30 06:55:45</sys_updated_on><sys_user/><type>formatter</type></sys_ui_element><sys_ui_section action="INSERT_OR_UPDATE"><caption/><header>false</header><name>problem</name><roles/><sys_class_name>sys_ui_section</sys_class_name><sys_created_by>shweta.hegde@capgemini.com</sys_created_by><sys_created_on>2018-05-29 12:38:25</sys_created_on><sys_customer_update>true</sys_customer_update><sys_domain>945bd0251312d7803a8e56022244b018</sys_domain><sys_domain_path>!!#/</sys_domain_path><sys_id>c312093e1396db803a8e56022244b08d</sys_id><sys_mod_count>0</sys_mod_count><sys_name>problem</sys_name><sys_overrides caption="NULL" display_value="" name="problem" sys_domain="global" view="Default view">bfb81dc9c0a8000900127627db594210</sys_overrides><sys_package display_value="Global" source="global">global</sys_package><sys_policy/><sys_replace_on_upgrade>false</sys_replace_on_upgrade><sys_scope display_value="Global">global</sys_scope><sys_update_name>sys_ui_section_c312093e1396db803a8e56022244b08d</sys_update_name><sys_updated_by>shweta.hegde@capgemini.com</sys_updated_by><sys_updated_on>2018-05-29 12:38:25</sys_updated_on><sys_user/><title>true</title><view display_value="Default view" name="NULL">Default view</view><view_name/></sys_ui_section></sys_ui_section></record_update>]]></payload>
<remote_update_set display_value=" Brazil_PM_SH-V1">bf7a32d30fd61300c6da563be1050e9a</remote_update_set>
<replace_on_upgrade>false</replace_on_upgrade>
<sys_created_by>shweta.hegde@capgemini.com</sys_created_by>
<sys_created_on>2018-05-31 10:41:21</sys_created_on>
<sys_id>bf7a32d30fd61300c6da563be1050e9b</sys_id>
<sys_mod_count>0</sys_mod_count>
<sys_updated_by>shweta.hegde@capgemini.com</sys_updated_by>
<sys_updated_on>2018-05-31 10:41:21</sys_updated_on>
<table>problem</table>
<target_name>Problem</target_name>
<type>Form Layout</type>
<update_domain>945bd0251312d7803a8e56022244b018</update_domain>
<update_set display_value=""/>
<view/>
</sys_update_xml>
</unload>
