<?xml version="1.0" encoding="UTF-8"?>
<unload unload_date="2018-03-08 08:42:44">
<sys_remote_update_set action="INSERT_OR_UPDATE">
<application display_value="Global">global</application>
<application_name>Global</application_name>
<application_scope>global</application_scope>
<application_version/>
<collisions/>
<commit_date/>
<deleted/>
<description>Client script for Priority matrix</description>
<inserted/>
<name>A&amp;W  Problem Management - SH - V10</name>
<origin_sys_id/>
<release_date/>
<remote_sys_id>21337a060fa457c0c6da563be1050ec9</remote_sys_id>
<state>loaded</state>
<summary/>
<sys_class_name>sys_remote_update_set</sys_class_name>
<sys_created_by>virag.shah@capgemini.com</sys_created_by>
<sys_created_on>2018-03-08 08:42:43</sys_created_on>
<sys_id>d3c9399c0f301fc0c6da563be1050ed3</sys_id>
<sys_mod_count>0</sys_mod_count>
<sys_updated_by>virag.shah@capgemini.com</sys_updated_by>
<sys_updated_on>2018-03-08 08:42:43</sys_updated_on>
<update_set display_value=""/>
<update_source display_value=""/>
<updated/>
</sys_remote_update_set>
<sys_update_xml action="INSERT_OR_UPDATE">
<action/>
<application display_value=""/>
<category/>
<comments/>
<name>sys_script_client_948a42d9dbc41f40a8a37dfdae9619ce</name>
<payload>&lt;?xml version="1.0" encoding="UTF-8"?&gt;&lt;record_update sys_domain="409c30addb8e8f0066e6f2f5ab9619e3" table="sys_script_client"&gt;&lt;sys_script_client action="INSERT_OR_UPDATE"&gt;&lt;active&gt;true&lt;/active&gt;&lt;applies_extended&gt;false&lt;/applies_extended&gt;&lt;condition/&gt;&lt;description/&gt;&lt;field&gt;urgency&lt;/field&gt;&lt;global&gt;true&lt;/global&gt;&lt;messages/&gt;&lt;name&gt;Calculate Priority on Urgency Change A&amp;amp;W&lt;/name&gt;&lt;order/&gt;&lt;script&gt;&lt;![CDATA[function onChange(control, oldValue, newValue, loading) {
	if (loading)
		return;
	var urgency = g_form.getValue('urgency');
	var impact = g_form.getValue('impact');
	var priority = 4;
	
	if(impact == 11 &amp;&amp; urgency == 11)
		priority = 1;
	else if((impact == 11 &amp;&amp; urgency == 12) || (impact == 12 &amp;&amp; urgency == 11 )||(impact == 13 &amp;&amp; urgency == 11)||(impact == 12 &amp;&amp; urgency == 12) || (impact == 11 &amp;&amp; urgency == 13 ))
		priority = 2;
	else if((impact == 3 &amp;&amp; urgency == 11) || (impact == 13 &amp;&amp; urgency == 12 ) || (impact == 3 &amp;&amp; urgency == 12) || (impact == 12 &amp;&amp; urgency == 13 )|| (impact == 13 &amp;&amp; urgency == 13 )|| (impact == 11 &amp;&amp; urgency == 3 )|| (impact == 12 &amp;&amp; urgency == 3 ))
		priority = 3;
	else if((impact == 3 &amp;&amp; urgency == 13) || (impact == 3 &amp;&amp; urgency == 3)|| (impact == 13 &amp;&amp; urgency == 3))
		priority = 4;
	else
		return false;
	 // g_form.setValue('priority','');
	 g_form.setValue('priority',priority);
}]]&gt;&lt;/script&gt;&lt;sys_class_name&gt;sys_script_client&lt;/sys_class_name&gt;&lt;sys_created_by&gt;shweta.hegde@capgemini.com&lt;/sys_created_by&gt;&lt;sys_created_on&gt;2018-02-02 05:44:30&lt;/sys_created_on&gt;&lt;sys_customer_update&gt;true&lt;/sys_customer_update&gt;&lt;sys_domain&gt;409c30addb8e8f0066e6f2f5ab9619e3&lt;/sys_domain&gt;&lt;sys_domain_path&gt;!!!/!!D/&lt;/sys_domain_path&gt;&lt;sys_id&gt;948a42d9dbc41f40a8a37dfdae9619ce&lt;/sys_id&gt;&lt;sys_mod_count&gt;3&lt;/sys_mod_count&gt;&lt;sys_name&gt;Calculate Priority on Urgency Change A&amp;amp;W&lt;/sys_name&gt;&lt;sys_overrides display_value=""&gt;global&lt;/sys_overrides&gt;&lt;sys_package display_value="Global" source="global"&gt;global&lt;/sys_package&gt;&lt;sys_policy/&gt;&lt;sys_replace_on_upgrade&gt;false&lt;/sys_replace_on_upgrade&gt;&lt;sys_scope display_value="Global"&gt;global&lt;/sys_scope&gt;&lt;sys_update_name&gt;sys_script_client_948a42d9dbc41f40a8a37dfdae9619ce&lt;/sys_update_name&gt;&lt;sys_updated_by&gt;virag.shah@capgemini.com&lt;/sys_updated_by&gt;&lt;sys_updated_on&gt;2018-03-01 12:30:11&lt;/sys_updated_on&gt;&lt;table&gt;problem&lt;/table&gt;&lt;type&gt;onChange&lt;/type&gt;&lt;u_relate/&gt;&lt;u_relate_table/&gt;&lt;ui_type&gt;0&lt;/ui_type&gt;&lt;view/&gt;&lt;/sys_script_client&gt;&lt;/record_update&gt;</payload>
<remote_update_set display_value="A&amp;W  Problem Management - SH - V10">d3c9399c0f301fc0c6da563be1050ed3</remote_update_set>
<replace_on_upgrade>false</replace_on_upgrade>
<sys_created_by>virag.shah@capgemini.com</sys_created_by>
<sys_created_on>2018-03-08 08:42:43</sys_created_on>
<sys_id>9bc9399c0f301fc0c6da563be1050ed3</sys_id>
<sys_mod_count>0</sys_mod_count>
<sys_updated_by>virag.shah@capgemini.com</sys_updated_by>
<sys_updated_on>2018-03-08 08:42:43</sys_updated_on>
<table/>
<target_name/>
<type/>
<update_domain/>
<update_set display_value=""/>
<view/>
</sys_update_xml>
<sys_update_xml action="INSERT_OR_UPDATE">
<action/>
<application display_value=""/>
<category/>
<comments/>
<name>sys_script_client_922a8e99dbc41f40a8a37dfdae96192d</name>
<payload>&lt;?xml version="1.0" encoding="UTF-8"?&gt;&lt;record_update sys_domain="409c30addb8e8f0066e6f2f5ab9619e3" table="sys_script_client"&gt;&lt;sys_script_client action="INSERT_OR_UPDATE"&gt;&lt;active&gt;true&lt;/active&gt;&lt;applies_extended&gt;false&lt;/applies_extended&gt;&lt;condition/&gt;&lt;description/&gt;&lt;field&gt;impact&lt;/field&gt;&lt;global&gt;true&lt;/global&gt;&lt;messages/&gt;&lt;name&gt;Calculate Priority on Impact Change A&amp;amp;W&lt;/name&gt;&lt;order/&gt;&lt;script&gt;&lt;![CDATA[function onChange(control, oldValue, newValue, loading) {
	if (loading)
		return;
	var urgency = g_form.getValue('urgency');
	var impact = g_form.getValue('impact');
	var priority = 4;
	
	if(impact == 11 &amp;&amp; urgency == 11)
		priority = 1;
	else if((impact == 11 &amp;&amp; urgency == 12) || (impact == 12 &amp;&amp; urgency == 11 )||(impact == 13 &amp;&amp; urgency == 11)||(impact == 12 &amp;&amp; urgency == 12) || (impact == 11 &amp;&amp; urgency == 13 ))
		priority = 2;
	else if((impact == 3 &amp;&amp; urgency == 11) || (impact == 13 &amp;&amp; urgency == 12 ) || (impact == 3 &amp;&amp; urgency == 12) || (impact == 12 &amp;&amp; urgency == 13 )|| (impact == 13 &amp;&amp; urgency == 13 )|| (impact == 11 &amp;&amp; urgency == 3 )|| (impact == 12 &amp;&amp; urgency == 3 ))
		priority = 3;
	else if((impact == 3 &amp;&amp; urgency == 13) || (impact == 3 &amp;&amp; urgency == 3)|| (impact == 13 &amp;&amp; urgency == 3))
		priority = 4;
	else
		return false;
	 // g_form.setValue('priority','');
	 g_form.setValue('priority',priority);
}]]&gt;&lt;/script&gt;&lt;sys_class_name&gt;sys_script_client&lt;/sys_class_name&gt;&lt;sys_created_by&gt;shweta.hegde@capgemini.com&lt;/sys_created_by&gt;&lt;sys_created_on&gt;2018-02-02 05:42:32&lt;/sys_created_on&gt;&lt;sys_customer_update&gt;true&lt;/sys_customer_update&gt;&lt;sys_domain&gt;409c30addb8e8f0066e6f2f5ab9619e3&lt;/sys_domain&gt;&lt;sys_domain_path&gt;!!!/!!D/&lt;/sys_domain_path&gt;&lt;sys_id&gt;922a8e99dbc41f40a8a37dfdae96192d&lt;/sys_id&gt;&lt;sys_mod_count&gt;3&lt;/sys_mod_count&gt;&lt;sys_name&gt;Calculate Priority on Impact Change A&amp;amp;W&lt;/sys_name&gt;&lt;sys_overrides display_value=""&gt;global&lt;/sys_overrides&gt;&lt;sys_package display_value="Global" source="global"&gt;global&lt;/sys_package&gt;&lt;sys_policy/&gt;&lt;sys_replace_on_upgrade&gt;false&lt;/sys_replace_on_upgrade&gt;&lt;sys_scope display_value="Global"&gt;global&lt;/sys_scope&gt;&lt;sys_update_name&gt;sys_script_client_922a8e99dbc41f40a8a37dfdae96192d&lt;/sys_update_name&gt;&lt;sys_updated_by&gt;virag.shah@capgemini.com&lt;/sys_updated_by&gt;&lt;sys_updated_on&gt;2018-03-01 12:30:38&lt;/sys_updated_on&gt;&lt;table&gt;problem&lt;/table&gt;&lt;type&gt;onChange&lt;/type&gt;&lt;u_relate/&gt;&lt;u_relate_table/&gt;&lt;ui_type&gt;0&lt;/ui_type&gt;&lt;view/&gt;&lt;/sys_script_client&gt;&lt;/record_update&gt;</payload>
<remote_update_set display_value="A&amp;W  Problem Management - SH - V10">d3c9399c0f301fc0c6da563be1050ed3</remote_update_set>
<replace_on_upgrade>false</replace_on_upgrade>
<sys_created_by>virag.shah@capgemini.com</sys_created_by>
<sys_created_on>2018-03-08 08:42:43</sys_created_on>
<sys_id>d7c9399c0f301fc0c6da563be1050ed3</sys_id>
<sys_mod_count>0</sys_mod_count>
<sys_updated_by>virag.shah@capgemini.com</sys_updated_by>
<sys_updated_on>2018-03-08 08:42:43</sys_updated_on>
<table/>
<target_name/>
<type/>
<update_domain/>
<update_set display_value=""/>
<view/>
</sys_update_xml>
</unload>
