<?xml version="1.0" encoding="UTF-8"?>
<unload unload_date="2018-03-08 08:42:29">
<sys_remote_update_set action="INSERT_OR_UPDATE">
<application display_value="Global">global</application>
<application_name>Global</application_name>
<application_scope>global</application_scope>
<application_version/>
<collisions/>
<commit_date/>
<deleted/>
<description/>
<inserted/>
<name>A&amp;W  Problem Management - SH - V9</name>
<origin_sys_id/>
<release_date/>
<remote_sys_id>df4a8a8613ec1bc03a8e56022244b0df</remote_sys_id>
<state>loaded</state>
<summary/>
<sys_class_name>sys_remote_update_set</sys_class_name>
<sys_created_by>virag.shah@capgemini.com</sys_created_by>
<sys_created_on>2018-03-08 08:42:29</sys_created_on>
<sys_id>7fb9b51c0f301fc0c6da563be1050e0e</sys_id>
<sys_mod_count>0</sys_mod_count>
<sys_updated_by>virag.shah@capgemini.com</sys_updated_by>
<sys_updated_on>2018-03-08 08:42:29</sys_updated_on>
<update_set display_value=""/>
<update_source display_value=""/>
<updated/>
</sys_remote_update_set>
<sys_update_xml action="INSERT_OR_UPDATE">
<action/>
<application display_value=""/>
<category/>
<comments/>
<name>sys_script_client_922a8e99dbc41f40a8a37dfdae96192d</name>
<payload>&lt;?xml version="1.0" encoding="UTF-8"?&gt;&lt;record_update sys_domain="409c30addb8e8f0066e6f2f5ab9619e3" table="sys_script_client"&gt;&lt;sys_script_client action="INSERT_OR_UPDATE"&gt;&lt;active&gt;true&lt;/active&gt;&lt;applies_extended&gt;false&lt;/applies_extended&gt;&lt;condition/&gt;&lt;description/&gt;&lt;field&gt;impact&lt;/field&gt;&lt;global&gt;true&lt;/global&gt;&lt;messages/&gt;&lt;name&gt;Calculate Priority on Impact Change A&amp;amp;W&lt;/name&gt;&lt;order/&gt;&lt;script&gt;&lt;![CDATA[function onChange(control, oldValue, newValue, loading) {
	if (loading)
		return;
	var urgency = g_form.getValue('urgency');
	var impact = g_form.getValue('impact');
	var priority = 4;
	
	if(impact == 11 &amp;&amp; urgency == 11)
		priority = 1;
	else if((impact == 11 &amp;&amp; urgency == 12) || (impact == 12 &amp;&amp; urgency == 11 )||(impact == 13 &amp;&amp; urgency == 11)||(impact == 12 &amp;&amp; urgency == 12))
		priority = 2;
	else if((impact == 3 &amp;&amp; urgency == 11) || (impact == 13 &amp;&amp; urgency == 12 ) || (impact == 3 &amp;&amp; urgency == 12) || (impact == 12 &amp;&amp; urgency == 13 )|| (impact == 13 &amp;&amp; urgency == 13 )|| (impact == 11 &amp;&amp; urgency == 3 )|| (impact == 12 &amp;&amp; urgency == 3 ))
		priority = 3;
	else if((impact == 3 &amp;&amp; urgency == 13) || (impact == 3 &amp;&amp; urgency == 14)|| (impact == 13 &amp;&amp; urgency == 3))
		priority = 4;
	else
		return false;
	 // g_form.setValue('priority','');
	 g_form.setValue('priority',priority);
}]]&gt;&lt;/script&gt;&lt;sys_class_name&gt;sys_script_client&lt;/sys_class_name&gt;&lt;sys_created_by&gt;shweta.hegde@capgemini.com&lt;/sys_created_by&gt;&lt;sys_created_on&gt;2018-02-02 05:42:32&lt;/sys_created_on&gt;&lt;sys_customer_update&gt;true&lt;/sys_customer_update&gt;&lt;sys_domain&gt;409c30addb8e8f0066e6f2f5ab9619e3&lt;/sys_domain&gt;&lt;sys_domain_path&gt;!!!/!!D/&lt;/sys_domain_path&gt;&lt;sys_id&gt;922a8e99dbc41f40a8a37dfdae96192d&lt;/sys_id&gt;&lt;sys_mod_count&gt;2&lt;/sys_mod_count&gt;&lt;sys_name&gt;Calculate Priority on Impact Change A&amp;amp;W&lt;/sys_name&gt;&lt;sys_overrides display_value=""&gt;global&lt;/sys_overrides&gt;&lt;sys_package display_value="Global" source="global"&gt;global&lt;/sys_package&gt;&lt;sys_policy/&gt;&lt;sys_replace_on_upgrade&gt;false&lt;/sys_replace_on_upgrade&gt;&lt;sys_scope display_value="Global"&gt;global&lt;/sys_scope&gt;&lt;sys_update_name&gt;sys_script_client_922a8e99dbc41f40a8a37dfdae96192d&lt;/sys_update_name&gt;&lt;sys_updated_by&gt;lakshmi.kalatippi&lt;/sys_updated_by&gt;&lt;sys_updated_on&gt;2018-03-01 09:24:19&lt;/sys_updated_on&gt;&lt;table&gt;problem&lt;/table&gt;&lt;type&gt;onChange&lt;/type&gt;&lt;u_relate/&gt;&lt;u_relate_table/&gt;&lt;ui_type&gt;0&lt;/ui_type&gt;&lt;view/&gt;&lt;/sys_script_client&gt;&lt;/record_update&gt;</payload>
<remote_update_set display_value="A&amp;W  Problem Management - SH - V9">7fb9b51c0f301fc0c6da563be1050e0e</remote_update_set>
<replace_on_upgrade>false</replace_on_upgrade>
<sys_created_by>virag.shah@capgemini.com</sys_created_by>
<sys_created_on>2018-03-08 08:42:29</sys_created_on>
<sys_id>37b9b51c0f301fc0c6da563be1050e0f</sys_id>
<sys_mod_count>0</sys_mod_count>
<sys_updated_by>virag.shah@capgemini.com</sys_updated_by>
<sys_updated_on>2018-03-08 08:42:29</sys_updated_on>
<table/>
<target_name/>
<type/>
<update_domain/>
<update_set display_value=""/>
<view/>
</sys_update_xml>
<sys_update_xml action="INSERT_OR_UPDATE">
<action/>
<application display_value=""/>
<category/>
<comments/>
<name>sys_script_client_8f8106c2db2c9bc0a8a37dfdae961926</name>
<payload>&lt;?xml version="1.0" encoding="UTF-8"?&gt;&lt;record_update sys_domain="409c30addb8e8f0066e6f2f5ab9619e3" table="sys_script_client"&gt;&lt;sys_script_client action="INSERT_OR_UPDATE"&gt;&lt;active&gt;true&lt;/active&gt;&lt;applies_extended&gt;false&lt;/applies_extended&gt;&lt;condition/&gt;&lt;description/&gt;&lt;field&gt;active&lt;/field&gt;&lt;global&gt;true&lt;/global&gt;&lt;messages/&gt;&lt;name&gt;Remove none from impact A&amp;amp;W&lt;/name&gt;&lt;order/&gt;&lt;script&gt;&lt;![CDATA[function onLoad() {
   //Type appropriate comment here, and begin script below
   g_form.removeOption('impact','','--None--','0');
}]]&gt;&lt;/script&gt;&lt;sys_class_name&gt;sys_script_client&lt;/sys_class_name&gt;&lt;sys_created_by&gt;shweta.hegde@capgemini.com&lt;/sys_created_by&gt;&lt;sys_created_on&gt;2018-03-01 09:30:15&lt;/sys_created_on&gt;&lt;sys_customer_update&gt;true&lt;/sys_customer_update&gt;&lt;sys_domain&gt;409c30addb8e8f0066e6f2f5ab9619e3&lt;/sys_domain&gt;&lt;sys_domain_path&gt;!!!/!!D/&lt;/sys_domain_path&gt;&lt;sys_id&gt;8f8106c2db2c9bc0a8a37dfdae961926&lt;/sys_id&gt;&lt;sys_mod_count&gt;0&lt;/sys_mod_count&gt;&lt;sys_name&gt;Remove none from impact A&amp;amp;W&lt;/sys_name&gt;&lt;sys_overrides display_value=""&gt;global&lt;/sys_overrides&gt;&lt;sys_package display_value="Global" source="global"&gt;global&lt;/sys_package&gt;&lt;sys_policy/&gt;&lt;sys_replace_on_upgrade&gt;false&lt;/sys_replace_on_upgrade&gt;&lt;sys_scope display_value="Global"&gt;global&lt;/sys_scope&gt;&lt;sys_update_name&gt;sys_script_client_8f8106c2db2c9bc0a8a37dfdae961926&lt;/sys_update_name&gt;&lt;sys_updated_by&gt;shweta.hegde@capgemini.com&lt;/sys_updated_by&gt;&lt;sys_updated_on&gt;2018-03-01 09:30:15&lt;/sys_updated_on&gt;&lt;table&gt;problem&lt;/table&gt;&lt;type&gt;onLoad&lt;/type&gt;&lt;u_relate/&gt;&lt;u_relate_table/&gt;&lt;ui_type&gt;0&lt;/ui_type&gt;&lt;view/&gt;&lt;/sys_script_client&gt;&lt;/record_update&gt;</payload>
<remote_update_set display_value="A&amp;W  Problem Management - SH - V9">7fb9b51c0f301fc0c6da563be1050e0e</remote_update_set>
<replace_on_upgrade>false</replace_on_upgrade>
<sys_created_by>virag.shah@capgemini.com</sys_created_by>
<sys_created_on>2018-03-08 08:42:29</sys_created_on>
<sys_id>73b9b51c0f301fc0c6da563be1050e0f</sys_id>
<sys_mod_count>0</sys_mod_count>
<sys_updated_by>virag.shah@capgemini.com</sys_updated_by>
<sys_updated_on>2018-03-08 08:42:29</sys_updated_on>
<table/>
<target_name/>
<type/>
<update_domain/>
<update_set display_value=""/>
<view/>
</sys_update_xml>
<sys_update_xml action="INSERT_OR_UPDATE">
<action/>
<application display_value=""/>
<category/>
<comments/>
<name>sys_ui_policy_action_1dd74942db649bc0a8a37dfdae96198d</name>
<payload><![CDATA[<?xml version="1.0" encoding="UTF-8"?><record_update table="sys_ui_policy_action"><sys_ui_policy_action action="INSERT_OR_UPDATE"><disabled>ignore</disabled><field>u_restaurant_aw</field><mandatory>true</mandatory><sys_class_name>sys_ui_policy_action</sys_class_name><sys_created_by>shweta.hegde@capgemini.com</sys_created_by><sys_created_on>2018-03-01 05:18:43</sys_created_on><sys_customer_update>true</sys_customer_update><sys_id>1dd74942db649bc0a8a37dfdae96198d</sys_id><sys_mod_count>0</sys_mod_count><sys_name>u_restaurant_aw</sys_name><sys_package display_value="Global" source="global">global</sys_package><sys_policy/><sys_replace_on_upgrade>false</sys_replace_on_upgrade><sys_scope display_value="Global">global</sys_scope><sys_update_name>sys_ui_policy_action_1dd74942db649bc0a8a37dfdae96198d</sys_update_name><sys_updated_by>shweta.hegde@capgemini.com</sys_updated_by><sys_updated_on>2018-03-01 05:18:43</sys_updated_on><table>problem</table><ui_policy display_value="Configuration Item Field Mandatory A&amp;W">2e53945fdb4707402dfc78a6ae961963</ui_policy><visible>ignore</visible></sys_ui_policy_action></record_update>]]></payload>
<remote_update_set display_value="A&amp;W  Problem Management - SH - V9">7fb9b51c0f301fc0c6da563be1050e0e</remote_update_set>
<replace_on_upgrade>false</replace_on_upgrade>
<sys_created_by>virag.shah@capgemini.com</sys_created_by>
<sys_created_on>2018-03-08 08:42:29</sys_created_on>
<sys_id>bbb9b51c0f301fc0c6da563be1050e0f</sys_id>
<sys_mod_count>0</sys_mod_count>
<sys_updated_by>virag.shah@capgemini.com</sys_updated_by>
<sys_updated_on>2018-03-08 08:42:29</sys_updated_on>
<table/>
<target_name/>
<type/>
<update_domain/>
<update_set display_value=""/>
<view/>
</sys_update_xml>
<sys_update_xml action="INSERT_OR_UPDATE">
<action/>
<application display_value=""/>
<category/>
<comments/>
<name>sys_script_client_948a42d9dbc41f40a8a37dfdae9619ce</name>
<payload>&lt;?xml version="1.0" encoding="UTF-8"?&gt;&lt;record_update sys_domain="409c30addb8e8f0066e6f2f5ab9619e3" table="sys_script_client"&gt;&lt;sys_script_client action="INSERT_OR_UPDATE"&gt;&lt;active&gt;true&lt;/active&gt;&lt;applies_extended&gt;false&lt;/applies_extended&gt;&lt;condition/&gt;&lt;description/&gt;&lt;field&gt;urgency&lt;/field&gt;&lt;global&gt;true&lt;/global&gt;&lt;messages/&gt;&lt;name&gt;Calculate Priority on Urgency Change A&amp;amp;W&lt;/name&gt;&lt;order/&gt;&lt;script&gt;&lt;![CDATA[function onChange(control, oldValue, newValue, loading) {
	if (loading)
		return;
	var urgency = g_form.getValue('urgency');
	var impact = g_form.getValue('impact');
	var priority = 4;
	
	if(impact == 11 &amp;&amp; urgency == 11)
		priority = 1;
	else if((impact == 11 &amp;&amp; urgency == 12) || (impact == 12 &amp;&amp; urgency == 11 )||(impact == 13 &amp;&amp; urgency == 11)||(impact == 12 &amp;&amp; urgency == 12))
		priority = 2;
	else if((impact == 3 &amp;&amp; urgency == 11) || (impact == 13 &amp;&amp; urgency == 12 ) || (impact == 3 &amp;&amp; urgency == 12) || (impact == 12 &amp;&amp; urgency == 13 )|| (impact == 13 &amp;&amp; urgency == 13 )|| (impact == 11 &amp;&amp; urgency == 3 )|| (impact == 12 &amp;&amp; urgency == 3 ))
		priority = 3;
	else if((impact == 3 &amp;&amp; urgency == 13) || (impact == 3 &amp;&amp; urgency == 14)|| (impact == 13 &amp;&amp; urgency == 3))
		priority = 4;
	else
		return false;
	 // g_form.setValue('priority','');
	 g_form.setValue('priority',priority);
}]]&gt;&lt;/script&gt;&lt;sys_class_name&gt;sys_script_client&lt;/sys_class_name&gt;&lt;sys_created_by&gt;shweta.hegde@capgemini.com&lt;/sys_created_by&gt;&lt;sys_created_on&gt;2018-02-02 05:44:30&lt;/sys_created_on&gt;&lt;sys_customer_update&gt;true&lt;/sys_customer_update&gt;&lt;sys_domain&gt;409c30addb8e8f0066e6f2f5ab9619e3&lt;/sys_domain&gt;&lt;sys_domain_path&gt;!!!/!!D/&lt;/sys_domain_path&gt;&lt;sys_id&gt;948a42d9dbc41f40a8a37dfdae9619ce&lt;/sys_id&gt;&lt;sys_mod_count&gt;2&lt;/sys_mod_count&gt;&lt;sys_name&gt;Calculate Priority on Urgency Change A&amp;amp;W&lt;/sys_name&gt;&lt;sys_overrides display_value=""&gt;global&lt;/sys_overrides&gt;&lt;sys_package display_value="Global" source="global"&gt;global&lt;/sys_package&gt;&lt;sys_policy/&gt;&lt;sys_replace_on_upgrade&gt;false&lt;/sys_replace_on_upgrade&gt;&lt;sys_scope display_value="Global"&gt;global&lt;/sys_scope&gt;&lt;sys_update_name&gt;sys_script_client_948a42d9dbc41f40a8a37dfdae9619ce&lt;/sys_update_name&gt;&lt;sys_updated_by&gt;lakshmi.kalatippi&lt;/sys_updated_by&gt;&lt;sys_updated_on&gt;2018-03-01 09:24:39&lt;/sys_updated_on&gt;&lt;table&gt;problem&lt;/table&gt;&lt;type&gt;onChange&lt;/type&gt;&lt;u_relate/&gt;&lt;u_relate_table/&gt;&lt;ui_type&gt;0&lt;/ui_type&gt;&lt;view/&gt;&lt;/sys_script_client&gt;&lt;/record_update&gt;</payload>
<remote_update_set display_value="A&amp;W  Problem Management - SH - V9">7fb9b51c0f301fc0c6da563be1050e0e</remote_update_set>
<replace_on_upgrade>false</replace_on_upgrade>
<sys_created_by>virag.shah@capgemini.com</sys_created_by>
<sys_created_on>2018-03-08 08:42:29</sys_created_on>
<sys_id>f7b9b51c0f301fc0c6da563be1050e0f</sys_id>
<sys_mod_count>0</sys_mod_count>
<sys_updated_by>virag.shah@capgemini.com</sys_updated_by>
<sys_updated_on>2018-03-08 08:42:29</sys_updated_on>
<table/>
<target_name/>
<type/>
<update_domain/>
<update_set display_value=""/>
<view/>
</sys_update_xml>
</unload>
