<?xml version="1.0" encoding="UTF-8"?>
<unload unload_date="2018-03-08 08:43:02">
<sys_remote_update_set action="INSERT_OR_UPDATE">
<application display_value="Global">global</application>
<application_name>Global</application_name>
<application_scope>global</application_scope>
<application_version/>
<collisions/>
<commit_date/>
<deleted/>
<description>Sla for response for Problem</description>
<inserted/>
<name>A&amp;W  Problem Management - SH - V11</name>
<origin_sys_id/>
<release_date/>
<remote_sys_id>763b8c370f249bc0c6da563be1050e14</remote_sys_id>
<state>loaded</state>
<summary/>
<sys_class_name>sys_remote_update_set</sys_class_name>
<sys_created_by>virag.shah@capgemini.com</sys_created_by>
<sys_created_on>2018-03-08 08:43:01</sys_created_on>
<sys_id>e3d975dc0f301fc0c6da563be1050eb6</sys_id>
<sys_mod_count>0</sys_mod_count>
<sys_updated_by>virag.shah@capgemini.com</sys_updated_by>
<sys_updated_on>2018-03-08 08:43:01</sys_updated_on>
<update_set display_value=""/>
<update_source display_value=""/>
<updated/>
</sys_remote_update_set>
<sys_update_xml action="INSERT_OR_UPDATE">
<action/>
<application display_value=""/>
<category/>
<comments/>
<name>contract_sla_839f2f6fdb641304a8a37dfdae9619b1</name>
<payload><![CDATA[<?xml version="1.0" encoding="UTF-8"?><record_update sys_domain="409c30addb8e8f0066e6f2f5ab9619e3" table="contract_sla"><contract_sla action="INSERT_OR_UPDATE"><active>true</active><cancel_condition/><collection>problem</collection><condition_class/><duration>1970-01-01 00:10:00</duration><duration_type/><enable_logging>false</enable_logging><name>Response SLA:Priority 1 A&amp;W(10 Min)</name><pause_condition/><relative_duration_works_on>Task record</relative_duration_works_on><reset_condition/><resume_condition/><retroactive>false</retroactive><retroactive_pause>true</retroactive_pause><schedule display_value="8-5 weekdays">08fcd0830a0a0b2600079f56b1adb9ae</schedule><schedule_source>sla_definition</schedule_source><schedule_source_field/><set_start_to>approval_set</set_start_to><start_condition table="problem">priority=1^active=true^EQ<item endquery="false" field="priority" goto="false" newquery="false" operator="=" or="false" value="1"/><item endquery="false" field="active" goto="false" newquery="false" operator="=" or="false" value="true"/><item endquery="true" field="" goto="false" newquery="false" operator="=" or="false" value=""/></start_condition><stop_condition table="problem">assigned_toISNOTEMPTY^assignment_groupISNOTEMPTY^ORproblem_state=6^NQproblem_state=4^EQ<item endquery="false" field="assigned_to" goto="false" newquery="false" operator="ISNOTEMPTY" or="false" value=""/><item endquery="false" field="assignment_group" goto="false" newquery="false" operator="ISNOTEMPTY" or="false" value=""/><item endquery="false" field="problem_state" goto="false" newquery="false" operator="=" or="true" value="6"/><item endquery="false" field="problem_state" goto="false" newquery="true" operator="=" or="false" value="4"/><item endquery="true" field="" goto="false" newquery="false" operator="=" or="false" value=""/></stop_condition><sys_class_name>contract_sla</sys_class_name><sys_created_by>shweta.hegde@capgemini.com</sys_created_by><sys_created_on>2018-03-06 09:26:05</sys_created_on><sys_customer_update>true</sys_customer_update><sys_domain>409c30addb8e8f0066e6f2f5ab9619e3</sys_domain><sys_domain_path/><sys_id>839f2f6fdb641304a8a37dfdae9619b1</sys_id><sys_mod_count>0</sys_mod_count><sys_name>Response SLA:Priority 1 A&amp;W(10 Min)</sys_name><sys_overrides/><sys_package display_value="Global" source="global">global</sys_package><sys_policy/><sys_replace_on_upgrade>false</sys_replace_on_upgrade><sys_scope display_value="Global">global</sys_scope><sys_update_name>contract_sla_839f2f6fdb641304a8a37dfdae9619b1</sys_update_name><sys_updated_by>shweta.hegde@capgemini.com</sys_updated_by><sys_updated_on>2018-03-06 09:26:05</sys_updated_on><timezone/><timezone_source>task.caller_id.time_zone</timezone_source><type>SLA</type><u_ajg_sla_type/><u_group/><u_item/><u_vendor/><when_to_cancel>no_match</when_to_cancel><when_to_resume>no_match</when_to_resume><workflow display_value="Default SLA workflow">4b6570360a0a0b3000bbacab877713f2</workflow></contract_sla></record_update>]]></payload>
<remote_update_set display_value="A&amp;W  Problem Management - SH - V11">e3d975dc0f301fc0c6da563be1050eb6</remote_update_set>
<replace_on_upgrade>false</replace_on_upgrade>
<sys_created_by>virag.shah@capgemini.com</sys_created_by>
<sys_created_on>2018-03-08 08:43:01</sys_created_on>
<sys_id>23d975dc0f301fc0c6da563be1050eb7</sys_id>
<sys_mod_count>0</sys_mod_count>
<sys_updated_by>virag.shah@capgemini.com</sys_updated_by>
<sys_updated_on>2018-03-08 08:43:01</sys_updated_on>
<table/>
<target_name/>
<type/>
<update_domain/>
<update_set display_value=""/>
<view/>
</sys_update_xml>
<sys_update_xml action="INSERT_OR_UPDATE">
<action/>
<application display_value=""/>
<category/>
<comments/>
<name>contract_sla_65a33fa3dba41304a8a37dfdae96190e</name>
<payload><![CDATA[<?xml version="1.0" encoding="UTF-8"?><record_update sys_domain="409c30addb8e8f0066e6f2f5ab9619e3" table="contract_sla"><contract_sla action="INSERT_OR_UPDATE"><active>true</active><cancel_condition/><collection>problem</collection><condition_class/><duration>1970-01-01 01:00:00</duration><duration_type/><enable_logging>false</enable_logging><name>Response SLA:Priority 2 A&amp;W(60 Min)</name><pause_condition/><relative_duration_works_on>Task record</relative_duration_works_on><reset_condition/><resume_condition/><retroactive>false</retroactive><retroactive_pause>true</retroactive_pause><schedule display_value="8-5 weekdays">08fcd0830a0a0b2600079f56b1adb9ae</schedule><schedule_source>sla_definition</schedule_source><schedule_source_field/><set_start_to>approval_set</set_start_to><start_condition table="problem">priority=2^active=true^EQ<item endquery="false" field="priority" goto="false" newquery="false" operator="=" or="false" value="2"/><item endquery="false" field="active" goto="false" newquery="false" operator="=" or="false" value="true"/><item endquery="true" field="" goto="false" newquery="false" operator="=" or="false" value=""/></start_condition><stop_condition table="problem">assigned_toISNOTEMPTY^assignment_groupISNOTEMPTY^ORproblem_state=6^NQproblem_state=4^EQ<item endquery="false" field="assigned_to" goto="false" newquery="false" operator="ISNOTEMPTY" or="false" value=""/><item endquery="false" field="assignment_group" goto="false" newquery="false" operator="ISNOTEMPTY" or="false" value=""/><item endquery="false" field="problem_state" goto="false" newquery="false" operator="=" or="true" value="6"/><item endquery="false" field="problem_state" goto="false" newquery="true" operator="=" or="false" value="4"/><item endquery="true" field="" goto="false" newquery="false" operator="=" or="false" value=""/></stop_condition><sys_class_name>contract_sla</sys_class_name><sys_created_by>shweta.hegde@capgemini.com</sys_created_by><sys_created_on>2018-03-06 09:39:39</sys_created_on><sys_customer_update>true</sys_customer_update><sys_domain>409c30addb8e8f0066e6f2f5ab9619e3</sys_domain><sys_domain_path>!!!/!!D/</sys_domain_path><sys_id>65a33fa3dba41304a8a37dfdae96190e</sys_id><sys_mod_count>0</sys_mod_count><sys_name>Response SLA:Priority 2 A&amp;W(60 Min)</sys_name><sys_overrides/><sys_package display_value="Global" source="global">global</sys_package><sys_policy/><sys_replace_on_upgrade>false</sys_replace_on_upgrade><sys_scope display_value="Global">global</sys_scope><sys_update_name>contract_sla_65a33fa3dba41304a8a37dfdae96190e</sys_update_name><sys_updated_by>shweta.hegde@capgemini.com</sys_updated_by><sys_updated_on>2018-03-06 09:39:39</sys_updated_on><timezone/><timezone_source>task.caller_id.time_zone</timezone_source><type>SLA</type><u_ajg_sla_type/><u_group/><u_item/><u_vendor/><when_to_cancel>no_match</when_to_cancel><when_to_resume>no_match</when_to_resume><workflow display_value="Default SLA workflow">4b6570360a0a0b3000bbacab877713f2</workflow></contract_sla></record_update>]]></payload>
<remote_update_set display_value="A&amp;W  Problem Management - SH - V11">e3d975dc0f301fc0c6da563be1050eb6</remote_update_set>
<replace_on_upgrade>false</replace_on_upgrade>
<sys_created_by>virag.shah@capgemini.com</sys_created_by>
<sys_created_on>2018-03-08 08:43:01</sys_created_on>
<sys_id>6fd975dc0f301fc0c6da563be1050eb6</sys_id>
<sys_mod_count>0</sys_mod_count>
<sys_updated_by>virag.shah@capgemini.com</sys_updated_by>
<sys_updated_on>2018-03-08 08:43:01</sys_updated_on>
<table/>
<target_name/>
<type/>
<update_domain/>
<update_set display_value=""/>
<view/>
</sys_update_xml>
<sys_update_xml action="INSERT_OR_UPDATE">
<action/>
<application display_value=""/>
<category/>
<comments/>
<name>sys_ui_policy_fd197be7dba41304a8a37dfdae961970</name>
<payload>&lt;?xml version="1.0" encoding="UTF-8"?&gt;&lt;record_update sys_domain="409c30addb8e8f0066e6f2f5ab9619e3" table="sys_ui_policy"&gt;&lt;sys_ui_policy action="INSERT_OR_UPDATE"&gt;&lt;active&gt;true&lt;/active&gt;&lt;conditions table="problem"&gt;problem_state=5^EQ&lt;item endquery="false" field="problem_state" goto="false" newquery="false" operator="=" or="false" value="5"/&gt;&lt;item endquery="true" field="" goto="false" newquery="false" operator="=" or="false" value=""/&gt;&lt;/conditions&gt;&lt;description/&gt;&lt;global&gt;true&lt;/global&gt;&lt;inherit&gt;false&lt;/inherit&gt;&lt;model_id/&gt;&lt;model_table/&gt;&lt;on_load&gt;true&lt;/on_load&gt;&lt;order&gt;100&lt;/order&gt;&lt;reverse_if_false&gt;true&lt;/reverse_if_false&gt;&lt;run_scripts&gt;false&lt;/run_scripts&gt;&lt;script_false&gt;&lt;![CDATA[function onCondition() {

}]]&gt;&lt;/script_false&gt;&lt;script_true&gt;&lt;![CDATA[function onCondition() {

}]]&gt;&lt;/script_true&gt;&lt;set_values/&gt;&lt;short_description&gt;Make assigned_to mandatory on In Progress A&amp;amp;W&lt;/short_description&gt;&lt;sys_class_name&gt;sys_ui_policy&lt;/sys_class_name&gt;&lt;sys_created_by&gt;shweta.hegde@capgemini.com&lt;/sys_created_by&gt;&lt;sys_created_on&gt;2018-03-06 10:03:26&lt;/sys_created_on&gt;&lt;sys_customer_update&gt;true&lt;/sys_customer_update&gt;&lt;sys_domain&gt;409c30addb8e8f0066e6f2f5ab9619e3&lt;/sys_domain&gt;&lt;sys_domain_path&gt;!!!/!!D/&lt;/sys_domain_path&gt;&lt;sys_id&gt;fd197be7dba41304a8a37dfdae961970&lt;/sys_id&gt;&lt;sys_mod_count&gt;0&lt;/sys_mod_count&gt;&lt;sys_name&gt;Make assigned_to mandatory on In Progress A&amp;amp;W&lt;/sys_name&gt;&lt;sys_overrides/&gt;&lt;sys_package display_value="Global" source="global"&gt;global&lt;/sys_package&gt;&lt;sys_policy/&gt;&lt;sys_replace_on_upgrade&gt;false&lt;/sys_replace_on_upgrade&gt;&lt;sys_scope display_value="Global"&gt;global&lt;/sys_scope&gt;&lt;sys_update_name&gt;sys_ui_policy_fd197be7dba41304a8a37dfdae961970&lt;/sys_update_name&gt;&lt;sys_updated_by&gt;shweta.hegde@capgemini.com&lt;/sys_updated_by&gt;&lt;sys_updated_on&gt;2018-03-06 10:03:26&lt;/sys_updated_on&gt;&lt;table&gt;problem&lt;/table&gt;&lt;u_relate/&gt;&lt;u_relate_table/&gt;&lt;ui_type&gt;0&lt;/ui_type&gt;&lt;view/&gt;&lt;/sys_ui_policy&gt;&lt;/record_update&gt;</payload>
<remote_update_set display_value="A&amp;W  Problem Management - SH - V11">e3d975dc0f301fc0c6da563be1050eb6</remote_update_set>
<replace_on_upgrade>false</replace_on_upgrade>
<sys_created_by>virag.shah@capgemini.com</sys_created_by>
<sys_created_on>2018-03-08 08:43:01</sys_created_on>
<sys_id>a7d975dc0f301fc0c6da563be1050eb7</sys_id>
<sys_mod_count>0</sys_mod_count>
<sys_updated_by>virag.shah@capgemini.com</sys_updated_by>
<sys_updated_on>2018-03-08 08:43:01</sys_updated_on>
<table/>
<target_name/>
<type/>
<update_domain/>
<update_set display_value=""/>
<view/>
</sys_update_xml>
<sys_update_xml action="INSERT_OR_UPDATE">
<action/>
<application display_value=""/>
<category/>
<comments/>
<name>contract_sla_3ce3f727dba41304a8a37dfdae961917</name>
<payload><![CDATA[<?xml version="1.0" encoding="UTF-8"?><record_update sys_domain="409c30addb8e8f0066e6f2f5ab9619e3" table="contract_sla"><contract_sla action="INSERT_OR_UPDATE"><active>true</active><cancel_condition/><collection>problem</collection><condition_class/><duration>1970-01-01 04:00:00</duration><duration_type/><enable_logging>false</enable_logging><name>Response SLA:Priority 3 A&amp;W(4 Hours)</name><pause_condition/><relative_duration_works_on>Task record</relative_duration_works_on><reset_condition/><resume_condition/><retroactive>false</retroactive><retroactive_pause>true</retroactive_pause><schedule display_value="8-5 weekdays">08fcd0830a0a0b2600079f56b1adb9ae</schedule><schedule_source>sla_definition</schedule_source><schedule_source_field/><set_start_to>approval_set</set_start_to><start_condition table="problem">priority=3^active=true^EQ<item endquery="false" field="priority" goto="false" newquery="false" operator="=" or="false" value="3"/><item endquery="false" field="active" goto="false" newquery="false" operator="=" or="false" value="true"/><item endquery="true" field="" goto="false" newquery="false" operator="=" or="false" value=""/></start_condition><stop_condition table="problem">assigned_toISNOTEMPTY^assignment_groupISNOTEMPTY^ORproblem_state=6^NQproblem_state=4^EQ<item endquery="false" field="assigned_to" goto="false" newquery="false" operator="ISNOTEMPTY" or="false" value=""/><item endquery="false" field="assignment_group" goto="false" newquery="false" operator="ISNOTEMPTY" or="false" value=""/><item endquery="false" field="problem_state" goto="false" newquery="false" operator="=" or="true" value="6"/><item endquery="false" field="problem_state" goto="false" newquery="true" operator="=" or="false" value="4"/><item endquery="true" field="" goto="false" newquery="false" operator="=" or="false" value=""/></stop_condition><sys_class_name>contract_sla</sys_class_name><sys_created_by>shweta.hegde@capgemini.com</sys_created_by><sys_created_on>2018-03-06 09:40:42</sys_created_on><sys_customer_update>true</sys_customer_update><sys_domain>409c30addb8e8f0066e6f2f5ab9619e3</sys_domain><sys_domain_path>!!!/!!D/</sys_domain_path><sys_id>3ce3f727dba41304a8a37dfdae961917</sys_id><sys_mod_count>0</sys_mod_count><sys_name>Response SLA:Priority 3 A&amp;W(4 Hours)</sys_name><sys_overrides/><sys_package display_value="Global" source="global">global</sys_package><sys_policy/><sys_replace_on_upgrade>false</sys_replace_on_upgrade><sys_scope display_value="Global">global</sys_scope><sys_update_name>contract_sla_3ce3f727dba41304a8a37dfdae961917</sys_update_name><sys_updated_by>shweta.hegde@capgemini.com</sys_updated_by><sys_updated_on>2018-03-06 09:40:42</sys_updated_on><timezone/><timezone_source>task.caller_id.time_zone</timezone_source><type>SLA</type><u_ajg_sla_type/><u_group/><u_item/><u_vendor/><when_to_cancel>no_match</when_to_cancel><when_to_resume>no_match</when_to_resume><workflow display_value="Default SLA workflow">4b6570360a0a0b3000bbacab877713f2</workflow></contract_sla></record_update>]]></payload>
<remote_update_set display_value="A&amp;W  Problem Management - SH - V11">e3d975dc0f301fc0c6da563be1050eb6</remote_update_set>
<replace_on_upgrade>false</replace_on_upgrade>
<sys_created_by>virag.shah@capgemini.com</sys_created_by>
<sys_created_on>2018-03-08 08:43:01</sys_created_on>
<sys_id>abd975dc0f301fc0c6da563be1050eb6</sys_id>
<sys_mod_count>0</sys_mod_count>
<sys_updated_by>virag.shah@capgemini.com</sys_updated_by>
<sys_updated_on>2018-03-08 08:43:01</sys_updated_on>
<table/>
<target_name/>
<type/>
<update_domain/>
<update_set display_value=""/>
<view/>
</sys_update_xml>
<sys_update_xml action="INSERT_OR_UPDATE">
<action/>
<application display_value=""/>
<category/>
<comments/>
<name>sys_ui_policy_action_3049ff2bdba41304a8a37dfdae96195d</name>
<payload><![CDATA[<?xml version="1.0" encoding="UTF-8"?><record_update table="sys_ui_policy_action"><sys_ui_policy_action action="INSERT_OR_UPDATE"><disabled>ignore</disabled><field>assigned_to</field><mandatory>true</mandatory><sys_class_name>sys_ui_policy_action</sys_class_name><sys_created_by>shweta.hegde@capgemini.com</sys_created_by><sys_created_on>2018-03-06 10:04:24</sys_created_on><sys_customer_update>true</sys_customer_update><sys_id>3049ff2bdba41304a8a37dfdae96195d</sys_id><sys_mod_count>0</sys_mod_count><sys_name>assigned_to</sys_name><sys_package display_value="Global" source="global">global</sys_package><sys_policy/><sys_replace_on_upgrade>false</sys_replace_on_upgrade><sys_scope display_value="Global">global</sys_scope><sys_update_name>sys_ui_policy_action_3049ff2bdba41304a8a37dfdae96195d</sys_update_name><sys_updated_by>shweta.hegde@capgemini.com</sys_updated_by><sys_updated_on>2018-03-06 10:04:24</sys_updated_on><table>problem</table><ui_policy display_value="Make assigned_to mandatory on In Progress A&amp;W">fd197be7dba41304a8a37dfdae961970</ui_policy><visible>ignore</visible></sys_ui_policy_action></record_update>]]></payload>
<remote_update_set display_value="A&amp;W  Problem Management - SH - V11">e3d975dc0f301fc0c6da563be1050eb6</remote_update_set>
<replace_on_upgrade>false</replace_on_upgrade>
<sys_created_by>virag.shah@capgemini.com</sys_created_by>
<sys_created_on>2018-03-08 08:43:01</sys_created_on>
<sys_id>e3d975dc0f301fc0c6da563be1050eb7</sys_id>
<sys_mod_count>0</sys_mod_count>
<sys_updated_by>virag.shah@capgemini.com</sys_updated_by>
<sys_updated_on>2018-03-08 08:43:01</sys_updated_on>
<table/>
<target_name/>
<type/>
<update_domain/>
<update_set display_value=""/>
<view/>
</sys_update_xml>
<sys_update_xml action="INSERT_OR_UPDATE">
<action/>
<application display_value=""/>
<category/>
<comments/>
<name>contract_sla_0824f727dba41304a8a37dfdae96197a</name>
<payload><![CDATA[<?xml version="1.0" encoding="UTF-8"?><record_update sys_domain="409c30addb8e8f0066e6f2f5ab9619e3" table="contract_sla"><contract_sla action="INSERT_OR_UPDATE"><active>true</active><cancel_condition/><collection>problem</collection><condition_class/><duration>1970-01-02 00:00:00</duration><duration_type/><enable_logging>false</enable_logging><name>Response SLA:Priority 4 A&amp;W(24 Hours)</name><pause_condition/><relative_duration_works_on>Task record</relative_duration_works_on><reset_condition/><resume_condition/><retroactive>false</retroactive><retroactive_pause>true</retroactive_pause><schedule display_value="8-5 weekdays">08fcd0830a0a0b2600079f56b1adb9ae</schedule><schedule_source>sla_definition</schedule_source><schedule_source_field/><set_start_to>approval_set</set_start_to><start_condition table="problem">priority=4^active=true^EQ<item endquery="false" field="priority" goto="false" newquery="false" operator="=" or="false" value="4"/><item endquery="false" field="active" goto="false" newquery="false" operator="=" or="false" value="true"/><item endquery="true" field="" goto="false" newquery="false" operator="=" or="false" value=""/></start_condition><stop_condition table="problem">assigned_toISNOTEMPTY^assignment_groupISNOTEMPTY^ORproblem_state=6^NQproblem_state=4^EQ<item endquery="false" field="assigned_to" goto="false" newquery="false" operator="ISNOTEMPTY" or="false" value=""/><item endquery="false" field="assignment_group" goto="false" newquery="false" operator="ISNOTEMPTY" or="false" value=""/><item endquery="false" field="problem_state" goto="false" newquery="false" operator="=" or="true" value="6"/><item endquery="false" field="problem_state" goto="false" newquery="true" operator="=" or="false" value="4"/><item endquery="true" field="" goto="false" newquery="false" operator="=" or="false" value=""/></stop_condition><sys_class_name>contract_sla</sys_class_name><sys_created_by>shweta.hegde@capgemini.com</sys_created_by><sys_created_on>2018-03-06 09:41:44</sys_created_on><sys_customer_update>true</sys_customer_update><sys_domain>409c30addb8e8f0066e6f2f5ab9619e3</sys_domain><sys_domain_path>!!!/!!D/</sys_domain_path><sys_id>0824f727dba41304a8a37dfdae96197a</sys_id><sys_mod_count>0</sys_mod_count><sys_name>Response SLA:Priority 4 A&amp;W(24 Hours)</sys_name><sys_overrides/><sys_package display_value="Global" source="global">global</sys_package><sys_policy/><sys_replace_on_upgrade>false</sys_replace_on_upgrade><sys_scope display_value="Global">global</sys_scope><sys_update_name>contract_sla_0824f727dba41304a8a37dfdae96197a</sys_update_name><sys_updated_by>shweta.hegde@capgemini.com</sys_updated_by><sys_updated_on>2018-03-06 09:41:44</sys_updated_on><timezone/><timezone_source>task.caller_id.time_zone</timezone_source><type>SLA</type><u_ajg_sla_type/><u_group/><u_item/><u_vendor/><when_to_cancel>no_match</when_to_cancel><when_to_resume>no_match</when_to_resume><workflow display_value="Default SLA workflow">4b6570360a0a0b3000bbacab877713f2</workflow></contract_sla></record_update>]]></payload>
<remote_update_set display_value="A&amp;W  Problem Management - SH - V11">e3d975dc0f301fc0c6da563be1050eb6</remote_update_set>
<replace_on_upgrade>false</replace_on_upgrade>
<sys_created_by>virag.shah@capgemini.com</sys_created_by>
<sys_created_on>2018-03-08 08:43:01</sys_created_on>
<sys_id>e7d975dc0f301fc0c6da563be1050eb6</sys_id>
<sys_mod_count>0</sys_mod_count>
<sys_updated_by>virag.shah@capgemini.com</sys_updated_by>
<sys_updated_on>2018-03-08 08:43:01</sys_updated_on>
<table/>
<target_name/>
<type/>
<update_domain/>
<update_set display_value=""/>
<view/>
</sys_update_xml>
</unload>
