<?xml version="1.0" encoding="UTF-8"?>
<unload unload_date="2018-03-08 08:40:31">
<sys_remote_update_set action="INSERT_OR_UPDATE">
<application display_value="Global">global</application>
<application_name>Global</application_name>
<application_scope>global</application_scope>
<application_version/>
<collisions/>
<commit_date/>
<deleted/>
<description/>
<inserted/>
<name>A&amp;W Problem Management - SH - V5</name>
<origin_sys_id/>
<release_date/>
<remote_sys_id>a8dae5570f481f40c6da563be1050e4e</remote_sys_id>
<state>loaded</state>
<summary/>
<sys_class_name>sys_remote_update_set</sys_class_name>
<sys_created_by>virag.shah@capgemini.com</sys_created_by>
<sys_created_on>2018-03-08 08:40:31</sys_created_on>
<sys_id>be49bd500f301fc0c6da563be1050e0c</sys_id>
<sys_mod_count>0</sys_mod_count>
<sys_updated_by>virag.shah@capgemini.com</sys_updated_by>
<sys_updated_on>2018-03-08 08:40:31</sys_updated_on>
<update_set display_value=""/>
<update_source display_value=""/>
<updated/>
</sys_remote_update_set>
<sys_update_xml action="INSERT_OR_UPDATE">
<action/>
<application display_value=""/>
<category/>
<comments/>
<name>sys_script_client_948a42d9dbc41f40a8a37dfdae9619ce</name>
<payload>&lt;?xml version="1.0" encoding="UTF-8"?&gt;&lt;record_update sys_domain="409c30addb8e8f0066e6f2f5ab9619e3" table="sys_script_client"&gt;&lt;sys_script_client action="INSERT_OR_UPDATE"&gt;&lt;active&gt;true&lt;/active&gt;&lt;applies_extended&gt;false&lt;/applies_extended&gt;&lt;condition/&gt;&lt;description/&gt;&lt;field&gt;urgency&lt;/field&gt;&lt;global&gt;true&lt;/global&gt;&lt;messages/&gt;&lt;name&gt;Calculate Priority on Urgency Change A&amp;amp;W&lt;/name&gt;&lt;order/&gt;&lt;script&gt;&lt;![CDATA[function onChange(control, oldValue, newValue, loading) {
	if (loading){
		return;
	}
	var urgency = g_form.getValue('urgency');
	
	var impact = g_form.getValue('impact');
	
	var priority = 4;
	
	if(impact == 1 &amp;&amp; urgency == 1){
		priority = 1;
	}
	else if((impact == 1 &amp;&amp; urgency == 2) || (impact == 2 &amp;&amp; urgency == 1 )){
		priority = 2;
	}
	else if((impact == 1 &amp;&amp; urgency == 3) || (impact == 2 &amp;&amp; urgency == 2) || (impact == 3 &amp;&amp; urgency == 1 ) || (impact == 2 &amp;&amp; urgency == 3) || (impact == 3 &amp;&amp; urgency == 2  )){
		priority = 3;
	}
	else if(impact == 3 &amp;&amp; urgency == 3){
		priority = 4;
	}
	else{
		return false;
	}
	g_form.setValue('priority',priority);
}]]&gt;&lt;/script&gt;&lt;sys_class_name&gt;sys_script_client&lt;/sys_class_name&gt;&lt;sys_created_by&gt;shweta.hegde@capgemini.com&lt;/sys_created_by&gt;&lt;sys_created_on&gt;2018-02-02 05:44:30&lt;/sys_created_on&gt;&lt;sys_customer_update&gt;true&lt;/sys_customer_update&gt;&lt;sys_domain&gt;409c30addb8e8f0066e6f2f5ab9619e3&lt;/sys_domain&gt;&lt;sys_domain_path/&gt;&lt;sys_id&gt;948a42d9dbc41f40a8a37dfdae9619ce&lt;/sys_id&gt;&lt;sys_mod_count&gt;0&lt;/sys_mod_count&gt;&lt;sys_name&gt;Calculate Priority on Urgency Change A&amp;amp;W&lt;/sys_name&gt;&lt;sys_overrides display_value=""&gt;global&lt;/sys_overrides&gt;&lt;sys_package display_value="Global" source="global"&gt;global&lt;/sys_package&gt;&lt;sys_policy/&gt;&lt;sys_replace_on_upgrade&gt;false&lt;/sys_replace_on_upgrade&gt;&lt;sys_scope display_value="Global"&gt;global&lt;/sys_scope&gt;&lt;sys_update_name&gt;sys_script_client_948a42d9dbc41f40a8a37dfdae9619ce&lt;/sys_update_name&gt;&lt;sys_updated_by&gt;shweta.hegde@capgemini.com&lt;/sys_updated_by&gt;&lt;sys_updated_on&gt;2018-02-02 05:44:30&lt;/sys_updated_on&gt;&lt;table&gt;problem&lt;/table&gt;&lt;type&gt;onChange&lt;/type&gt;&lt;u_relate/&gt;&lt;u_relate_table/&gt;&lt;ui_type&gt;0&lt;/ui_type&gt;&lt;view/&gt;&lt;/sys_script_client&gt;&lt;/record_update&gt;</payload>
<remote_update_set display_value="A&amp;W Problem Management - SH - V5">be49bd500f301fc0c6da563be1050e0c</remote_update_set>
<replace_on_upgrade>false</replace_on_upgrade>
<sys_created_by>virag.shah@capgemini.com</sys_created_by>
<sys_created_on>2018-03-08 08:40:31</sys_created_on>
<sys_id>3a49bd500f301fc0c6da563be1050e0d</sys_id>
<sys_mod_count>0</sys_mod_count>
<sys_updated_by>virag.shah@capgemini.com</sys_updated_by>
<sys_updated_on>2018-03-08 08:40:31</sys_updated_on>
<table/>
<target_name/>
<type/>
<update_domain/>
<update_set display_value=""/>
<view/>
</sys_update_xml>
<sys_update_xml action="INSERT_OR_UPDATE">
<action/>
<application display_value=""/>
<category/>
<comments/>
<name>sys_ui_section_89a63bc9db9bcb402dfc78a6ae96199e</name>
<payload><![CDATA[<?xml version="1.0" encoding="UTF-8"?><record_update><sys_ui_section caption="" section_id="89a63bc9db9bcb402dfc78a6ae96199e" sys_domain="409c30addb8e8f0066e6f2f5ab9619e3" table="problem" version="3" view=""><sys_ui_element action="INSERT_OR_UPDATE"><element>process_flow.xml</element><position>0</position><sys_created_by>shweta.hegde@capgemini.com</sys_created_by><sys_created_on>2018-02-02 05:39:37</sys_created_on><sys_id>5dd90a99dbc41f40a8a37dfdae961932</sys_id><sys_mod_count>0</sys_mod_count><sys_ui_formatter display_value="Process Flow">59f28f09db47e600b0f2fb5aaf96199f</sys_ui_formatter><sys_ui_section caption="NULL" display_value="" name="problem" sys_domain="409c30addb8e8f0066e6f2f5ab9619e3" view="Default view">89a63bc9db9bcb402dfc78a6ae96199e</sys_ui_section><sys_updated_by>shweta.hegde@capgemini.com</sys_updated_by><sys_updated_on>2018-02-02 05:39:37</sys_updated_on><sys_user/><type>formatter</type></sys_ui_element><sys_ui_element action="INSERT_OR_UPDATE"><element>.begin_split</element><position>1</position><sys_created_by>shweta.hegde@capgemini.com</sys_created_by><sys_created_on>2018-02-02 05:39:37</sys_created_on><sys_id>d9d90a99dbc41f40a8a37dfdae961933</sys_id><sys_mod_count>0</sys_mod_count><sys_ui_formatter/><sys_ui_section caption="NULL" display_value="" name="problem" sys_domain="409c30addb8e8f0066e6f2f5ab9619e3" view="Default view">89a63bc9db9bcb402dfc78a6ae96199e</sys_ui_section><sys_updated_by>shweta.hegde@capgemini.com</sys_updated_by><sys_updated_on>2018-02-02 05:39:37</sys_updated_on><sys_user/><type>.begin_split</type></sys_ui_element><sys_ui_element action="INSERT_OR_UPDATE"><element>number</element><position>2</position><sys_created_by>shweta.hegde@capgemini.com</sys_created_by><sys_created_on>2018-02-02 05:39:37</sys_created_on><sys_id>5dd90a99dbc41f40a8a37dfdae961933</sys_id><sys_mod_count>0</sys_mod_count><sys_ui_formatter/><sys_ui_section caption="NULL" display_value="" name="problem" sys_domain="409c30addb8e8f0066e6f2f5ab9619e3" view="Default view">89a63bc9db9bcb402dfc78a6ae96199e</sys_ui_section><sys_updated_by>shweta.hegde@capgemini.com</sys_updated_by><sys_updated_on>2018-02-02 05:39:37</sys_updated_on><sys_user/><type/></sys_ui_element><sys_ui_element action="INSERT_OR_UPDATE"><element>u_restaurant_aw</element><position>3</position><sys_created_by>shweta.hegde@capgemini.com</sys_created_by><sys_created_on>2018-02-02 05:39:37</sys_created_on><sys_id>ddd90a99dbc41f40a8a37dfdae961933</sys_id><sys_mod_count>0</sys_mod_count><sys_ui_formatter/><sys_ui_section caption="NULL" display_value="" name="problem" sys_domain="409c30addb8e8f0066e6f2f5ab9619e3" view="Default view">89a63bc9db9bcb402dfc78a6ae96199e</sys_ui_section><sys_updated_by>shweta.hegde@capgemini.com</sys_updated_by><sys_updated_on>2018-02-02 05:39:37</sys_updated_on><sys_user/><type/></sys_ui_element><sys_ui_element action="INSERT_OR_UPDATE"><element>impact</element><position>4</position><sys_created_by>shweta.hegde@capgemini.com</sys_created_by><sys_created_on>2018-02-02 05:39:37</sys_created_on><sys_id>19d90a99dbc41f40a8a37dfdae961940</sys_id><sys_mod_count>0</sys_mod_count><sys_ui_formatter/><sys_ui_section caption="NULL" display_value="" name="problem" sys_domain="409c30addb8e8f0066e6f2f5ab9619e3" view="Default view">89a63bc9db9bcb402dfc78a6ae96199e</sys_ui_section><sys_updated_by>shweta.hegde@capgemini.com</sys_updated_by><sys_updated_on>2018-02-02 05:39:37</sys_updated_on><sys_user/><type/></sys_ui_element><sys_ui_element action="INSERT_OR_UPDATE"><element>urgency</element><position>5</position><sys_created_by>shweta.hegde@capgemini.com</sys_created_by><sys_created_on>2018-02-02 05:39:37</sys_created_on><sys_id>99d90a99dbc41f40a8a37dfdae961940</sys_id><sys_mod_count>0</sys_mod_count><sys_ui_formatter/><sys_ui_section caption="NULL" display_value="" name="problem" sys_domain="409c30addb8e8f0066e6f2f5ab9619e3" view="Default view">89a63bc9db9bcb402dfc78a6ae96199e</sys_ui_section><sys_updated_by>shweta.hegde@capgemini.com</sys_updated_by><sys_updated_on>2018-02-02 05:39:37</sys_updated_on><sys_user/><type/></sys_ui_element><sys_ui_element action="INSERT_OR_UPDATE"><element>priority</element><position>6</position><sys_created_by>shweta.hegde@capgemini.com</sys_created_by><sys_created_on>2018-02-02 05:39:37</sys_created_on><sys_id>1dd90a99dbc41f40a8a37dfdae961940</sys_id><sys_mod_count>0</sys_mod_count><sys_ui_formatter/><sys_ui_section caption="NULL" display_value="" name="problem" sys_domain="409c30addb8e8f0066e6f2f5ab9619e3" view="Default view">89a63bc9db9bcb402dfc78a6ae96199e</sys_ui_section><sys_updated_by>shweta.hegde@capgemini.com</sys_updated_by><sys_updated_on>2018-02-02 05:39:37</sys_updated_on><sys_user/><type/></sys_ui_element><sys_ui_element action="INSERT_OR_UPDATE"><element>rfc</element><position>7</position><sys_created_by>shweta.hegde@capgemini.com</sys_created_by><sys_created_on>2018-02-02 05:39:37</sys_created_on><sys_id>9dd90a99dbc41f40a8a37dfdae961940</sys_id><sys_mod_count>0</sys_mod_count><sys_ui_formatter/><sys_ui_section caption="NULL" display_value="" name="problem" sys_domain="409c30addb8e8f0066e6f2f5ab9619e3" view="Default view">89a63bc9db9bcb402dfc78a6ae96199e</sys_ui_section><sys_updated_by>shweta.hegde@capgemini.com</sys_updated_by><sys_updated_on>2018-02-02 05:39:37</sys_updated_on><sys_user/><type/></sys_ui_element><sys_ui_element action="INSERT_OR_UPDATE"><element>u_a_w_known_error</element><position>8</position><sys_created_by>shweta.hegde@capgemini.com</sys_created_by><sys_created_on>2018-02-02 05:39:37</sys_created_on><sys_id>11d90a99dbc41f40a8a37dfdae961941</sys_id><sys_mod_count>0</sys_mod_count><sys_ui_formatter/><sys_ui_section caption="NULL" display_value="" name="problem" sys_domain="409c30addb8e8f0066e6f2f5ab9619e3" view="Default view">89a63bc9db9bcb402dfc78a6ae96199e</sys_ui_section><sys_updated_by>shweta.hegde@capgemini.com</sys_updated_by><sys_updated_on>2018-02-02 05:39:37</sys_updated_on><sys_user/><type/></sys_ui_element><sys_ui_element action="INSERT_OR_UPDATE"><element>knowledge</element><position>9</position><sys_created_by>shweta.hegde@capgemini.com</sys_created_by><sys_created_on>2018-02-02 05:39:37</sys_created_on><sys_id>91d90a99dbc41f40a8a37dfdae961941</sys_id><sys_mod_count>0</sys_mod_count><sys_ui_formatter/><sys_ui_section caption="NULL" display_value="" name="problem" sys_domain="409c30addb8e8f0066e6f2f5ab9619e3" view="Default view">89a63bc9db9bcb402dfc78a6ae96199e</sys_ui_section><sys_updated_by>shweta.hegde@capgemini.com</sys_updated_by><sys_updated_on>2018-02-02 05:39:37</sys_updated_on><sys_user/><type/></sys_ui_element><sys_ui_element action="INSERT_OR_UPDATE"><element>.split</element><position>10</position><sys_created_by>shweta.hegde@capgemini.com</sys_created_by><sys_created_on>2018-02-02 05:39:37</sys_created_on><sys_id>15d90a99dbc41f40a8a37dfdae961941</sys_id><sys_mod_count>0</sys_mod_count><sys_ui_formatter/><sys_ui_section caption="NULL" display_value="" name="problem" sys_domain="409c30addb8e8f0066e6f2f5ab9619e3" view="Default view">89a63bc9db9bcb402dfc78a6ae96199e</sys_ui_section><sys_updated_by>shweta.hegde@capgemini.com</sys_updated_by><sys_updated_on>2018-02-02 05:39:37</sys_updated_on><sys_user/><type>.split</type></sys_ui_element><sys_ui_element action="INSERT_OR_UPDATE"><element>opened_by</element><position>11</position><sys_created_by>shweta.hegde@capgemini.com</sys_created_by><sys_created_on>2018-02-02 05:39:37</sys_created_on><sys_id>95d90a99dbc41f40a8a37dfdae961941</sys_id><sys_mod_count>0</sys_mod_count><sys_ui_formatter/><sys_ui_section caption="NULL" display_value="" name="problem" sys_domain="409c30addb8e8f0066e6f2f5ab9619e3" view="Default view">89a63bc9db9bcb402dfc78a6ae96199e</sys_ui_section><sys_updated_by>shweta.hegde@capgemini.com</sys_updated_by><sys_updated_on>2018-02-02 05:39:37</sys_updated_on><sys_user/><type/></sys_ui_element><sys_ui_element action="INSERT_OR_UPDATE"><element>problem_state</element><position>12</position><sys_created_by>shweta.hegde@capgemini.com</sys_created_by><sys_created_on>2018-02-02 05:39:37</sys_created_on><sys_id>19d90a99dbc41f40a8a37dfdae961941</sys_id><sys_mod_count>0</sys_mod_count><sys_ui_formatter/><sys_ui_section caption="NULL" display_value="" name="problem" sys_domain="409c30addb8e8f0066e6f2f5ab9619e3" view="Default view">89a63bc9db9bcb402dfc78a6ae96199e</sys_ui_section><sys_updated_by>shweta.hegde@capgemini.com</sys_updated_by><sys_updated_on>2018-02-02 05:39:37</sys_updated_on><sys_user/><type/></sys_ui_element><sys_ui_element action="INSERT_OR_UPDATE"><element>assignment_group</element><position>13</position><sys_created_by>shweta.hegde@capgemini.com</sys_created_by><sys_created_on>2018-02-02 05:39:37</sys_created_on><sys_id>99d90a99dbc41f40a8a37dfdae961941</sys_id><sys_mod_count>0</sys_mod_count><sys_ui_formatter/><sys_ui_section caption="NULL" display_value="" name="problem" sys_domain="409c30addb8e8f0066e6f2f5ab9619e3" view="Default view">89a63bc9db9bcb402dfc78a6ae96199e</sys_ui_section><sys_updated_by>shweta.hegde@capgemini.com</sys_updated_by><sys_updated_on>2018-02-02 05:39:37</sys_updated_on><sys_user/><type/></sys_ui_element><sys_ui_element action="INSERT_OR_UPDATE"><element>assigned_to</element><position>14</position><sys_created_by>shweta.hegde@capgemini.com</sys_created_by><sys_created_on>2018-02-02 05:39:37</sys_created_on><sys_id>1dd90a99dbc41f40a8a37dfdae961941</sys_id><sys_mod_count>0</sys_mod_count><sys_ui_formatter/><sys_ui_section caption="NULL" display_value="" name="problem" sys_domain="409c30addb8e8f0066e6f2f5ab9619e3" view="Default view">89a63bc9db9bcb402dfc78a6ae96199e</sys_ui_section><sys_updated_by>shweta.hegde@capgemini.com</sys_updated_by><sys_updated_on>2018-02-02 05:39:37</sys_updated_on><sys_user/><type/></sys_ui_element><sys_ui_element action="INSERT_OR_UPDATE"><element>.end_split</element><position>15</position><sys_created_by>shweta.hegde@capgemini.com</sys_created_by><sys_created_on>2018-02-02 05:39:37</sys_created_on><sys_id>9dd90a99dbc41f40a8a37dfdae961941</sys_id><sys_mod_count>0</sys_mod_count><sys_ui_formatter/><sys_ui_section caption="NULL" display_value="" name="problem" sys_domain="409c30addb8e8f0066e6f2f5ab9619e3" view="Default view">89a63bc9db9bcb402dfc78a6ae96199e</sys_ui_section><sys_updated_by>shweta.hegde@capgemini.com</sys_updated_by><sys_updated_on>2018-02-02 05:39:37</sys_updated_on><sys_user/><type>.end_split</type></sys_ui_element><sys_ui_element action="INSERT_OR_UPDATE"><element>short_description</element><position>16</position><sys_created_by>shweta.hegde@capgemini.com</sys_created_by><sys_created_on>2018-02-02 05:39:37</sys_created_on><sys_id>11d90a99dbc41f40a8a37dfdae961942</sys_id><sys_mod_count>0</sys_mod_count><sys_ui_formatter/><sys_ui_section caption="NULL" display_value="" name="problem" sys_domain="409c30addb8e8f0066e6f2f5ab9619e3" view="Default view">89a63bc9db9bcb402dfc78a6ae96199e</sys_ui_section><sys_updated_by>shweta.hegde@capgemini.com</sys_updated_by><sys_updated_on>2018-02-02 05:39:37</sys_updated_on><sys_user/><type/></sys_ui_element><sys_ui_element action="INSERT_OR_UPDATE"><element>description</element><position>17</position><sys_created_by>shweta.hegde@capgemini.com</sys_created_by><sys_created_on>2018-02-02 05:39:37</sys_created_on><sys_id>91d90a99dbc41f40a8a37dfdae961942</sys_id><sys_mod_count>0</sys_mod_count><sys_ui_formatter/><sys_ui_section caption="NULL" display_value="" name="problem" sys_domain="409c30addb8e8f0066e6f2f5ab9619e3" view="Default view">89a63bc9db9bcb402dfc78a6ae96199e</sys_ui_section><sys_updated_by>shweta.hegde@capgemini.com</sys_updated_by><sys_updated_on>2018-02-02 05:39:37</sys_updated_on><sys_user/><type/></sys_ui_element><sys_ui_element action="INSERT_OR_UPDATE"><element>close_notes</element><position>18</position><sys_created_by>shweta.hegde@capgemini.com</sys_created_by><sys_created_on>2018-02-02 05:39:37</sys_created_on><sys_id>15d90a99dbc41f40a8a37dfdae961942</sys_id><sys_mod_count>0</sys_mod_count><sys_ui_formatter/><sys_ui_section caption="NULL" display_value="" name="problem" sys_domain="409c30addb8e8f0066e6f2f5ab9619e3" view="Default view">89a63bc9db9bcb402dfc78a6ae96199e</sys_ui_section><sys_updated_by>shweta.hegde@capgemini.com</sys_updated_by><sys_updated_on>2018-02-02 05:39:37</sys_updated_on><sys_user/><type/></sys_ui_element><sys_ui_element action="INSERT_OR_UPDATE"><element>work_around</element><position>19</position><sys_created_by>shweta.hegde@capgemini.com</sys_created_by><sys_created_on>2018-02-02 05:39:37</sys_created_on><sys_id>95d90a99dbc41f40a8a37dfdae961942</sys_id><sys_mod_count>0</sys_mod_count><sys_ui_formatter/><sys_ui_section caption="NULL" display_value="" name="problem" sys_domain="409c30addb8e8f0066e6f2f5ab9619e3" view="Default view">89a63bc9db9bcb402dfc78a6ae96199e</sys_ui_section><sys_updated_by>shweta.hegde@capgemini.com</sys_updated_by><sys_updated_on>2018-02-02 05:39:37</sys_updated_on><sys_user/><type/></sys_ui_element><sys_ui_element action="INSERT_OR_UPDATE"><element>work_notes</element><position>20</position><sys_created_by>shweta.hegde@capgemini.com</sys_created_by><sys_created_on>2018-02-02 05:39:37</sys_created_on><sys_id>19d90a99dbc41f40a8a37dfdae961942</sys_id><sys_mod_count>0</sys_mod_count><sys_ui_formatter/><sys_ui_section caption="NULL" display_value="" name="problem" sys_domain="409c30addb8e8f0066e6f2f5ab9619e3" view="Default view">89a63bc9db9bcb402dfc78a6ae96199e</sys_ui_section><sys_updated_by>shweta.hegde@capgemini.com</sys_updated_by><sys_updated_on>2018-02-02 05:39:37</sys_updated_on><sys_user/><type/></sys_ui_element><sys_ui_element action="INSERT_OR_UPDATE"><element>u_a_w_root_cause_analysis</element><position>21</position><sys_created_by>shweta.hegde@capgemini.com</sys_created_by><sys_created_on>2018-02-02 05:39:37</sys_created_on><sys_id>99d90a99dbc41f40a8a37dfdae961942</sys_id><sys_mod_count>0</sys_mod_count><sys_ui_formatter/><sys_ui_section caption="NULL" display_value="" name="problem" sys_domain="409c30addb8e8f0066e6f2f5ab9619e3" view="Default view">89a63bc9db9bcb402dfc78a6ae96199e</sys_ui_section><sys_updated_by>shweta.hegde@capgemini.com</sys_updated_by><sys_updated_on>2018-02-02 05:39:37</sys_updated_on><sys_user/><type/></sys_ui_element><sys_ui_element action="INSERT_OR_UPDATE"><element>activity.xml</element><position>22</position><sys_created_by>shweta.hegde@capgemini.com</sys_created_by><sys_created_on>2018-02-02 05:39:37</sys_created_on><sys_id>1dd90a99dbc41f40a8a37dfdae961942</sys_id><sys_mod_count>0</sys_mod_count><sys_ui_formatter display_value="Activities (filtered)">b832d3560a0001c700d781efe21e22f5</sys_ui_formatter><sys_ui_section caption="NULL" display_value="" name="problem" sys_domain="409c30addb8e8f0066e6f2f5ab9619e3" view="Default view">89a63bc9db9bcb402dfc78a6ae96199e</sys_ui_section><sys_updated_by>shweta.hegde@capgemini.com</sys_updated_by><sys_updated_on>2018-02-02 05:39:37</sys_updated_on><sys_user/><type>formatter</type></sys_ui_element><sys_ui_section action="INSERT_OR_UPDATE"><caption/><header>false</header><name>problem</name><roles/><sys_class_name>sys_ui_section</sys_class_name><sys_created_by>shweta.hegde@capgemini.com</sys_created_by><sys_created_on>2017-12-26 12:09:25</sys_created_on><sys_customer_update>false</sys_customer_update><sys_domain>409c30addb8e8f0066e6f2f5ab9619e3</sys_domain><sys_domain_path>!!!/!!D/</sys_domain_path><sys_id>89a63bc9db9bcb402dfc78a6ae96199e</sys_id><sys_mod_count>16</sys_mod_count><sys_name>problem</sys_name><sys_overrides caption="NULL" display_value="" name="problem" sys_domain="global" view="Default view">bfb81dc9c0a8000900127627db594210</sys_overrides><sys_package display_value="Global" source="global">global</sys_package><sys_policy/><sys_replace_on_upgrade>false</sys_replace_on_upgrade><sys_scope display_value="Global">global</sys_scope><sys_update_name>sys_ui_section_89a63bc9db9bcb402dfc78a6ae96199e</sys_update_name><sys_updated_by>shweta.hegde@capgemini.com</sys_updated_by><sys_updated_on>2018-02-02 05:39:37</sys_updated_on><sys_user/><title>true</title><view display_value="Default view" name="NULL">Default view</view><view_name/></sys_ui_section></sys_ui_section></record_update>]]></payload>
<remote_update_set display_value="A&amp;W Problem Management - SH - V5">be49bd500f301fc0c6da563be1050e0c</remote_update_set>
<replace_on_upgrade>false</replace_on_upgrade>
<sys_created_by>virag.shah@capgemini.com</sys_created_by>
<sys_created_on>2018-03-08 08:40:31</sys_created_on>
<sys_id>7249bd500f301fc0c6da563be1050e0e</sys_id>
<sys_mod_count>0</sys_mod_count>
<sys_updated_by>virag.shah@capgemini.com</sys_updated_by>
<sys_updated_on>2018-03-08 08:40:31</sys_updated_on>
<table/>
<target_name/>
<type/>
<update_domain/>
<update_set display_value=""/>
<view/>
</sys_update_xml>
<sys_update_xml action="INSERT_OR_UPDATE">
<action/>
<application display_value=""/>
<category/>
<comments/>
<name>sys_script_client_922a8e99dbc41f40a8a37dfdae96192d</name>
<payload>&lt;?xml version="1.0" encoding="UTF-8"?&gt;&lt;record_update sys_domain="409c30addb8e8f0066e6f2f5ab9619e3" table="sys_script_client"&gt;&lt;sys_script_client action="INSERT_OR_UPDATE"&gt;&lt;active&gt;true&lt;/active&gt;&lt;applies_extended&gt;false&lt;/applies_extended&gt;&lt;condition/&gt;&lt;description/&gt;&lt;field&gt;impact&lt;/field&gt;&lt;global&gt;true&lt;/global&gt;&lt;messages/&gt;&lt;name&gt;Calculate Priority on Impact Change A&amp;amp;W&lt;/name&gt;&lt;order/&gt;&lt;script&gt;&lt;![CDATA[function onChange(control, oldValue, newValue, loading) {
	if (loading)
		return;
	var urgency = g_form.getValue('urgency');
	var impact = g_form.getValue('impact');
	var priority = 4;
	
	if(impact == 1 &amp;&amp; urgency == 1)
		priority = 1;
	else if((impact == 1 &amp;&amp; urgency == 2) || (impact == 2 &amp;&amp; urgency == 1 ))
		priority = 2;
	else if((impact == 1 &amp;&amp; urgency == 3) || (impact == 2 &amp;&amp; urgency == 2) || (impact == 3 &amp;&amp; urgency == 1 ) || (impact == 2 &amp;&amp; urgency == 3) || (impact == 3 &amp;&amp; urgency == 2  ))
		priority = 3;
	else if(impact == 3 &amp;&amp; urgency == 3)
		priority = 4;
	else
		return false;
	 // g_form.setValue('priority','');
	 g_form.setValue('priority',priority);
}]]&gt;&lt;/script&gt;&lt;sys_class_name&gt;sys_script_client&lt;/sys_class_name&gt;&lt;sys_created_by&gt;shweta.hegde@capgemini.com&lt;/sys_created_by&gt;&lt;sys_created_on&gt;2018-02-02 05:42:32&lt;/sys_created_on&gt;&lt;sys_customer_update&gt;true&lt;/sys_customer_update&gt;&lt;sys_domain&gt;409c30addb8e8f0066e6f2f5ab9619e3&lt;/sys_domain&gt;&lt;sys_domain_path/&gt;&lt;sys_id&gt;922a8e99dbc41f40a8a37dfdae96192d&lt;/sys_id&gt;&lt;sys_mod_count&gt;0&lt;/sys_mod_count&gt;&lt;sys_name&gt;Calculate Priority on Impact Change A&amp;amp;W&lt;/sys_name&gt;&lt;sys_overrides display_value=""&gt;global&lt;/sys_overrides&gt;&lt;sys_package display_value="Global" source="global"&gt;global&lt;/sys_package&gt;&lt;sys_policy/&gt;&lt;sys_replace_on_upgrade&gt;false&lt;/sys_replace_on_upgrade&gt;&lt;sys_scope display_value="Global"&gt;global&lt;/sys_scope&gt;&lt;sys_update_name&gt;sys_script_client_922a8e99dbc41f40a8a37dfdae96192d&lt;/sys_update_name&gt;&lt;sys_updated_by&gt;shweta.hegde@capgemini.com&lt;/sys_updated_by&gt;&lt;sys_updated_on&gt;2018-02-02 05:42:32&lt;/sys_updated_on&gt;&lt;table&gt;problem&lt;/table&gt;&lt;type&gt;onChange&lt;/type&gt;&lt;u_relate/&gt;&lt;u_relate_table/&gt;&lt;ui_type&gt;0&lt;/ui_type&gt;&lt;view/&gt;&lt;/sys_script_client&gt;&lt;/record_update&gt;</payload>
<remote_update_set display_value="A&amp;W Problem Management - SH - V5">be49bd500f301fc0c6da563be1050e0c</remote_update_set>
<replace_on_upgrade>false</replace_on_upgrade>
<sys_created_by>virag.shah@capgemini.com</sys_created_by>
<sys_created_on>2018-03-08 08:40:31</sys_created_on>
<sys_id>7649bd500f301fc0c6da563be1050e0d</sys_id>
<sys_mod_count>0</sys_mod_count>
<sys_updated_by>virag.shah@capgemini.com</sys_updated_by>
<sys_updated_on>2018-03-08 08:40:31</sys_updated_on>
<table/>
<target_name/>
<type/>
<update_domain/>
<update_set display_value=""/>
<view/>
</sys_update_xml>
<sys_update_xml action="INSERT_OR_UPDATE">
<action/>
<application display_value=""/>
<category/>
<comments/>
<name>sys_script_42c99f90dbcc1b40a8a37dfdae9619ba</name>
<payload>&lt;?xml version="1.0" encoding="UTF-8"?&gt;&lt;record_update sys_domain="409c30addb8e8f0066e6f2f5ab9619e3" table="sys_script"&gt;&lt;sys_script action="INSERT_OR_UPDATE"&gt;&lt;abort_action&gt;false&lt;/abort_action&gt;&lt;access&gt;package_private&lt;/access&gt;&lt;action_delete&gt;false&lt;/action_delete&gt;&lt;action_insert&gt;true&lt;/action_insert&gt;&lt;action_label/&gt;&lt;action_name/&gt;&lt;action_query&gt;false&lt;/action_query&gt;&lt;action_run_at&gt;server&lt;/action_run_at&gt;&lt;action_update&gt;true&lt;/action_update&gt;&lt;active&gt;true&lt;/active&gt;&lt;add_message&gt;false&lt;/add_message&gt;&lt;advanced&gt;true&lt;/advanced&gt;&lt;application/&gt;&lt;change_fields&gt;false&lt;/change_fields&gt;&lt;client_callable&gt;false&lt;/client_callable&gt;&lt;collection&gt;problem&lt;/collection&gt;&lt;condition/&gt;&lt;description/&gt;&lt;execute_function&gt;false&lt;/execute_function&gt;&lt;filter_condition/&gt;&lt;is_rest&gt;false&lt;/is_rest&gt;&lt;message/&gt;&lt;name&gt;mark_closed&lt;/name&gt;&lt;onclick/&gt;&lt;order&gt;100&lt;/order&gt;&lt;priority&gt;100&lt;/priority&gt;&lt;read_access_action&gt;false&lt;/read_access_action&gt;&lt;rest_method/&gt;&lt;rest_method_text/&gt;&lt;rest_service/&gt;&lt;rest_service_text/&gt;&lt;rest_variables/&gt;&lt;role_conditions/&gt;&lt;script&gt;&lt;![CDATA[if (current.problem_state == 4||current.problem_state == 6) {
 current.active = false;
 if (current.closed_by.nil()) 
  current.closed_by = gs.getUserID();
 if (current.closed_at.nil())  {
  current.closed_at = gs.nowDateTime();
  current.business_duration = gs.calDateDiff(current.opened_at.getDisplayValue(),current.closed_at.getDisplayValue(),false);
  current.business_stc = gs.calDateDiff(current.opened_at.getDisplayValue(),current.closed_at.getDisplayValue(),true);
  current.calendar_duration = gs.dateDiff(current.opened_at.getDisplayValue(),current.closed_at.getDisplayValue(),false);
  current.calendar_stc = gs.dateDiff(current.opened_at.getDisplayValue(),current.closed_at.getDisplayValue(),true);
 }
}
]]&gt;&lt;/script&gt;&lt;sys_class_name&gt;sys_script&lt;/sys_class_name&gt;&lt;sys_created_by&gt;shweta.hegde@capgemini.com&lt;/sys_created_by&gt;&lt;sys_created_on&gt;2018-01-30 08:54:59&lt;/sys_created_on&gt;&lt;sys_customer_update&gt;true&lt;/sys_customer_update&gt;&lt;sys_domain&gt;409c30addb8e8f0066e6f2f5ab9619e3&lt;/sys_domain&gt;&lt;sys_domain_path&gt;/&lt;/sys_domain_path&gt;&lt;sys_id&gt;42c99f90dbcc1b40a8a37dfdae9619ba&lt;/sys_id&gt;&lt;sys_mod_count&gt;0&lt;/sys_mod_count&gt;&lt;sys_name&gt;mark_closed&lt;/sys_name&gt;&lt;sys_overrides display_value="mark_closed"&gt;12a53c4fc6112275000bc7c04a87cfb6&lt;/sys_overrides&gt;&lt;sys_package display_value="Global" source="global"&gt;global&lt;/sys_package&gt;&lt;sys_policy/&gt;&lt;sys_replace_on_upgrade&gt;false&lt;/sys_replace_on_upgrade&gt;&lt;sys_scope display_value="Global"&gt;global&lt;/sys_scope&gt;&lt;sys_update_name&gt;sys_script_42c99f90dbcc1b40a8a37dfdae9619ba&lt;/sys_update_name&gt;&lt;sys_updated_by&gt;shweta.hegde@capgemini.com&lt;/sys_updated_by&gt;&lt;sys_updated_on&gt;2018-01-30 08:54:59&lt;/sys_updated_on&gt;&lt;template/&gt;&lt;u_relate/&gt;&lt;u_relate_table/&gt;&lt;when&gt;before&lt;/when&gt;&lt;/sys_script&gt;&lt;/record_update&gt;</payload>
<remote_update_set display_value="A&amp;W Problem Management - SH - V5">be49bd500f301fc0c6da563be1050e0c</remote_update_set>
<replace_on_upgrade>false</replace_on_upgrade>
<sys_created_by>virag.shah@capgemini.com</sys_created_by>
<sys_created_on>2018-03-08 08:40:31</sys_created_on>
<sys_id>b249bd500f301fc0c6da563be1050e0d</sys_id>
<sys_mod_count>0</sys_mod_count>
<sys_updated_by>virag.shah@capgemini.com</sys_updated_by>
<sys_updated_on>2018-03-08 08:40:31</sys_updated_on>
<table/>
<target_name/>
<type/>
<update_domain/>
<update_set display_value=""/>
<view/>
</sys_update_xml>
<sys_update_xml action="INSERT_OR_UPDATE">
<action/>
<application display_value=""/>
<category/>
<comments/>
<name>sys_ui_policy_action_949b461ddbc41f40a8a37dfdae96196f</name>
<payload><![CDATA[<?xml version="1.0" encoding="UTF-8"?><record_update table="sys_ui_policy_action"><sys_ui_policy_action action="INSERT_OR_UPDATE"><disabled>true</disabled><field>priority</field><mandatory>ignore</mandatory><sys_class_name>sys_ui_policy_action</sys_class_name><sys_created_by>shweta.hegde@capgemini.com</sys_created_by><sys_created_on>2018-02-02 05:47:32</sys_created_on><sys_customer_update>true</sys_customer_update><sys_id>949b461ddbc41f40a8a37dfdae96196f</sys_id><sys_mod_count>0</sys_mod_count><sys_name>priority</sys_name><sys_package display_value="Global" source="global">global</sys_package><sys_policy/><sys_replace_on_upgrade>false</sys_replace_on_upgrade><sys_scope display_value="Global">global</sys_scope><sys_update_name>sys_ui_policy_action_949b461ddbc41f40a8a37dfdae96196f</sys_update_name><sys_updated_by>shweta.hegde@capgemini.com</sys_updated_by><sys_updated_on>2018-02-02 05:47:32</sys_updated_on><table>problem</table><ui_policy display_value="Make priority read-only A&amp;W">047bc21ddbc41f40a8a37dfdae96196f</ui_policy><visible>ignore</visible></sys_ui_policy_action></record_update>]]></payload>
<remote_update_set display_value="A&amp;W Problem Management - SH - V5">be49bd500f301fc0c6da563be1050e0c</remote_update_set>
<replace_on_upgrade>false</replace_on_upgrade>
<sys_created_by>virag.shah@capgemini.com</sys_created_by>
<sys_created_on>2018-03-08 08:40:31</sys_created_on>
<sys_id>be49bd500f301fc0c6da563be1050e0d</sys_id>
<sys_mod_count>0</sys_mod_count>
<sys_updated_by>virag.shah@capgemini.com</sys_updated_by>
<sys_updated_on>2018-03-08 08:40:31</sys_updated_on>
<table/>
<target_name/>
<type/>
<update_domain/>
<update_set display_value=""/>
<view/>
</sys_update_xml>
<sys_update_xml action="INSERT_OR_UPDATE">
<action/>
<application display_value=""/>
<category/>
<comments/>
<name>sys_ui_policy_047bc21ddbc41f40a8a37dfdae96196f</name>
<payload>&lt;?xml version="1.0" encoding="UTF-8"?&gt;&lt;record_update sys_domain="409c30addb8e8f0066e6f2f5ab9619e3" table="sys_ui_policy"&gt;&lt;sys_ui_policy action="INSERT_OR_UPDATE"&gt;&lt;active&gt;true&lt;/active&gt;&lt;conditions/&gt;&lt;description/&gt;&lt;global&gt;true&lt;/global&gt;&lt;inherit&gt;false&lt;/inherit&gt;&lt;model_id/&gt;&lt;model_table/&gt;&lt;on_load&gt;true&lt;/on_load&gt;&lt;order&gt;100&lt;/order&gt;&lt;reverse_if_false&gt;true&lt;/reverse_if_false&gt;&lt;run_scripts&gt;false&lt;/run_scripts&gt;&lt;script_false&gt;&lt;![CDATA[function onCondition() {

}]]&gt;&lt;/script_false&gt;&lt;script_true&gt;&lt;![CDATA[function onCondition() {

}]]&gt;&lt;/script_true&gt;&lt;set_values/&gt;&lt;short_description&gt;Make priority read-only A&amp;amp;W&lt;/short_description&gt;&lt;sys_class_name&gt;sys_ui_policy&lt;/sys_class_name&gt;&lt;sys_created_by&gt;shweta.hegde@capgemini.com&lt;/sys_created_by&gt;&lt;sys_created_on&gt;2018-02-02 05:47:03&lt;/sys_created_on&gt;&lt;sys_customer_update&gt;true&lt;/sys_customer_update&gt;&lt;sys_domain&gt;409c30addb8e8f0066e6f2f5ab9619e3&lt;/sys_domain&gt;&lt;sys_domain_path/&gt;&lt;sys_id&gt;047bc21ddbc41f40a8a37dfdae96196f&lt;/sys_id&gt;&lt;sys_mod_count&gt;0&lt;/sys_mod_count&gt;&lt;sys_name&gt;Make priority read-only A&amp;amp;W&lt;/sys_name&gt;&lt;sys_overrides/&gt;&lt;sys_package display_value="Global" source="global"&gt;global&lt;/sys_package&gt;&lt;sys_policy/&gt;&lt;sys_replace_on_upgrade&gt;false&lt;/sys_replace_on_upgrade&gt;&lt;sys_scope display_value="Global"&gt;global&lt;/sys_scope&gt;&lt;sys_update_name&gt;sys_ui_policy_047bc21ddbc41f40a8a37dfdae96196f&lt;/sys_update_name&gt;&lt;sys_updated_by&gt;shweta.hegde@capgemini.com&lt;/sys_updated_by&gt;&lt;sys_updated_on&gt;2018-02-02 05:47:03&lt;/sys_updated_on&gt;&lt;table&gt;problem&lt;/table&gt;&lt;u_relate/&gt;&lt;u_relate_table/&gt;&lt;ui_type&gt;0&lt;/ui_type&gt;&lt;view/&gt;&lt;/sys_ui_policy&gt;&lt;/record_update&gt;</payload>
<remote_update_set display_value="A&amp;W Problem Management - SH - V5">be49bd500f301fc0c6da563be1050e0c</remote_update_set>
<replace_on_upgrade>false</replace_on_upgrade>
<sys_created_by>virag.shah@capgemini.com</sys_created_by>
<sys_created_on>2018-03-08 08:40:31</sys_created_on>
<sys_id>fa49bd500f301fc0c6da563be1050e0d</sys_id>
<sys_mod_count>0</sys_mod_count>
<sys_updated_by>virag.shah@capgemini.com</sys_updated_by>
<sys_updated_on>2018-03-08 08:40:31</sys_updated_on>
<table/>
<target_name/>
<type/>
<update_domain/>
<update_set display_value=""/>
<view/>
</sys_update_xml>
</unload>
