<?xml version="1.0" encoding="UTF-8"?>
<unload unload_date="2018-03-08 08:41:12">
<sys_remote_update_set action="INSERT_OR_UPDATE">
<application display_value="Global">global</application>
<application_name>Global</application_name>
<application_scope>global</application_scope>
<application_version/>
<collisions/>
<commit_date/>
<deleted/>
<description>Changes requested for Category sub category problem ticket so on
</description>
<inserted/>
<name>A&amp;W Problem Management - SH - V8</name>
<origin_sys_id/>
<release_date/>
<remote_sys_id>c210c92f0f1c1f80c6da563be1050e3c</remote_sys_id>
<state>loaded</state>
<summary/>
<sys_class_name>sys_remote_update_set</sys_class_name>
<sys_created_by>virag.shah@capgemini.com</sys_created_by>
<sys_created_on>2018-03-08 08:41:12</sys_created_on>
<sys_id>3879751c0f301fc0c6da563be1050e88</sys_id>
<sys_mod_count>0</sys_mod_count>
<sys_updated_by>virag.shah@capgemini.com</sys_updated_by>
<sys_updated_on>2018-03-08 08:41:12</sys_updated_on>
<update_set display_value=""/>
<update_source display_value=""/>
<updated/>
</sys_remote_update_set>
<sys_update_xml action="INSERT_OR_UPDATE">
<action/>
<application display_value=""/>
<category/>
<comments/>
<name>sys_ui_action_16f245ebdbc383c0a8a37dfdae961967</name>
<payload>&lt;?xml version="1.0" encoding="UTF-8"?&gt;&lt;record_update sys_domain="409c30addb8e8f0066e6f2f5ab9619e3" table="sys_ui_action"&gt;&lt;sys_ui_action action="INSERT_OR_UPDATE"&gt;&lt;action_name/&gt;&lt;active&gt;true&lt;/active&gt;&lt;client&gt;false&lt;/client&gt;&lt;comments/&gt;&lt;condition&gt;gs.hasRole("itil") &amp;amp;&amp;amp; current.rfc.nil()&lt;/condition&gt;&lt;form_action&gt;true&lt;/form_action&gt;&lt;form_button&gt;false&lt;/form_button&gt;&lt;form_context_menu&gt;true&lt;/form_context_menu&gt;&lt;form_link&gt;false&lt;/form_link&gt;&lt;hint/&gt;&lt;list_action&gt;false&lt;/list_action&gt;&lt;list_banner_button&gt;false&lt;/list_banner_button&gt;&lt;list_button&gt;false&lt;/list_button&gt;&lt;list_choice&gt;false&lt;/list_choice&gt;&lt;list_context_menu&gt;false&lt;/list_context_menu&gt;&lt;list_link&gt;false&lt;/list_link&gt;&lt;list_save_with_form_button&gt;false&lt;/list_save_with_form_button&gt;&lt;name&gt;Create Change&lt;/name&gt;&lt;onclick/&gt;&lt;order&gt;100&lt;/order&gt;&lt;script&gt;&lt;![CDATA[var change = new GlideRecord("change_request");
change.short_description = current.short_description;
change.description = current.description;
change.cmdb_ci = current.cmdb_ci;
change.priority = current.priority;
change.u_restaurant_aw=current.u_restaurant_aw;
change.parent = current.sys_id;
var sysID = change.insert();

current.rfc = sysID;
var mySysID = current.update();

gs.addInfoMessage("Change " + change.number + " created");
action.setRedirectURL(change);
action.setReturnURL(current);]]&gt;&lt;/script&gt;&lt;show_insert&gt;true&lt;/show_insert&gt;&lt;show_multiple_update&gt;false&lt;/show_multiple_update&gt;&lt;show_query&gt;false&lt;/show_query&gt;&lt;show_update&gt;true&lt;/show_update&gt;&lt;sys_class_name&gt;sys_ui_action&lt;/sys_class_name&gt;&lt;sys_created_by&gt;shweta.hegde@capgemini.com&lt;/sys_created_by&gt;&lt;sys_created_on&gt;2017-12-21 07:13:33&lt;/sys_created_on&gt;&lt;sys_customer_update&gt;true&lt;/sys_customer_update&gt;&lt;sys_domain&gt;409c30addb8e8f0066e6f2f5ab9619e3&lt;/sys_domain&gt;&lt;sys_domain_path&gt;!!!/!!D/&lt;/sys_domain_path&gt;&lt;sys_id&gt;16f245ebdbc383c0a8a37dfdae961967&lt;/sys_id&gt;&lt;sys_mod_count&gt;14&lt;/sys_mod_count&gt;&lt;sys_name&gt;Create Change&lt;/sys_name&gt;&lt;sys_overrides display_value="Create Change"&gt;2f596102c0a8006400a40575087b60b2&lt;/sys_overrides&gt;&lt;sys_package display_value="Global" source="global"&gt;global&lt;/sys_package&gt;&lt;sys_policy/&gt;&lt;sys_replace_on_upgrade&gt;false&lt;/sys_replace_on_upgrade&gt;&lt;sys_scope display_value="Global"&gt;global&lt;/sys_scope&gt;&lt;sys_update_name&gt;sys_ui_action_16f245ebdbc383c0a8a37dfdae961967&lt;/sys_update_name&gt;&lt;sys_updated_by&gt;shweta.hegde@capgemini.com&lt;/sys_updated_by&gt;&lt;sys_updated_on&gt;2018-02-20 08:00:43&lt;/sys_updated_on&gt;&lt;table&gt;problem&lt;/table&gt;&lt;u_relate/&gt;&lt;u_relate_table/&gt;&lt;ui11_compatible&gt;true&lt;/ui11_compatible&gt;&lt;ui16_compatible&gt;false&lt;/ui16_compatible&gt;&lt;/sys_ui_action&gt;&lt;/record_update&gt;</payload>
<remote_update_set display_value="A&amp;W Problem Management - SH - V8">3879751c0f301fc0c6da563be1050e88</remote_update_set>
<replace_on_upgrade>false</replace_on_upgrade>
<sys_created_by>virag.shah@capgemini.com</sys_created_by>
<sys_created_on>2018-03-08 08:41:12</sys_created_on>
<sys_id>3c79751c0f301fc0c6da563be1050e88</sys_id>
<sys_mod_count>0</sys_mod_count>
<sys_updated_by>virag.shah@capgemini.com</sys_updated_by>
<sys_updated_on>2018-03-08 08:41:12</sys_updated_on>
<table/>
<target_name/>
<type/>
<update_domain/>
<update_set display_value=""/>
<view/>
</sys_update_xml>
<sys_update_xml action="INSERT_OR_UPDATE">
<action/>
<application display_value=""/>
<category/>
<comments/>
<name>sys_ui_section_89a63bc9db9bcb402dfc78a6ae96199e</name>
<payload><![CDATA[<?xml version="1.0" encoding="UTF-8"?><record_update><sys_ui_section caption="" section_id="89a63bc9db9bcb402dfc78a6ae96199e" sys_domain="409c30addb8e8f0066e6f2f5ab9619e3" table="problem" version="3" view=""><sys_ui_element action="INSERT_OR_UPDATE"><element>process_flow.xml</element><position>0</position><sys_created_by>shweta.hegde@capgemini.com</sys_created_by><sys_created_on>2018-02-19 09:31:05</sys_created_on><sys_id>02d12efedb1013c02dfc78a6ae961910</sys_id><sys_mod_count>0</sys_mod_count><sys_ui_formatter display_value="Process Flow">59f28f09db47e600b0f2fb5aaf96199f</sys_ui_formatter><sys_ui_section caption="NULL" display_value="" name="problem" sys_domain="409c30addb8e8f0066e6f2f5ab9619e3" view="Default view">89a63bc9db9bcb402dfc78a6ae96199e</sys_ui_section><sys_updated_by>shweta.hegde@capgemini.com</sys_updated_by><sys_updated_on>2018-02-19 09:31:05</sys_updated_on><sys_user/><type>formatter</type></sys_ui_element><sys_ui_element action="INSERT_OR_UPDATE"><element>.begin_split</element><position>1</position><sys_created_by>shweta.hegde@capgemini.com</sys_created_by><sys_created_on>2018-02-19 09:31:05</sys_created_on><sys_id>cad12efedb1013c02dfc78a6ae961910</sys_id><sys_mod_count>0</sys_mod_count><sys_ui_formatter/><sys_ui_section caption="NULL" display_value="" name="problem" sys_domain="409c30addb8e8f0066e6f2f5ab9619e3" view="Default view">89a63bc9db9bcb402dfc78a6ae96199e</sys_ui_section><sys_updated_by>shweta.hegde@capgemini.com</sys_updated_by><sys_updated_on>2018-02-19 09:31:05</sys_updated_on><sys_user/><type>.begin_split</type></sys_ui_element><sys_ui_element action="INSERT_OR_UPDATE"><element>number</element><position>2</position><sys_created_by>shweta.hegde@capgemini.com</sys_created_by><sys_created_on>2018-02-19 09:31:05</sys_created_on><sys_id>4ed12efedb1013c02dfc78a6ae961910</sys_id><sys_mod_count>0</sys_mod_count><sys_ui_formatter/><sys_ui_section caption="NULL" display_value="" name="problem" sys_domain="409c30addb8e8f0066e6f2f5ab9619e3" view="Default view">89a63bc9db9bcb402dfc78a6ae96199e</sys_ui_section><sys_updated_by>shweta.hegde@capgemini.com</sys_updated_by><sys_updated_on>2018-02-19 09:31:05</sys_updated_on><sys_user/><type/></sys_ui_element><sys_ui_element action="INSERT_OR_UPDATE"><element>u_restaurant_aw</element><position>3</position><sys_created_by>shweta.hegde@capgemini.com</sys_created_by><sys_created_on>2018-02-19 09:31:05</sys_created_on><sys_id>ced12efedb1013c02dfc78a6ae961910</sys_id><sys_mod_count>0</sys_mod_count><sys_ui_formatter/><sys_ui_section caption="NULL" display_value="" name="problem" sys_domain="409c30addb8e8f0066e6f2f5ab9619e3" view="Default view">89a63bc9db9bcb402dfc78a6ae96199e</sys_ui_section><sys_updated_by>shweta.hegde@capgemini.com</sys_updated_by><sys_updated_on>2018-02-19 09:31:05</sys_updated_on><sys_user/><type/></sys_ui_element><sys_ui_element action="INSERT_OR_UPDATE"><element>impact</element><position>4</position><sys_created_by>shweta.hegde@capgemini.com</sys_created_by><sys_created_on>2018-02-19 09:31:05</sys_created_on><sys_id>42d12efedb1013c02dfc78a6ae961911</sys_id><sys_mod_count>0</sys_mod_count><sys_ui_formatter/><sys_ui_section caption="NULL" display_value="" name="problem" sys_domain="409c30addb8e8f0066e6f2f5ab9619e3" view="Default view">89a63bc9db9bcb402dfc78a6ae96199e</sys_ui_section><sys_updated_by>shweta.hegde@capgemini.com</sys_updated_by><sys_updated_on>2018-02-19 09:31:05</sys_updated_on><sys_user/><type/></sys_ui_element><sys_ui_element action="INSERT_OR_UPDATE"><element>urgency</element><position>5</position><sys_created_by>shweta.hegde@capgemini.com</sys_created_by><sys_created_on>2018-02-19 09:31:05</sys_created_on><sys_id>c2d12efedb1013c02dfc78a6ae961911</sys_id><sys_mod_count>0</sys_mod_count><sys_ui_formatter/><sys_ui_section caption="NULL" display_value="" name="problem" sys_domain="409c30addb8e8f0066e6f2f5ab9619e3" view="Default view">89a63bc9db9bcb402dfc78a6ae96199e</sys_ui_section><sys_updated_by>shweta.hegde@capgemini.com</sys_updated_by><sys_updated_on>2018-02-19 09:31:05</sys_updated_on><sys_user/><type/></sys_ui_element><sys_ui_element action="INSERT_OR_UPDATE"><element>priority</element><position>6</position><sys_created_by>shweta.hegde@capgemini.com</sys_created_by><sys_created_on>2018-02-19 09:31:05</sys_created_on><sys_id>46d12efedb1013c02dfc78a6ae961911</sys_id><sys_mod_count>0</sys_mod_count><sys_ui_formatter/><sys_ui_section caption="NULL" display_value="" name="problem" sys_domain="409c30addb8e8f0066e6f2f5ab9619e3" view="Default view">89a63bc9db9bcb402dfc78a6ae96199e</sys_ui_section><sys_updated_by>shweta.hegde@capgemini.com</sys_updated_by><sys_updated_on>2018-02-19 09:31:05</sys_updated_on><sys_user/><type/></sys_ui_element><sys_ui_element action="INSERT_OR_UPDATE"><element>rfc</element><position>7</position><sys_created_by>shweta.hegde@capgemini.com</sys_created_by><sys_created_on>2018-02-19 09:31:05</sys_created_on><sys_id>c6d12efedb1013c02dfc78a6ae961911</sys_id><sys_mod_count>0</sys_mod_count><sys_ui_formatter/><sys_ui_section caption="NULL" display_value="" name="problem" sys_domain="409c30addb8e8f0066e6f2f5ab9619e3" view="Default view">89a63bc9db9bcb402dfc78a6ae96199e</sys_ui_section><sys_updated_by>shweta.hegde@capgemini.com</sys_updated_by><sys_updated_on>2018-02-19 09:31:05</sys_updated_on><sys_user/><type/></sys_ui_element><sys_ui_element action="INSERT_OR_UPDATE"><element>u_a_w_known_error</element><position>8</position><sys_created_by>shweta.hegde@capgemini.com</sys_created_by><sys_created_on>2018-02-19 09:31:05</sys_created_on><sys_id>4ad12efedb1013c02dfc78a6ae961911</sys_id><sys_mod_count>0</sys_mod_count><sys_ui_formatter/><sys_ui_section caption="NULL" display_value="" name="problem" sys_domain="409c30addb8e8f0066e6f2f5ab9619e3" view="Default view">89a63bc9db9bcb402dfc78a6ae96199e</sys_ui_section><sys_updated_by>shweta.hegde@capgemini.com</sys_updated_by><sys_updated_on>2018-02-19 09:31:05</sys_updated_on><sys_user/><type/></sys_ui_element><sys_ui_element action="INSERT_OR_UPDATE"><element>knowledge</element><position>9</position><sys_created_by>shweta.hegde@capgemini.com</sys_created_by><sys_created_on>2018-02-19 09:31:05</sys_created_on><sys_id>cad12efedb1013c02dfc78a6ae961911</sys_id><sys_mod_count>0</sys_mod_count><sys_ui_formatter/><sys_ui_section caption="NULL" display_value="" name="problem" sys_domain="409c30addb8e8f0066e6f2f5ab9619e3" view="Default view">89a63bc9db9bcb402dfc78a6ae96199e</sys_ui_section><sys_updated_by>shweta.hegde@capgemini.com</sys_updated_by><sys_updated_on>2018-02-19 09:31:05</sys_updated_on><sys_user/><type/></sys_ui_element><sys_ui_element action="INSERT_OR_UPDATE"><element>.split</element><position>10</position><sys_created_by>shweta.hegde@capgemini.com</sys_created_by><sys_created_on>2018-02-19 09:31:05</sys_created_on><sys_id>4ed12efedb1013c02dfc78a6ae961911</sys_id><sys_mod_count>0</sys_mod_count><sys_ui_formatter/><sys_ui_section caption="NULL" display_value="" name="problem" sys_domain="409c30addb8e8f0066e6f2f5ab9619e3" view="Default view">89a63bc9db9bcb402dfc78a6ae96199e</sys_ui_section><sys_updated_by>shweta.hegde@capgemini.com</sys_updated_by><sys_updated_on>2018-02-19 09:31:05</sys_updated_on><sys_user/><type>.split</type></sys_ui_element><sys_ui_element action="INSERT_OR_UPDATE"><element>opened_by</element><position>11</position><sys_created_by>shweta.hegde@capgemini.com</sys_created_by><sys_created_on>2018-02-19 09:31:05</sys_created_on><sys_id>ced12efedb1013c02dfc78a6ae961911</sys_id><sys_mod_count>0</sys_mod_count><sys_ui_formatter/><sys_ui_section caption="NULL" display_value="" name="problem" sys_domain="409c30addb8e8f0066e6f2f5ab9619e3" view="Default view">89a63bc9db9bcb402dfc78a6ae96199e</sys_ui_section><sys_updated_by>shweta.hegde@capgemini.com</sys_updated_by><sys_updated_on>2018-02-19 09:31:05</sys_updated_on><sys_user/><type/></sys_ui_element><sys_ui_element action="INSERT_OR_UPDATE"><element>problem_state</element><position>12</position><sys_created_by>shweta.hegde@capgemini.com</sys_created_by><sys_created_on>2018-02-19 09:31:05</sys_created_on><sys_id>42d12efedb1013c02dfc78a6ae961912</sys_id><sys_mod_count>0</sys_mod_count><sys_ui_formatter/><sys_ui_section caption="NULL" display_value="" name="problem" sys_domain="409c30addb8e8f0066e6f2f5ab9619e3" view="Default view">89a63bc9db9bcb402dfc78a6ae96199e</sys_ui_section><sys_updated_by>shweta.hegde@capgemini.com</sys_updated_by><sys_updated_on>2018-02-19 09:31:05</sys_updated_on><sys_user/><type/></sys_ui_element><sys_ui_element action="INSERT_OR_UPDATE"><element>u_a_w_category</element><position>13</position><sys_created_by>shweta.hegde@capgemini.com</sys_created_by><sys_created_on>2018-02-19 09:31:05</sys_created_on><sys_id>c2d12efedb1013c02dfc78a6ae961912</sys_id><sys_mod_count>0</sys_mod_count><sys_ui_formatter/><sys_ui_section caption="NULL" display_value="" name="problem" sys_domain="409c30addb8e8f0066e6f2f5ab9619e3" view="Default view">89a63bc9db9bcb402dfc78a6ae96199e</sys_ui_section><sys_updated_by>shweta.hegde@capgemini.com</sys_updated_by><sys_updated_on>2018-02-19 09:31:05</sys_updated_on><sys_user/><type/></sys_ui_element><sys_ui_element action="INSERT_OR_UPDATE"><element>u_a_w_subcategory</element><position>14</position><sys_created_by>shweta.hegde@capgemini.com</sys_created_by><sys_created_on>2018-02-19 09:31:05</sys_created_on><sys_id>46d12efedb1013c02dfc78a6ae961912</sys_id><sys_mod_count>0</sys_mod_count><sys_ui_formatter/><sys_ui_section caption="NULL" display_value="" name="problem" sys_domain="409c30addb8e8f0066e6f2f5ab9619e3" view="Default view">89a63bc9db9bcb402dfc78a6ae96199e</sys_ui_section><sys_updated_by>shweta.hegde@capgemini.com</sys_updated_by><sys_updated_on>2018-02-19 09:31:05</sys_updated_on><sys_user/><type/></sys_ui_element><sys_ui_element action="INSERT_OR_UPDATE"><element>assignment_group</element><position>15</position><sys_created_by>shweta.hegde@capgemini.com</sys_created_by><sys_created_on>2018-02-19 09:31:05</sys_created_on><sys_id>c6d12efedb1013c02dfc78a6ae961912</sys_id><sys_mod_count>0</sys_mod_count><sys_ui_formatter/><sys_ui_section caption="NULL" display_value="" name="problem" sys_domain="409c30addb8e8f0066e6f2f5ab9619e3" view="Default view">89a63bc9db9bcb402dfc78a6ae96199e</sys_ui_section><sys_updated_by>shweta.hegde@capgemini.com</sys_updated_by><sys_updated_on>2018-02-19 09:31:05</sys_updated_on><sys_user/><type/></sys_ui_element><sys_ui_element action="INSERT_OR_UPDATE"><element>assigned_to</element><position>16</position><sys_created_by>shweta.hegde@capgemini.com</sys_created_by><sys_created_on>2018-02-19 09:31:05</sys_created_on><sys_id>4ad12efedb1013c02dfc78a6ae961912</sys_id><sys_mod_count>0</sys_mod_count><sys_ui_formatter/><sys_ui_section caption="NULL" display_value="" name="problem" sys_domain="409c30addb8e8f0066e6f2f5ab9619e3" view="Default view">89a63bc9db9bcb402dfc78a6ae96199e</sys_ui_section><sys_updated_by>shweta.hegde@capgemini.com</sys_updated_by><sys_updated_on>2018-02-19 09:31:05</sys_updated_on><sys_user/><type/></sys_ui_element><sys_ui_element action="INSERT_OR_UPDATE"><element>u_a_w_number_of_occurrences</element><position>17</position><sys_created_by>shweta.hegde@capgemini.com</sys_created_by><sys_created_on>2018-02-19 09:31:05</sys_created_on><sys_id>cad12efedb1013c02dfc78a6ae961912</sys_id><sys_mod_count>0</sys_mod_count><sys_ui_formatter/><sys_ui_section caption="NULL" display_value="" name="problem" sys_domain="409c30addb8e8f0066e6f2f5ab9619e3" view="Default view">89a63bc9db9bcb402dfc78a6ae96199e</sys_ui_section><sys_updated_by>shweta.hegde@capgemini.com</sys_updated_by><sys_updated_on>2018-02-19 09:31:05</sys_updated_on><sys_user/><type/></sys_ui_element><sys_ui_element action="INSERT_OR_UPDATE"><element>u_a_w_parent_ticket</element><position>18</position><sys_created_by>shweta.hegde@capgemini.com</sys_created_by><sys_created_on>2018-02-19 09:31:05</sys_created_on><sys_id>4ed12efedb1013c02dfc78a6ae961912</sys_id><sys_mod_count>0</sys_mod_count><sys_ui_formatter/><sys_ui_section caption="NULL" display_value="" name="problem" sys_domain="409c30addb8e8f0066e6f2f5ab9619e3" view="Default view">89a63bc9db9bcb402dfc78a6ae96199e</sys_ui_section><sys_updated_by>shweta.hegde@capgemini.com</sys_updated_by><sys_updated_on>2018-02-19 09:31:05</sys_updated_on><sys_user/><type/></sys_ui_element><sys_ui_element action="INSERT_OR_UPDATE"><element>.end_split</element><position>19</position><sys_created_by>shweta.hegde@capgemini.com</sys_created_by><sys_created_on>2018-02-19 09:31:05</sys_created_on><sys_id>ced12efedb1013c02dfc78a6ae961912</sys_id><sys_mod_count>0</sys_mod_count><sys_ui_formatter/><sys_ui_section caption="NULL" display_value="" name="problem" sys_domain="409c30addb8e8f0066e6f2f5ab9619e3" view="Default view">89a63bc9db9bcb402dfc78a6ae96199e</sys_ui_section><sys_updated_by>shweta.hegde@capgemini.com</sys_updated_by><sys_updated_on>2018-02-19 09:31:05</sys_updated_on><sys_user/><type>.end_split</type></sys_ui_element><sys_ui_element action="INSERT_OR_UPDATE"><element>short_description</element><position>20</position><sys_created_by>shweta.hegde@capgemini.com</sys_created_by><sys_created_on>2018-02-19 09:31:05</sys_created_on><sys_id>42d12efedb1013c02dfc78a6ae961913</sys_id><sys_mod_count>0</sys_mod_count><sys_ui_formatter/><sys_ui_section caption="NULL" display_value="" name="problem" sys_domain="409c30addb8e8f0066e6f2f5ab9619e3" view="Default view">89a63bc9db9bcb402dfc78a6ae96199e</sys_ui_section><sys_updated_by>shweta.hegde@capgemini.com</sys_updated_by><sys_updated_on>2018-02-19 09:31:05</sys_updated_on><sys_user/><type/></sys_ui_element><sys_ui_element action="INSERT_OR_UPDATE"><element>description</element><position>21</position><sys_created_by>shweta.hegde@capgemini.com</sys_created_by><sys_created_on>2018-02-19 09:31:05</sys_created_on><sys_id>c2d12efedb1013c02dfc78a6ae961913</sys_id><sys_mod_count>0</sys_mod_count><sys_ui_formatter/><sys_ui_section caption="NULL" display_value="" name="problem" sys_domain="409c30addb8e8f0066e6f2f5ab9619e3" view="Default view">89a63bc9db9bcb402dfc78a6ae96199e</sys_ui_section><sys_updated_by>shweta.hegde@capgemini.com</sys_updated_by><sys_updated_on>2018-02-19 09:31:05</sys_updated_on><sys_user/><type/></sys_ui_element><sys_ui_element action="INSERT_OR_UPDATE"><element>close_notes</element><position>22</position><sys_created_by>shweta.hegde@capgemini.com</sys_created_by><sys_created_on>2018-02-19 09:31:05</sys_created_on><sys_id>46d12efedb1013c02dfc78a6ae961913</sys_id><sys_mod_count>0</sys_mod_count><sys_ui_formatter/><sys_ui_section caption="NULL" display_value="" name="problem" sys_domain="409c30addb8e8f0066e6f2f5ab9619e3" view="Default view">89a63bc9db9bcb402dfc78a6ae96199e</sys_ui_section><sys_updated_by>shweta.hegde@capgemini.com</sys_updated_by><sys_updated_on>2018-02-19 09:31:05</sys_updated_on><sys_user/><type/></sys_ui_element><sys_ui_element action="INSERT_OR_UPDATE"><element>work_around</element><position>23</position><sys_created_by>shweta.hegde@capgemini.com</sys_created_by><sys_created_on>2018-02-19 09:31:05</sys_created_on><sys_id>c6d12efedb1013c02dfc78a6ae961913</sys_id><sys_mod_count>0</sys_mod_count><sys_ui_formatter/><sys_ui_section caption="NULL" display_value="" name="problem" sys_domain="409c30addb8e8f0066e6f2f5ab9619e3" view="Default view">89a63bc9db9bcb402dfc78a6ae96199e</sys_ui_section><sys_updated_by>shweta.hegde@capgemini.com</sys_updated_by><sys_updated_on>2018-02-19 09:31:05</sys_updated_on><sys_user/><type/></sys_ui_element><sys_ui_element action="INSERT_OR_UPDATE"><element>work_notes</element><position>24</position><sys_created_by>shweta.hegde@capgemini.com</sys_created_by><sys_created_on>2018-02-19 09:31:05</sys_created_on><sys_id>4ad12efedb1013c02dfc78a6ae961913</sys_id><sys_mod_count>0</sys_mod_count><sys_ui_formatter/><sys_ui_section caption="NULL" display_value="" name="problem" sys_domain="409c30addb8e8f0066e6f2f5ab9619e3" view="Default view">89a63bc9db9bcb402dfc78a6ae96199e</sys_ui_section><sys_updated_by>shweta.hegde@capgemini.com</sys_updated_by><sys_updated_on>2018-02-19 09:31:05</sys_updated_on><sys_user/><type/></sys_ui_element><sys_ui_element action="INSERT_OR_UPDATE"><element>u_a_w_root_cause_analysis</element><position>25</position><sys_created_by>shweta.hegde@capgemini.com</sys_created_by><sys_created_on>2018-02-19 09:31:05</sys_created_on><sys_id>cad12efedb1013c02dfc78a6ae961913</sys_id><sys_mod_count>0</sys_mod_count><sys_ui_formatter/><sys_ui_section caption="NULL" display_value="" name="problem" sys_domain="409c30addb8e8f0066e6f2f5ab9619e3" view="Default view">89a63bc9db9bcb402dfc78a6ae96199e</sys_ui_section><sys_updated_by>shweta.hegde@capgemini.com</sys_updated_by><sys_updated_on>2018-02-19 09:31:05</sys_updated_on><sys_user/><type/></sys_ui_element><sys_ui_element action="INSERT_OR_UPDATE"><element>activity.xml</element><position>26</position><sys_created_by>shweta.hegde@capgemini.com</sys_created_by><sys_created_on>2018-02-19 09:31:05</sys_created_on><sys_id>4ed12efedb1013c02dfc78a6ae961913</sys_id><sys_mod_count>0</sys_mod_count><sys_ui_formatter display_value="Activities (filtered)">b832d3560a0001c700d781efe21e22f5</sys_ui_formatter><sys_ui_section caption="NULL" display_value="" name="problem" sys_domain="409c30addb8e8f0066e6f2f5ab9619e3" view="Default view">89a63bc9db9bcb402dfc78a6ae96199e</sys_ui_section><sys_updated_by>shweta.hegde@capgemini.com</sys_updated_by><sys_updated_on>2018-02-19 09:31:05</sys_updated_on><sys_user/><type>formatter</type></sys_ui_element><sys_ui_section action="INSERT_OR_UPDATE"><caption/><header>false</header><name>problem</name><roles/><sys_class_name>sys_ui_section</sys_class_name><sys_created_by>shweta.hegde@capgemini.com</sys_created_by><sys_created_on>2017-12-26 12:09:25</sys_created_on><sys_customer_update>false</sys_customer_update><sys_domain>409c30addb8e8f0066e6f2f5ab9619e3</sys_domain><sys_domain_path>!!!/!!D/</sys_domain_path><sys_id>89a63bc9db9bcb402dfc78a6ae96199e</sys_id><sys_mod_count>22</sys_mod_count><sys_name>problem</sys_name><sys_overrides caption="NULL" display_value="" name="problem" sys_domain="global" view="Default view">bfb81dc9c0a8000900127627db594210</sys_overrides><sys_package display_value="Global" source="global">global</sys_package><sys_policy/><sys_replace_on_upgrade>false</sys_replace_on_upgrade><sys_scope display_value="Global">global</sys_scope><sys_update_name>sys_ui_section_89a63bc9db9bcb402dfc78a6ae96199e</sys_update_name><sys_updated_by>shweta.hegde@capgemini.com</sys_updated_by><sys_updated_on>2018-02-19 09:31:05</sys_updated_on><sys_user/><title>true</title><view display_value="Default view" name="NULL">Default view</view><view_name/></sys_ui_section></sys_ui_section></record_update>]]></payload>
<remote_update_set display_value="A&amp;W Problem Management - SH - V8">3879751c0f301fc0c6da563be1050e88</remote_update_set>
<replace_on_upgrade>false</replace_on_upgrade>
<sys_created_by>virag.shah@capgemini.com</sys_created_by>
<sys_created_on>2018-03-08 08:41:12</sys_created_on>
<sys_id>fc79751c0f301fc0c6da563be1050e88</sys_id>
<sys_mod_count>0</sys_mod_count>
<sys_updated_by>virag.shah@capgemini.com</sys_updated_by>
<sys_updated_on>2018-03-08 08:41:12</sys_updated_on>
<table/>
<target_name/>
<type/>
<update_domain/>
<update_set display_value=""/>
<view/>
</sys_update_xml>
</unload>
