<?xml version="1.0" encoding="UTF-8"?>
<unload unload_date="2018-03-05 13:04:48">
<sys_remote_update_set action="INSERT_OR_UPDATE">
<application display_value="Global">global</application>
<application_name>Global</application_name>
<application_scope>global</application_scope>
<application_version/>
<collisions/>
<commit_date/>
<deleted/>
<description/>
<inserted/>
<name>A&amp;W Change Management - SH - V11</name>
<origin_sys_id/>
<release_date/>
<remote_sys_id>6f3df99fdb0cd380a8a37dfdae9619c1</remote_sys_id>
<state>loaded</state>
<summary/>
<sys_class_name>sys_remote_update_set</sys_class_name>
<sys_created_by>shweta.hegde@capgemini.com</sys_created_by>
<sys_created_on>2018-03-05 13:04:47</sys_created_on>
<sys_id>fc0957dfdba4dfc0a8a37dfdae96193b</sys_id>
<sys_mod_count>0</sys_mod_count>
<sys_updated_by>shweta.hegde@capgemini.com</sys_updated_by>
<sys_updated_on>2018-03-05 13:04:47</sys_updated_on>
<update_set display_value=""/>
<update_source display_value=""/>
<updated/>
</sys_remote_update_set>
<sys_update_xml action="INSERT_OR_UPDATE">
<action>INSERT_OR_UPDATE</action>
<application display_value="Global">global</application>
<category>customer</category>
<comments/>
<name>sys_security_acl_bf86eee8db9497802dfc78a6ae961962</name>
<payload>&lt;?xml version="1.0" encoding="UTF-8"?&gt;&lt;record_update table="sys_security_acl"&gt;&lt;sys_security_acl action="INSERT_OR_UPDATE"&gt;&lt;active&gt;true&lt;/active&gt;&lt;admin_overrides&gt;true&lt;/admin_overrides&gt;&lt;advanced&gt;true&lt;/advanced&gt;&lt;condition table="change_request.*"&gt;sys_domain=409c30addb8e8f0066e6f2f5ab9619e3^EQ&lt;item endquery="true" field="" goto="false" newquery="false" operator="=" or="false" value=""/&gt;&lt;/condition&gt;&lt;description&gt;Restrict list view editing of fields for users other then Admin&lt;/description&gt;&lt;name&gt;change_request.*&lt;/name&gt;&lt;operation display_value="list_edit"&gt;c90042e34a36231201719852023dd7ff&lt;/operation&gt;&lt;script&gt;&lt;![CDATA[answer=false;]]&gt;&lt;/script&gt;&lt;sys_class_name&gt;sys_security_acl&lt;/sys_class_name&gt;&lt;sys_created_by&gt;shweta.hegde@capgemini.com&lt;/sys_created_by&gt;&lt;sys_created_on&gt;2018-02-12 10:07:30&lt;/sys_created_on&gt;&lt;sys_customer_update&gt;true&lt;/sys_customer_update&gt;&lt;sys_id&gt;bf86eee8db9497802dfc78a6ae961962&lt;/sys_id&gt;&lt;sys_mod_count&gt;0&lt;/sys_mod_count&gt;&lt;sys_name&gt;change_request.*&lt;/sys_name&gt;&lt;sys_package display_value="Global" source="global"&gt;global&lt;/sys_package&gt;&lt;sys_policy/&gt;&lt;sys_replace_on_upgrade&gt;false&lt;/sys_replace_on_upgrade&gt;&lt;sys_scope display_value="Global"&gt;global&lt;/sys_scope&gt;&lt;sys_update_name&gt;sys_security_acl_bf86eee8db9497802dfc78a6ae961962&lt;/sys_update_name&gt;&lt;sys_updated_by&gt;shweta.hegde@capgemini.com&lt;/sys_updated_by&gt;&lt;sys_updated_on&gt;2018-02-12 10:07:30&lt;/sys_updated_on&gt;&lt;type display_value="record"&gt;record&lt;/type&gt;&lt;u_relate/&gt;&lt;u_relate_table/&gt;&lt;/sys_security_acl&gt;&lt;/record_update&gt;</payload>
<remote_update_set display_value="A&amp;W Change Management - SH - V11">fc0957dfdba4dfc0a8a37dfdae96193b</remote_update_set>
<replace_on_upgrade>false</replace_on_upgrade>
<sys_created_by>shweta.hegde@capgemini.com</sys_created_by>
<sys_created_on>2018-03-05 13:04:47</sys_created_on>
<sys_id>780957dfdba4dfc0a8a37dfdae96193c</sys_id>
<sys_mod_count>0</sys_mod_count>
<sys_updated_by>shweta.hegde@capgemini.com</sys_updated_by>
<sys_updated_on>2018-03-05 13:04:47</sys_updated_on>
<table>change_request.*</table>
<target_name>change_request.*</target_name>
<type>Access Control</type>
<update_domain/>
<update_set display_value=""/>
<view/>
</sys_update_xml>
<sys_update_xml action="INSERT_OR_UPDATE">
<action>INSERT_OR_UPDATE</action>
<application display_value="Global">global</application>
<category>customer</category>
<comments/>
<name>sys_script_ac03f6e4dbd497802dfc78a6ae9619e7</name>
<payload>&lt;?xml version="1.0" encoding="UTF-8"?&gt;&lt;record_update sys_domain="409c30addb8e8f0066e6f2f5ab9619e3" table="sys_script"&gt;&lt;sys_script action="INSERT_OR_UPDATE"&gt;&lt;abort_action&gt;false&lt;/abort_action&gt;&lt;access&gt;package_private&lt;/access&gt;&lt;action_delete&gt;false&lt;/action_delete&gt;&lt;action_insert&gt;true&lt;/action_insert&gt;&lt;action_label/&gt;&lt;action_name/&gt;&lt;action_query&gt;false&lt;/action_query&gt;&lt;action_run_at&gt;server&lt;/action_run_at&gt;&lt;action_update&gt;true&lt;/action_update&gt;&lt;active&gt;true&lt;/active&gt;&lt;add_message&gt;false&lt;/add_message&gt;&lt;advanced&gt;true&lt;/advanced&gt;&lt;application/&gt;&lt;change_fields&gt;false&lt;/change_fields&gt;&lt;client_callable&gt;false&lt;/client_callable&gt;&lt;collection&gt;change_request&lt;/collection&gt;&lt;condition&gt;(current.getTableName() != 'sysapproval_group') &amp;amp;&amp;amp; (current.getTableName() != 'rm_story') &amp;amp;&amp;amp; (current.getTableName() != 'incident') &amp;amp;&amp;amp; (current.getTableName() != 'problem') &amp;amp;&amp;amp; (current.state.changesTo(76))&lt;/condition&gt;&lt;description/&gt;&lt;execute_function&gt;false&lt;/execute_function&gt;&lt;filter_condition/&gt;&lt;is_rest&gt;false&lt;/is_rest&gt;&lt;message/&gt;&lt;name&gt;A&amp;amp;W Cancel Workflows Upon Cancellation&lt;/name&gt;&lt;onclick/&gt;&lt;order&gt;100&lt;/order&gt;&lt;priority&gt;100&lt;/priority&gt;&lt;read_access_action&gt;false&lt;/read_access_action&gt;&lt;rest_method/&gt;&lt;rest_method_text/&gt;&lt;rest_service/&gt;&lt;rest_service_text/&gt;&lt;rest_variables/&gt;&lt;role_conditions/&gt;&lt;script&gt;&lt;![CDATA[/**
Service-now.com

Description: If state is cancelled then the workflow attached will be canceled**/

cancelMyWorkflows();

function cancelMyWorkflows() {
   //get workflow helper
   var workflow = new Workflow();
   //cancel all my workflows
   var numCnxd = workflow.cancel(current);
   if (numCnxd &gt; 1)
      gs.addInfoMessage(numCnxd + " " + gs.getMessage("Workflows for {0} have been cancelled", current.getDisplayValue()));
   else if (numCnxd == 1)
      gs.addInfoMessage("1 " + gs.getMessage("Workflow for {0} has been cancelled", current.getDisplayValue()));
}]]&gt;&lt;/script&gt;&lt;sys_class_name&gt;sys_script&lt;/sys_class_name&gt;&lt;sys_created_by&gt;shweta.hegde@capgemini.com&lt;/sys_created_by&gt;&lt;sys_created_on&gt;2018-02-12 11:03:22&lt;/sys_created_on&gt;&lt;sys_customer_update&gt;true&lt;/sys_customer_update&gt;&lt;sys_domain&gt;409c30addb8e8f0066e6f2f5ab9619e3&lt;/sys_domain&gt;&lt;sys_domain_path/&gt;&lt;sys_id&gt;ac03f6e4dbd497802dfc78a6ae9619e7&lt;/sys_id&gt;&lt;sys_mod_count&gt;0&lt;/sys_mod_count&gt;&lt;sys_name&gt;A&amp;amp;W Cancel Workflows Upon Cancellation&lt;/sys_name&gt;&lt;sys_overrides/&gt;&lt;sys_package display_value="Global" source="global"&gt;global&lt;/sys_package&gt;&lt;sys_policy/&gt;&lt;sys_replace_on_upgrade&gt;false&lt;/sys_replace_on_upgrade&gt;&lt;sys_scope display_value="Global"&gt;global&lt;/sys_scope&gt;&lt;sys_update_name&gt;sys_script_ac03f6e4dbd497802dfc78a6ae9619e7&lt;/sys_update_name&gt;&lt;sys_updated_by&gt;shweta.hegde@capgemini.com&lt;/sys_updated_by&gt;&lt;sys_updated_on&gt;2018-02-12 11:03:22&lt;/sys_updated_on&gt;&lt;template/&gt;&lt;u_relate/&gt;&lt;u_relate_table/&gt;&lt;when&gt;after&lt;/when&gt;&lt;/sys_script&gt;&lt;/record_update&gt;</payload>
<remote_update_set display_value="A&amp;W Change Management - SH - V11">fc0957dfdba4dfc0a8a37dfdae96193b</remote_update_set>
<replace_on_upgrade>false</replace_on_upgrade>
<sys_created_by>shweta.hegde@capgemini.com</sys_created_by>
<sys_created_on>2018-03-05 13:04:47</sys_created_on>
<sys_id>b40957dfdba4dfc0a8a37dfdae96193c</sys_id>
<sys_mod_count>0</sys_mod_count>
<sys_updated_by>shweta.hegde@capgemini.com</sys_updated_by>
<sys_updated_on>2018-03-05 13:04:47</sys_updated_on>
<table>change_request</table>
<target_name>A&amp;W Cancel Workflows Upon Cancellation</target_name>
<type>Business Rule</type>
<update_domain>409c30addb8e8f0066e6f2f5ab9619e3</update_domain>
<update_set display_value=""/>
<view/>
</sys_update_xml>
<sys_update_xml action="INSERT_OR_UPDATE">
<action>INSERT_OR_UPDATE</action>
<application display_value="Global">global</application>
<category>customer</category>
<comments/>
<name>sys_script_794e79dfdb0cd380a8a37dfdae961970</name>
<payload>&lt;?xml version="1.0" encoding="UTF-8"?&gt;&lt;record_update sys_domain="409c30addb8e8f0066e6f2f5ab9619e3" table="sys_script"&gt;&lt;sys_script action="INSERT_OR_UPDATE"&gt;&lt;abort_action&gt;false&lt;/abort_action&gt;&lt;access&gt;package_private&lt;/access&gt;&lt;action_delete&gt;false&lt;/action_delete&gt;&lt;action_insert&gt;true&lt;/action_insert&gt;&lt;action_label/&gt;&lt;action_name/&gt;&lt;action_query&gt;false&lt;/action_query&gt;&lt;action_run_at&gt;server&lt;/action_run_at&gt;&lt;action_update&gt;true&lt;/action_update&gt;&lt;active&gt;true&lt;/active&gt;&lt;add_message&gt;false&lt;/add_message&gt;&lt;advanced&gt;true&lt;/advanced&gt;&lt;application/&gt;&lt;change_fields&gt;false&lt;/change_fields&gt;&lt;client_callable&gt;false&lt;/client_callable&gt;&lt;collection&gt;change_request&lt;/collection&gt;&lt;condition/&gt;&lt;description/&gt;&lt;execute_function&gt;false&lt;/execute_function&gt;&lt;filter_condition table="change_request"&gt;u_a_w_on_holdCHANGESTOtrue^EQ&lt;item endquery="false" field="u_a_w_on_hold" goto="false" newquery="false" operator="CHANGESTO" or="false" value="true"/&gt;&lt;item endquery="true" field="" goto="false" newquery="false" operator="=" or="false" value=""/&gt;&lt;/filter_condition&gt;&lt;is_rest&gt;false&lt;/is_rest&gt;&lt;message/&gt;&lt;name&gt;Cancel approvals when Change is on hold &lt;/name&gt;&lt;onclick/&gt;&lt;order&gt;100&lt;/order&gt;&lt;priority&gt;100&lt;/priority&gt;&lt;read_access_action&gt;false&lt;/read_access_action&gt;&lt;rest_method/&gt;&lt;rest_method_text/&gt;&lt;rest_service/&gt;&lt;rest_service_text/&gt;&lt;rest_variables/&gt;&lt;role_conditions/&gt;&lt;script&gt;&lt;![CDATA[(function executeRule(current, previous /*undefined when async or display*/) {
	var changeTypeWorkflows = {"standard" : "Standard Change A&amp;W",
							   "normal" : "Normal Change A&amp;W",
							   "emergency" : "Emergency Change A&amp;W"};
	
	// Get the running workflow for the Type of Change
	var contextGr = new GlideRecord('wf_context');
	contextGr.addQuery('table', current.getRecordClassName());
	contextGr.addQuery('state', 'executing');
	contextGr.addQuery('id', current.sys_id);
	contextGr.addQuery('workflow_version.name', changeTypeWorkflows[current.type+'']);
	contextGr.query();
	
	if (!contextGr.next())
		return;
	
	var executingGr = new GlideRecord('wf_executing');
	executingGr.addQuery('context', contextGr.sys_id);
	executingGr.addQuery('state', 'IN', 'waiting,executing');
	executingGr.query();
	
	var wfApprovalUtils = new WorkflowApprovalUtils();
	while (executingGr.next()) {
		var approvalIds = executingGr.scratchpad.approval_ids;
		if (JSUtil.nil(approvalIds))
			continue;
			
		wfApprovalUtils.setGroupApprovalsByIds(approvalIds, 'not_required');
		for (var i = 0; i &lt; approvalIds; i++)
			wfApprovalUtils.setUserApprovalsByGroup(approvalIds[i], 'not_required');
	}
})(current, typeof previous != 'undefined' ?  previous : null);]]&gt;&lt;/script&gt;&lt;sys_class_name&gt;sys_script&lt;/sys_class_name&gt;&lt;sys_created_by&gt;shweta.hegde@capgemini.com&lt;/sys_created_by&gt;&lt;sys_created_on&gt;2018-02-08 10:06:15&lt;/sys_created_on&gt;&lt;sys_customer_update&gt;true&lt;/sys_customer_update&gt;&lt;sys_domain&gt;409c30addb8e8f0066e6f2f5ab9619e3&lt;/sys_domain&gt;&lt;sys_domain_path/&gt;&lt;sys_id&gt;794e79dfdb0cd380a8a37dfdae961970&lt;/sys_id&gt;&lt;sys_mod_count&gt;0&lt;/sys_mod_count&gt;&lt;sys_name&gt;Cancel approvals when Change is on hold &lt;/sys_name&gt;&lt;sys_overrides/&gt;&lt;sys_package display_value="Global" source="global"&gt;global&lt;/sys_package&gt;&lt;sys_policy/&gt;&lt;sys_replace_on_upgrade&gt;false&lt;/sys_replace_on_upgrade&gt;&lt;sys_scope display_value="Global"&gt;global&lt;/sys_scope&gt;&lt;sys_update_name&gt;sys_script_794e79dfdb0cd380a8a37dfdae961970&lt;/sys_update_name&gt;&lt;sys_updated_by&gt;shweta.hegde@capgemini.com&lt;/sys_updated_by&gt;&lt;sys_updated_on&gt;2018-02-08 10:06:15&lt;/sys_updated_on&gt;&lt;template/&gt;&lt;u_relate/&gt;&lt;u_relate_table/&gt;&lt;when&gt;after&lt;/when&gt;&lt;/sys_script&gt;&lt;/record_update&gt;</payload>
<remote_update_set display_value="A&amp;W Change Management - SH - V11">fc0957dfdba4dfc0a8a37dfdae96193b</remote_update_set>
<replace_on_upgrade>false</replace_on_upgrade>
<sys_created_by>shweta.hegde@capgemini.com</sys_created_by>
<sys_created_on>2018-03-05 13:04:47</sys_created_on>
<sys_id>f00957dfdba4dfc0a8a37dfdae96193c</sys_id>
<sys_mod_count>0</sys_mod_count>
<sys_updated_by>shweta.hegde@capgemini.com</sys_updated_by>
<sys_updated_on>2018-03-05 13:04:47</sys_updated_on>
<table>change_request</table>
<target_name>Cancel approvals when Change is on hold </target_name>
<type>Business Rule</type>
<update_domain>409c30addb8e8f0066e6f2f5ab9619e3</update_domain>
<update_set display_value=""/>
<view/>
</sys_update_xml>
</unload>
