<?xml version="1.0" encoding="UTF-8"?>
<unload unload_date="2018-03-05 13:04:57">
<sys_remote_update_set action="INSERT_OR_UPDATE">
<application display_value="Global">global</application>
<application_name>Global</application_name>
<application_scope>global</application_scope>
<application_version/>
<collisions/>
<commit_date/>
<deleted/>
<description/>
<inserted/>
<name>A&amp;W Change Management - SH - V13</name>
<origin_sys_id/>
<release_date/>
<remote_sys_id>69838dafdbd893c02dfc78a6ae961981</remote_sys_id>
<state>loaded</state>
<summary/>
<sys_class_name>sys_remote_update_set</sys_class_name>
<sys_created_by>shweta.hegde@capgemini.com</sys_created_by>
<sys_created_on>2018-03-05 13:04:57</sys_created_on>
<sys_id>07091713dbe4dfc0a8a37dfdae9619ab</sys_id>
<sys_mod_count>0</sys_mod_count>
<sys_updated_by>shweta.hegde@capgemini.com</sys_updated_by>
<sys_updated_on>2018-03-05 13:04:57</sys_updated_on>
<update_set display_value=""/>
<update_source display_value=""/>
<updated/>
</sys_remote_update_set>
<sys_update_xml action="INSERT_OR_UPDATE">
<action>INSERT_OR_UPDATE</action>
<application display_value="Global">global</application>
<category>customer</category>
<comments/>
<name>sys_ui_action_f0986c03dbc49380a8a37dfdae961964</name>
<payload>&lt;?xml version="1.0" encoding="UTF-8"?&gt;&lt;record_update sys_domain="409c30addb8e8f0066e6f2f5ab9619e3" table="sys_ui_action"&gt;&lt;sys_ui_action action="INSERT_OR_UPDATE"&gt;&lt;action_name/&gt;&lt;active&gt;true&lt;/active&gt;&lt;client&gt;true&lt;/client&gt;&lt;comments/&gt;&lt;condition&gt;gs.hasRole('itil')&amp;amp;&amp;amp;!current.isNewRecord()&amp;amp;&amp;amp;current.state!==1&amp;amp;&amp;amp;current.state!==70&amp;amp;&amp;amp;current.state!==71&amp;amp;&amp;amp;current.state!==72&amp;amp;&amp;amp;current.state==73&amp;amp;&amp;amp;current.state!==74&amp;amp;&amp;amp;current.state!==75&amp;amp;&amp;amp;current.state!==76&amp;amp;&amp;amp;current.u_a_w_on_hold==false&lt;/condition&gt;&lt;form_action&gt;true&lt;/form_action&gt;&lt;form_button&gt;true&lt;/form_button&gt;&lt;form_context_menu&gt;false&lt;/form_context_menu&gt;&lt;form_link&gt;false&lt;/form_link&gt;&lt;hint/&gt;&lt;list_action&gt;false&lt;/list_action&gt;&lt;list_banner_button&gt;false&lt;/list_banner_button&gt;&lt;list_button&gt;false&lt;/list_button&gt;&lt;list_choice&gt;false&lt;/list_choice&gt;&lt;list_context_menu&gt;false&lt;/list_context_menu&gt;&lt;list_link&gt;false&lt;/list_link&gt;&lt;list_save_with_form_button&gt;false&lt;/list_save_with_form_button&gt;&lt;name&gt;Review&lt;/name&gt;&lt;onclick&gt;review()&lt;/onclick&gt;&lt;order&gt;100&lt;/order&gt;&lt;script&gt;&lt;![CDATA[function review(){
	g_form.setValue('state',74);
	//action.setRedirectURL(current);
    g_form.save();
	//window.load(current);
}]]&gt;&lt;/script&gt;&lt;show_insert&gt;true&lt;/show_insert&gt;&lt;show_multiple_update&gt;false&lt;/show_multiple_update&gt;&lt;show_query&gt;false&lt;/show_query&gt;&lt;show_update&gt;true&lt;/show_update&gt;&lt;sys_class_name&gt;sys_ui_action&lt;/sys_class_name&gt;&lt;sys_created_by&gt;shweta.hegde@capgemini.com&lt;/sys_created_by&gt;&lt;sys_created_on&gt;2018-02-07 09:12:11&lt;/sys_created_on&gt;&lt;sys_customer_update&gt;true&lt;/sys_customer_update&gt;&lt;sys_domain&gt;409c30addb8e8f0066e6f2f5ab9619e3&lt;/sys_domain&gt;&lt;sys_domain_path&gt;!!!/!!D/&lt;/sys_domain_path&gt;&lt;sys_id&gt;f0986c03dbc49380a8a37dfdae961964&lt;/sys_id&gt;&lt;sys_mod_count&gt;1&lt;/sys_mod_count&gt;&lt;sys_name&gt;Review&lt;/sys_name&gt;&lt;sys_overrides/&gt;&lt;sys_package display_value="Global" source="global"&gt;global&lt;/sys_package&gt;&lt;sys_policy/&gt;&lt;sys_replace_on_upgrade&gt;false&lt;/sys_replace_on_upgrade&gt;&lt;sys_scope display_value="Global"&gt;global&lt;/sys_scope&gt;&lt;sys_update_name&gt;sys_ui_action_f0986c03dbc49380a8a37dfdae961964&lt;/sys_update_name&gt;&lt;sys_updated_by&gt;shweta.hegde@capgemini.com&lt;/sys_updated_by&gt;&lt;sys_updated_on&gt;2018-02-21 14:03:52&lt;/sys_updated_on&gt;&lt;table&gt;change_request&lt;/table&gt;&lt;u_relate/&gt;&lt;u_relate_table/&gt;&lt;ui11_compatible&gt;true&lt;/ui11_compatible&gt;&lt;ui16_compatible&gt;false&lt;/ui16_compatible&gt;&lt;/sys_ui_action&gt;&lt;/record_update&gt;</payload>
<remote_update_set display_value="A&amp;W Change Management - SH - V13">07091713dbe4dfc0a8a37dfdae9619ab</remote_update_set>
<replace_on_upgrade>false</replace_on_upgrade>
<sys_created_by>shweta.hegde@capgemini.com</sys_created_by>
<sys_created_on>2018-03-05 13:04:57</sys_created_on>
<sys_id>07091713dbe4dfc0a8a37dfdae9619ac</sys_id>
<sys_mod_count>0</sys_mod_count>
<sys_updated_by>shweta.hegde@capgemini.com</sys_updated_by>
<sys_updated_on>2018-03-05 13:04:57</sys_updated_on>
<table>change_request</table>
<target_name>Review</target_name>
<type>UI Action</type>
<update_domain>409c30addb8e8f0066e6f2f5ab9619e3</update_domain>
<update_set display_value=""/>
<view/>
</sys_update_xml>
<sys_update_xml action="INSERT_OR_UPDATE">
<action>INSERT_OR_UPDATE</action>
<application display_value="Global">global</application>
<category>customer</category>
<comments/>
<name>sys_script_29b665e3db9c93c02dfc78a6ae9619f4</name>
<payload>&lt;?xml version="1.0" encoding="UTF-8"?&gt;&lt;record_update sys_domain="409c30addb8e8f0066e6f2f5ab9619e3" table="sys_script"&gt;&lt;sys_script action="INSERT_OR_UPDATE"&gt;&lt;abort_action&gt;false&lt;/abort_action&gt;&lt;access&gt;package_private&lt;/access&gt;&lt;action_delete&gt;false&lt;/action_delete&gt;&lt;action_insert&gt;true&lt;/action_insert&gt;&lt;action_label/&gt;&lt;action_name/&gt;&lt;action_query&gt;false&lt;/action_query&gt;&lt;action_run_at&gt;server&lt;/action_run_at&gt;&lt;action_update&gt;true&lt;/action_update&gt;&lt;active&gt;true&lt;/active&gt;&lt;add_message&gt;false&lt;/add_message&gt;&lt;advanced&gt;true&lt;/advanced&gt;&lt;application/&gt;&lt;change_fields&gt;false&lt;/change_fields&gt;&lt;client_callable&gt;false&lt;/client_callable&gt;&lt;collection&gt;change_request&lt;/collection&gt;&lt;condition/&gt;&lt;description/&gt;&lt;execute_function&gt;false&lt;/execute_function&gt;&lt;filter_condition table="change_request"&gt;stateCHANGESTO76^ORstateCHANGESTO75^EQ&lt;item endquery="false" field="state" goto="false" newquery="false" operator="CHANGESTO" or="false" value="76"/&gt;&lt;item endquery="false" field="state" goto="false" newquery="false" operator="CHANGESTO" or="true" value="75"/&gt;&lt;item endquery="true" field="" goto="false" newquery="false" operator="=" or="false" value=""/&gt;&lt;/filter_condition&gt;&lt;is_rest&gt;false&lt;/is_rest&gt;&lt;message/&gt;&lt;name&gt;CancelApproval  when state is Canceled &lt;/name&gt;&lt;onclick/&gt;&lt;order&gt;100&lt;/order&gt;&lt;priority&gt;100&lt;/priority&gt;&lt;read_access_action&gt;false&lt;/read_access_action&gt;&lt;rest_method/&gt;&lt;rest_method_text/&gt;&lt;rest_service/&gt;&lt;rest_service_text/&gt;&lt;rest_variables/&gt;&lt;role_conditions/&gt;&lt;script&gt;&lt;![CDATA[(function executeRule(current, previous /*null when async*/) {
	
	var gr= new GlideRecord('sysapproval_approver');
	gr.addQuery('sysapproval',current.sys_id);
	
	
	gr.query();
	
	
	while(gr.next()){
		
		
		gr.state='not_required';
		
		
		gr.update();
		
		
	}
})(current, previous);]]&gt;&lt;/script&gt;&lt;sys_class_name&gt;sys_script&lt;/sys_class_name&gt;&lt;sys_created_by&gt;shweta.hegde@capgemini.com&lt;/sys_created_by&gt;&lt;sys_created_on&gt;2018-02-21 13:09:42&lt;/sys_created_on&gt;&lt;sys_customer_update&gt;true&lt;/sys_customer_update&gt;&lt;sys_domain&gt;409c30addb8e8f0066e6f2f5ab9619e3&lt;/sys_domain&gt;&lt;sys_domain_path&gt;!!!/!!D/&lt;/sys_domain_path&gt;&lt;sys_id&gt;29b665e3db9c93c02dfc78a6ae9619f4&lt;/sys_id&gt;&lt;sys_mod_count&gt;4&lt;/sys_mod_count&gt;&lt;sys_name&gt;CancelApproval  when state is Canceled &lt;/sys_name&gt;&lt;sys_overrides/&gt;&lt;sys_package display_value="Global" source="global"&gt;global&lt;/sys_package&gt;&lt;sys_policy/&gt;&lt;sys_replace_on_upgrade&gt;false&lt;/sys_replace_on_upgrade&gt;&lt;sys_scope display_value="Global"&gt;global&lt;/sys_scope&gt;&lt;sys_update_name&gt;sys_script_29b665e3db9c93c02dfc78a6ae9619f4&lt;/sys_update_name&gt;&lt;sys_updated_by&gt;lakshmi.kalatippi&lt;/sys_updated_by&gt;&lt;sys_updated_on&gt;2018-02-21 13:22:23&lt;/sys_updated_on&gt;&lt;template/&gt;&lt;u_relate/&gt;&lt;u_relate_table/&gt;&lt;when&gt;after&lt;/when&gt;&lt;/sys_script&gt;&lt;/record_update&gt;</payload>
<remote_update_set display_value="A&amp;W Change Management - SH - V13">07091713dbe4dfc0a8a37dfdae9619ab</remote_update_set>
<replace_on_upgrade>false</replace_on_upgrade>
<sys_created_by>shweta.hegde@capgemini.com</sys_created_by>
<sys_created_on>2018-03-05 13:04:57</sys_created_on>
<sys_id>0b091713dbe4dfc0a8a37dfdae9619ab</sys_id>
<sys_mod_count>0</sys_mod_count>
<sys_updated_by>shweta.hegde@capgemini.com</sys_updated_by>
<sys_updated_on>2018-03-05 13:04:57</sys_updated_on>
<table>change_request</table>
<target_name>CancelApproval  when state is Canceled </target_name>
<type>Business Rule</type>
<update_domain>409c30addb8e8f0066e6f2f5ab9619e3</update_domain>
<update_set display_value=""/>
<view/>
</sys_update_xml>
<sys_update_xml action="INSERT_OR_UPDATE">
<action>INSERT_OR_UPDATE</action>
<application display_value="Global">global</application>
<category>customer</category>
<comments/>
<name>sys_ui_action_e20102e4dbfbc7002dfc78a6ae961971</name>
<payload>&lt;?xml version="1.0" encoding="UTF-8"?&gt;&lt;record_update sys_domain="409c30addb8e8f0066e6f2f5ab9619e3" table="sys_ui_action"&gt;&lt;sys_ui_action action="INSERT_OR_UPDATE"&gt;&lt;action_name/&gt;&lt;active&gt;true&lt;/active&gt;&lt;client&gt;true&lt;/client&gt;&lt;comments/&gt;&lt;condition&gt;gs.hasRole('itil')&amp;amp;&amp;amp;!current.isNewRecord()&amp;amp;&amp;amp;current.state!==1&amp;amp;&amp;amp;current.state!==70&amp;amp;&amp;amp;current.state!==71&amp;amp;&amp;amp;current.state!==72&amp;amp;&amp;amp;current.state!==73&amp;amp;&amp;amp;current.state==74&amp;amp;&amp;amp;current.state!==75&amp;amp;&amp;amp;current.state!==76&amp;amp;&amp;amp;current.u_a_w_on_hold==false&lt;/condition&gt;&lt;form_action&gt;true&lt;/form_action&gt;&lt;form_button&gt;true&lt;/form_button&gt;&lt;form_context_menu&gt;false&lt;/form_context_menu&gt;&lt;form_link&gt;false&lt;/form_link&gt;&lt;hint/&gt;&lt;list_action&gt;false&lt;/list_action&gt;&lt;list_banner_button&gt;false&lt;/list_banner_button&gt;&lt;list_button&gt;false&lt;/list_button&gt;&lt;list_choice&gt;false&lt;/list_choice&gt;&lt;list_context_menu&gt;false&lt;/list_context_menu&gt;&lt;list_link&gt;false&lt;/list_link&gt;&lt;list_save_with_form_button&gt;false&lt;/list_save_with_form_button&gt;&lt;name&gt;Close&lt;/name&gt;&lt;onclick&gt;demo()&lt;/onclick&gt;&lt;order&gt;100&lt;/order&gt;&lt;script&gt;&lt;![CDATA[function demo(){
	g_form.setValue('state',75);
	//action.setRedirectURL(current);
    g_form.save();
	//window.load(current);
}]]&gt;&lt;/script&gt;&lt;show_insert&gt;true&lt;/show_insert&gt;&lt;show_multiple_update&gt;false&lt;/show_multiple_update&gt;&lt;show_query&gt;false&lt;/show_query&gt;&lt;show_update&gt;true&lt;/show_update&gt;&lt;sys_class_name&gt;sys_ui_action&lt;/sys_class_name&gt;&lt;sys_created_by&gt;shweta.hegde@capgemini.com&lt;/sys_created_by&gt;&lt;sys_created_on&gt;2018-01-18 10:54:38&lt;/sys_created_on&gt;&lt;sys_customer_update&gt;true&lt;/sys_customer_update&gt;&lt;sys_domain&gt;409c30addb8e8f0066e6f2f5ab9619e3&lt;/sys_domain&gt;&lt;sys_domain_path&gt;!!!/!!D/&lt;/sys_domain_path&gt;&lt;sys_id&gt;e20102e4dbfbc7002dfc78a6ae961971&lt;/sys_id&gt;&lt;sys_mod_count&gt;9&lt;/sys_mod_count&gt;&lt;sys_name&gt;Close&lt;/sys_name&gt;&lt;sys_overrides/&gt;&lt;sys_package display_value="Global" source="global"&gt;global&lt;/sys_package&gt;&lt;sys_policy/&gt;&lt;sys_replace_on_upgrade&gt;false&lt;/sys_replace_on_upgrade&gt;&lt;sys_scope display_value="Global"&gt;global&lt;/sys_scope&gt;&lt;sys_update_name&gt;sys_ui_action_e20102e4dbfbc7002dfc78a6ae961971&lt;/sys_update_name&gt;&lt;sys_updated_by&gt;shweta.hegde@capgemini.com&lt;/sys_updated_by&gt;&lt;sys_updated_on&gt;2018-02-21 14:02:54&lt;/sys_updated_on&gt;&lt;table&gt;change_request&lt;/table&gt;&lt;u_relate/&gt;&lt;u_relate_table/&gt;&lt;ui11_compatible&gt;true&lt;/ui11_compatible&gt;&lt;ui16_compatible&gt;false&lt;/ui16_compatible&gt;&lt;/sys_ui_action&gt;&lt;/record_update&gt;</payload>
<remote_update_set display_value="A&amp;W Change Management - SH - V13">07091713dbe4dfc0a8a37dfdae9619ab</remote_update_set>
<replace_on_upgrade>false</replace_on_upgrade>
<sys_created_by>shweta.hegde@capgemini.com</sys_created_by>
<sys_created_on>2018-03-05 13:04:57</sys_created_on>
<sys_id>43091713dbe4dfc0a8a37dfdae9619ac</sys_id>
<sys_mod_count>0</sys_mod_count>
<sys_updated_by>shweta.hegde@capgemini.com</sys_updated_by>
<sys_updated_on>2018-03-05 13:04:57</sys_updated_on>
<table>change_request</table>
<target_name>Close</target_name>
<type>UI Action</type>
<update_domain>409c30addb8e8f0066e6f2f5ab9619e3</update_domain>
<update_set display_value=""/>
<view/>
</sys_update_xml>
<sys_update_xml action="INSERT_OR_UPDATE">
<action>INSERT_OR_UPDATE</action>
<application display_value=""/>
<category>customer</category>
<comments/>
<name>sys_user_group_1ffc1765db8b8b80a8a37dfdae96190f</name>
<payload><![CDATA[<?xml version="1.0" encoding="UTF-8"?><record_update sys_domain="409c30addb8e8f0066e6f2f5ab9619e3" table="sys_user_group"><sys_user_group action="INSERT_OR_UPDATE"><active>true</active><average_daily_fte/><company display_value="A&amp;W">a34d38eddb8e8f0066e6f2f5ab961928</company><cost_center/><default_assignee/><description>CAB Approvers demo group</description><email/><exclude_manager>false</exclude_manager><hourly_rate>0</hourly_rate><include_members>false</include_members><manager/><name>CAB Approval</name><parent/><points>0</points><roles/><source/><sys_created_by>lakshmi.kalatippi@capgemini.com</sys_created_by><sys_created_on>2017-12-15 13:19:22</sys_created_on><sys_domain>409c30addb8e8f0066e6f2f5ab9619e3</sys_domain><sys_domain_path>!!!/!!D/</sys_domain_path><sys_id>1ffc1765db8b8b80a8a37dfdae96190f</sys_id><sys_mod_count>3</sys_mod_count><sys_updated_by>shweta.hegde@capgemini.com</sys_updated_by><sys_updated_on>2018-02-21 10:36:29</sys_updated_on><type>1c2db62b4a36232b00ee8a8aef623d02</type><u_chd_type/><u_cmc_escalation_required/><u_cmc_group_type/><u_cmc_memberof/><u_escalation_l1_name/><u_escalation_l2_name/><u_escalation_l3_name/><u_escalation_l4_name/><u_managed_services>false</u_managed_services><u_msc_hr_tier2_grp>false</u_msc_hr_tier2_grp><u_occm_members>false</u_occm_members><u_primary_oncall_number/><u_secondary_oncall_number/><u_status>De-activate</u_status><u_support_org/><u_vendor/><u_wy_active_status/><u_wy_company/><u_wy_work_system/></sys_user_group></record_update>]]></payload>
<remote_update_set display_value="A&amp;W Change Management - SH - V13">07091713dbe4dfc0a8a37dfdae9619ab</remote_update_set>
<replace_on_upgrade>false</replace_on_upgrade>
<sys_created_by>shweta.hegde@capgemini.com</sys_created_by>
<sys_created_on>2018-03-05 13:04:57</sys_created_on>
<sys_id>4f091713dbe4dfc0a8a37dfdae9619ac</sys_id>
<sys_mod_count>0</sys_mod_count>
<sys_updated_by>shweta.hegde@capgemini.com</sys_updated_by>
<sys_updated_on>2018-03-05 13:04:57</sys_updated_on>
<table/>
<target_name>CAB Approval</target_name>
<type>Group</type>
<update_domain>409c30addb8e8f0066e6f2f5ab9619e3</update_domain>
<update_set display_value=""/>
<view/>
</sys_update_xml>
<sys_update_xml action="INSERT_OR_UPDATE">
<action>INSERT_OR_UPDATE</action>
<application display_value="Global">global</application>
<category>customer</category>
<comments/>
<name>sys_ui_policy_action_6451796fdb9c93c02dfc78a6ae961988</name>
<payload><![CDATA[<?xml version="1.0" encoding="UTF-8"?><record_update table="sys_ui_policy_action"><sys_ui_policy_action action="INSERT_OR_UPDATE"><disabled>true</disabled><field>state</field><mandatory>ignore</mandatory><sys_class_name>sys_ui_policy_action</sys_class_name><sys_created_by>shweta.hegde@capgemini.com</sys_created_by><sys_created_on>2018-02-21 13:55:07</sys_created_on><sys_customer_update>true</sys_customer_update><sys_id>6451796fdb9c93c02dfc78a6ae961988</sys_id><sys_mod_count>0</sys_mod_count><sys_name>state</sys_name><sys_package display_value="Global" source="global">global</sys_package><sys_policy/><sys_replace_on_upgrade>false</sys_replace_on_upgrade><sys_scope display_value="Global">global</sys_scope><sys_update_name>sys_ui_policy_action_6451796fdb9c93c02dfc78a6ae961988</sys_update_name><sys_updated_by>shweta.hegde@capgemini.com</sys_updated_by><sys_updated_on>2018-02-21 13:55:07</sys_updated_on><table>change_request</table><ui_policy display_value="Read only - State">82d0716fdb9c93c02dfc78a6ae9619e9</ui_policy><visible>ignore</visible></sys_ui_policy_action></record_update>]]></payload>
<remote_update_set display_value="A&amp;W Change Management - SH - V13">07091713dbe4dfc0a8a37dfdae9619ab</remote_update_set>
<replace_on_upgrade>false</replace_on_upgrade>
<sys_created_by>shweta.hegde@capgemini.com</sys_created_by>
<sys_created_on>2018-03-05 13:04:57</sys_created_on>
<sys_id>8b091713dbe4dfc0a8a37dfdae9619ac</sys_id>
<sys_mod_count>0</sys_mod_count>
<sys_updated_by>shweta.hegde@capgemini.com</sys_updated_by>
<sys_updated_on>2018-03-05 13:04:57</sys_updated_on>
<table>change_request</table>
<target_name>state</target_name>
<type>UI Policy Action</type>
<update_domain/>
<update_set display_value=""/>
<view/>
</sys_update_xml>
<sys_update_xml action="INSERT_OR_UPDATE">
<action>INSERT_OR_UPDATE</action>
<application display_value="Global">global</application>
<category>customer</category>
<comments/>
<name>sys_ui_action_45456514dbff4b00a8a37dfdae961938</name>
<payload>&lt;?xml version="1.0" encoding="UTF-8"?&gt;&lt;record_update sys_domain="409c30addb8e8f0066e6f2f5ab9619e3" table="sys_ui_action"&gt;&lt;sys_ui_action action="INSERT_OR_UPDATE"&gt;&lt;action_name/&gt;&lt;active&gt;true&lt;/active&gt;&lt;client&gt;true&lt;/client&gt;&lt;comments/&gt;&lt;condition&gt;gs.hasRole('itil')&amp;amp;&amp;amp;!current.isNewRecord()&amp;amp;&amp;amp;current.state!==1&amp;amp;&amp;amp;current.state!==70&amp;amp;&amp;amp;current.state!==71&amp;amp;&amp;amp;current.state==72&amp;amp;&amp;amp;current.state!==73&amp;amp;&amp;amp;current.state!==74&amp;amp;&amp;amp;current.state!==75&amp;amp;&amp;amp;current.state!==76&amp;amp;&amp;amp;current.u_a_w_on_hold==false&lt;/condition&gt;&lt;form_action&gt;true&lt;/form_action&gt;&lt;form_button&gt;true&lt;/form_button&gt;&lt;form_context_menu&gt;false&lt;/form_context_menu&gt;&lt;form_link&gt;false&lt;/form_link&gt;&lt;hint/&gt;&lt;list_action&gt;false&lt;/list_action&gt;&lt;list_banner_button&gt;false&lt;/list_banner_button&gt;&lt;list_button&gt;false&lt;/list_button&gt;&lt;list_choice&gt;false&lt;/list_choice&gt;&lt;list_context_menu&gt;false&lt;/list_context_menu&gt;&lt;list_link&gt;false&lt;/list_link&gt;&lt;list_save_with_form_button&gt;false&lt;/list_save_with_form_button&gt;&lt;name&gt;Implement&lt;/name&gt;&lt;onclick&gt;schedule()&lt;/onclick&gt;&lt;order&gt;100&lt;/order&gt;&lt;script&gt;&lt;![CDATA[function schedule(){
	//Set the 'Incident state' and 'State' values to 'Resolved', and display mandatory fields
	g_form.setValue('state', 73);
	//action.setRedirectURL(current);
    g_form.save();
	//window.load(current);
	
}]]&gt;&lt;/script&gt;&lt;show_insert&gt;true&lt;/show_insert&gt;&lt;show_multiple_update&gt;false&lt;/show_multiple_update&gt;&lt;show_query&gt;false&lt;/show_query&gt;&lt;show_update&gt;true&lt;/show_update&gt;&lt;sys_class_name&gt;sys_ui_action&lt;/sys_class_name&gt;&lt;sys_created_by&gt;shweta.hegde@capgemini.com&lt;/sys_created_by&gt;&lt;sys_created_on&gt;2018-01-17 14:19:56&lt;/sys_created_on&gt;&lt;sys_customer_update&gt;true&lt;/sys_customer_update&gt;&lt;sys_domain&gt;409c30addb8e8f0066e6f2f5ab9619e3&lt;/sys_domain&gt;&lt;sys_domain_path&gt;!!!/!!D/&lt;/sys_domain_path&gt;&lt;sys_id&gt;45456514dbff4b00a8a37dfdae961938&lt;/sys_id&gt;&lt;sys_mod_count&gt;2&lt;/sys_mod_count&gt;&lt;sys_name&gt;Implement&lt;/sys_name&gt;&lt;sys_overrides/&gt;&lt;sys_package display_value="Global" source="global"&gt;global&lt;/sys_package&gt;&lt;sys_policy/&gt;&lt;sys_replace_on_upgrade&gt;false&lt;/sys_replace_on_upgrade&gt;&lt;sys_scope display_value="Global"&gt;global&lt;/sys_scope&gt;&lt;sys_update_name&gt;sys_ui_action_45456514dbff4b00a8a37dfdae961938&lt;/sys_update_name&gt;&lt;sys_updated_by&gt;shweta.hegde@capgemini.com&lt;/sys_updated_by&gt;&lt;sys_updated_on&gt;2018-02-21 13:36:41&lt;/sys_updated_on&gt;&lt;table&gt;change_request&lt;/table&gt;&lt;u_relate/&gt;&lt;u_relate_table/&gt;&lt;ui11_compatible&gt;true&lt;/ui11_compatible&gt;&lt;ui16_compatible&gt;false&lt;/ui16_compatible&gt;&lt;/sys_ui_action&gt;&lt;/record_update&gt;</payload>
<remote_update_set display_value="A&amp;W Change Management - SH - V13">07091713dbe4dfc0a8a37dfdae9619ab</remote_update_set>
<replace_on_upgrade>false</replace_on_upgrade>
<sys_created_by>shweta.hegde@capgemini.com</sys_created_by>
<sys_created_on>2018-03-05 13:04:57</sys_created_on>
<sys_id>8f091713dbe4dfc0a8a37dfdae9619ab</sys_id>
<sys_mod_count>0</sys_mod_count>
<sys_updated_by>shweta.hegde@capgemini.com</sys_updated_by>
<sys_updated_on>2018-03-05 13:04:57</sys_updated_on>
<table>change_request</table>
<target_name>Implement</target_name>
<type>UI Action</type>
<update_domain>409c30addb8e8f0066e6f2f5ab9619e3</update_domain>
<update_set display_value=""/>
<view/>
</sys_update_xml>
<sys_update_xml action="INSERT_OR_UPDATE">
<action>INSERT_OR_UPDATE</action>
<application display_value="Global">global</application>
<category>customer</category>
<comments/>
<name>sys_ui_policy_82d0716fdb9c93c02dfc78a6ae9619e9</name>
<payload>&lt;?xml version="1.0" encoding="UTF-8"?&gt;&lt;record_update sys_domain="409c30addb8e8f0066e6f2f5ab9619e3" table="sys_ui_policy"&gt;&lt;sys_ui_policy action="INSERT_OR_UPDATE"&gt;&lt;active&gt;true&lt;/active&gt;&lt;conditions table="change_request"&gt;approval=requested^ORu_a_w_on_hold=true^EQ&lt;item endquery="false" field="approval" goto="false" newquery="false" operator="=" or="false" value="requested"/&gt;&lt;item endquery="false" field="u_a_w_on_hold" goto="false" newquery="false" operator="=" or="true" value="true"/&gt;&lt;item endquery="true" field="" goto="false" newquery="false" operator="=" or="false" value=""/&gt;&lt;/conditions&gt;&lt;description/&gt;&lt;global&gt;true&lt;/global&gt;&lt;inherit&gt;false&lt;/inherit&gt;&lt;model_id/&gt;&lt;model_table/&gt;&lt;on_load&gt;true&lt;/on_load&gt;&lt;order&gt;100&lt;/order&gt;&lt;reverse_if_false&gt;false&lt;/reverse_if_false&gt;&lt;run_scripts&gt;false&lt;/run_scripts&gt;&lt;script_false&gt;&lt;![CDATA[function onCondition() {

}]]&gt;&lt;/script_false&gt;&lt;script_true&gt;&lt;![CDATA[function onCondition() {

}]]&gt;&lt;/script_true&gt;&lt;set_values/&gt;&lt;short_description&gt;Read only - State&lt;/short_description&gt;&lt;sys_class_name&gt;sys_ui_policy&lt;/sys_class_name&gt;&lt;sys_created_by&gt;shweta.hegde@capgemini.com&lt;/sys_created_by&gt;&lt;sys_created_on&gt;2018-02-21 13:54:18&lt;/sys_created_on&gt;&lt;sys_customer_update&gt;true&lt;/sys_customer_update&gt;&lt;sys_domain&gt;409c30addb8e8f0066e6f2f5ab9619e3&lt;/sys_domain&gt;&lt;sys_domain_path&gt;!!!/!!D/&lt;/sys_domain_path&gt;&lt;sys_id&gt;82d0716fdb9c93c02dfc78a6ae9619e9&lt;/sys_id&gt;&lt;sys_mod_count&gt;1&lt;/sys_mod_count&gt;&lt;sys_name&gt;Read only - State&lt;/sys_name&gt;&lt;sys_overrides/&gt;&lt;sys_package display_value="Global" source="global"&gt;global&lt;/sys_package&gt;&lt;sys_policy/&gt;&lt;sys_replace_on_upgrade&gt;false&lt;/sys_replace_on_upgrade&gt;&lt;sys_scope display_value="Global"&gt;global&lt;/sys_scope&gt;&lt;sys_update_name&gt;sys_ui_policy_82d0716fdb9c93c02dfc78a6ae9619e9&lt;/sys_update_name&gt;&lt;sys_updated_by&gt;shweta.hegde@capgemini.com&lt;/sys_updated_by&gt;&lt;sys_updated_on&gt;2018-02-21 14:08:37&lt;/sys_updated_on&gt;&lt;table&gt;change_request&lt;/table&gt;&lt;u_relate/&gt;&lt;u_relate_table/&gt;&lt;ui_type&gt;0&lt;/ui_type&gt;&lt;view/&gt;&lt;/sys_ui_policy&gt;&lt;/record_update&gt;</payload>
<remote_update_set display_value="A&amp;W Change Management - SH - V13">07091713dbe4dfc0a8a37dfdae9619ab</remote_update_set>
<replace_on_upgrade>false</replace_on_upgrade>
<sys_created_by>shweta.hegde@capgemini.com</sys_created_by>
<sys_created_on>2018-03-05 13:04:57</sys_created_on>
<sys_id>c7091713dbe4dfc0a8a37dfdae9619ac</sys_id>
<sys_mod_count>0</sys_mod_count>
<sys_updated_by>shweta.hegde@capgemini.com</sys_updated_by>
<sys_updated_on>2018-03-05 13:04:57</sys_updated_on>
<table>change_request</table>
<target_name>Read only - State</target_name>
<type>UI Policy</type>
<update_domain>409c30addb8e8f0066e6f2f5ab9619e3</update_domain>
<update_set display_value=""/>
<view/>
</sys_update_xml>
<sys_update_xml action="INSERT_OR_UPDATE">
<action>INSERT_OR_UPDATE</action>
<application display_value="Global">global</application>
<category>customer</category>
<comments/>
<name>sys_script_794e79dfdb0cd380a8a37dfdae961970</name>
<payload>&lt;?xml version="1.0" encoding="UTF-8"?&gt;&lt;record_update sys_domain="409c30addb8e8f0066e6f2f5ab9619e3" table="sys_script"&gt;&lt;sys_script action="INSERT_OR_UPDATE"&gt;&lt;abort_action&gt;false&lt;/abort_action&gt;&lt;access&gt;package_private&lt;/access&gt;&lt;action_delete&gt;false&lt;/action_delete&gt;&lt;action_insert&gt;true&lt;/action_insert&gt;&lt;action_label/&gt;&lt;action_name/&gt;&lt;action_query&gt;false&lt;/action_query&gt;&lt;action_run_at&gt;server&lt;/action_run_at&gt;&lt;action_update&gt;true&lt;/action_update&gt;&lt;active&gt;true&lt;/active&gt;&lt;add_message&gt;false&lt;/add_message&gt;&lt;advanced&gt;true&lt;/advanced&gt;&lt;application/&gt;&lt;change_fields&gt;false&lt;/change_fields&gt;&lt;client_callable&gt;false&lt;/client_callable&gt;&lt;collection&gt;change_request&lt;/collection&gt;&lt;condition/&gt;&lt;description/&gt;&lt;execute_function&gt;false&lt;/execute_function&gt;&lt;filter_condition table="change_request"&gt;u_a_w_on_holdCHANGESTOtrue^EQ&lt;item endquery="false" field="u_a_w_on_hold" goto="false" newquery="false" operator="CHANGESTO" or="false" value="true"/&gt;&lt;item endquery="true" field="" goto="false" newquery="false" operator="=" or="false" value=""/&gt;&lt;/filter_condition&gt;&lt;is_rest&gt;false&lt;/is_rest&gt;&lt;message/&gt;&lt;name&gt;Cancel approvals when Change is on hold &lt;/name&gt;&lt;onclick/&gt;&lt;order&gt;100&lt;/order&gt;&lt;priority&gt;100&lt;/priority&gt;&lt;read_access_action&gt;false&lt;/read_access_action&gt;&lt;rest_method/&gt;&lt;rest_method_text/&gt;&lt;rest_service/&gt;&lt;rest_service_text/&gt;&lt;rest_variables/&gt;&lt;role_conditions/&gt;&lt;script&gt;&lt;![CDATA[(function executeRule(current, previous /*undefined when async or display*/) {
	var changeTypeWorkflows = {"standard" : "Standard Change A&amp;W",
							   "normal" : "Normal Change A&amp;W",
							   "emergency" : "Emergency Change A&amp;W"};
	
	// Get the running workflow for the Type of Change
	var contextGr = new GlideRecord('wf_context');
	contextGr.addQuery('table', current.getRecordClassName());
	contextGr.addQuery('state', 'executing');
	contextGr.addQuery('id', current.sys_id);
	contextGr.addQuery('workflow_version.name', changeTypeWorkflows[current.type+'']);
	contextGr.query();
	
	if (!contextGr.next())
		return;
	
	var executingGr = new GlideRecord('wf_executing');
	executingGr.addQuery('context', contextGr.sys_id);
	executingGr.addQuery('state', 'IN', 'waiting,executing');
	executingGr.query();
	
	var wfApprovalUtils = new WorkflowApprovalUtils();
	while (executingGr.next()) {
		var approvalIds = executingGr.scratchpad.approval_ids;
		if (JSUtil.nil(approvalIds))
			continue;
			
		wfApprovalUtils.setGroupApprovalsByIds(approvalIds, 'not_required');
		for (var i = 0; i &lt; approvalIds; i++)
			wfApprovalUtils.setUserApprovalsByGroup(approvalIds[i], 'not_required');
	}
})(current, typeof previous != 'undefined' ?  previous : null);]]&gt;&lt;/script&gt;&lt;sys_class_name&gt;sys_script&lt;/sys_class_name&gt;&lt;sys_created_by&gt;shweta.hegde@capgemini.com&lt;/sys_created_by&gt;&lt;sys_created_on&gt;2018-02-08 10:06:15&lt;/sys_created_on&gt;&lt;sys_customer_update&gt;true&lt;/sys_customer_update&gt;&lt;sys_domain&gt;409c30addb8e8f0066e6f2f5ab9619e3&lt;/sys_domain&gt;&lt;sys_domain_path&gt;!!!/!!D/&lt;/sys_domain_path&gt;&lt;sys_id&gt;794e79dfdb0cd380a8a37dfdae961970&lt;/sys_id&gt;&lt;sys_mod_count&gt;3&lt;/sys_mod_count&gt;&lt;sys_name&gt;Cancel approvals when Change is on hold &lt;/sys_name&gt;&lt;sys_overrides/&gt;&lt;sys_package display_value="Global" source="global"&gt;global&lt;/sys_package&gt;&lt;sys_policy/&gt;&lt;sys_replace_on_upgrade&gt;false&lt;/sys_replace_on_upgrade&gt;&lt;sys_scope display_value="Global"&gt;global&lt;/sys_scope&gt;&lt;sys_update_name&gt;sys_script_794e79dfdb0cd380a8a37dfdae961970&lt;/sys_update_name&gt;&lt;sys_updated_by&gt;shweta.hegde@capgemini.com&lt;/sys_updated_by&gt;&lt;sys_updated_on&gt;2018-02-21 13:05:15&lt;/sys_updated_on&gt;&lt;template/&gt;&lt;u_relate/&gt;&lt;u_relate_table/&gt;&lt;when&gt;after&lt;/when&gt;&lt;/sys_script&gt;&lt;/record_update&gt;</payload>
<remote_update_set display_value="A&amp;W Change Management - SH - V13">07091713dbe4dfc0a8a37dfdae9619ab</remote_update_set>
<replace_on_upgrade>false</replace_on_upgrade>
<sys_created_by>shweta.hegde@capgemini.com</sys_created_by>
<sys_created_on>2018-03-05 13:04:57</sys_created_on>
<sys_id>cb091713dbe4dfc0a8a37dfdae9619ab</sys_id>
<sys_mod_count>0</sys_mod_count>
<sys_updated_by>shweta.hegde@capgemini.com</sys_updated_by>
<sys_updated_on>2018-03-05 13:04:57</sys_updated_on>
<table>change_request</table>
<target_name>Cancel approvals when Change is on hold </target_name>
<type>Business Rule</type>
<update_domain>409c30addb8e8f0066e6f2f5ab9619e3</update_domain>
<update_set display_value=""/>
<view/>
</sys_update_xml>
</unload>
