<?xml version="1.0" encoding="UTF-8"?>
<unload unload_date="2018-03-05 13:23:35">
<sys_remote_update_set action="INSERT_OR_UPDATE">
<application display_value="Global">global</application>
<application_name>Global</application_name>
<application_scope>global</application_scope>
<application_version/>
<collisions/>
<commit_date/>
<deleted/>
<description/>
<inserted/>
<name>A&amp;W ChangeManagement - SH - V15</name>
<origin_sys_id/>
<release_date/>
<remote_sys_id>50ba78b5dbe45bc0a8a37dfdae961969</remote_sys_id>
<state>loaded</state>
<summary/>
<sys_class_name>sys_remote_update_set</sys_class_name>
<sys_created_by>shweta.hegde@capgemini.com</sys_created_by>
<sys_created_on>2018-03-05 13:23:35</sys_created_on>
<sys_id>085d17d3dbe4dfc0a8a37dfdae9619ff</sys_id>
<sys_mod_count>0</sys_mod_count>
<sys_updated_by>shweta.hegde@capgemini.com</sys_updated_by>
<sys_updated_on>2018-03-05 13:23:35</sys_updated_on>
<update_set display_value=""/>
<update_source display_value=""/>
<updated/>
</sys_remote_update_set>
<sys_update_xml action="INSERT_OR_UPDATE">
<action>INSERT_OR_UPDATE</action>
<application display_value="Global">global</application>
<category>customer</category>
<comments/>
<name>sys_app_module_a79c9677dbd0d3c0a8a37dfdae961932</name>
<payload><![CDATA[<?xml version="1.0" encoding="UTF-8"?><record_update sys_domain="409c30addb8e8f0066e6f2f5ab9619e3" table="sys_app_module"><sys_app_module action="INSERT_OR_UPDATE"><active>true</active><application display_value="Self-Service">08771d0cc0a8016401f604303b94b999</application><assessment/><content_page/><device_type/><filter table="sysapproval_approver">approver=javascript:getMyApprovals()^EQ<item endquery="false" field="approver" goto="false" newquery="false" operator="=" or="false" value="javascript:getMyApprovals()"/><item endquery="true" field="" goto="false" newquery="false" operator="=" or="false" value=""/></filter><hint/><homepage/><image>images/icons/approvals.gif</image><link_type>LIST</link_type><map_page/><mobile_title>My Approvals</mobile_title><mobile_view_name>Mobile</mobile_view_name><name>sysapproval_approver</name><order>805</order><override_menu_roles>false</override_menu_roles><populate_view/><query/><report/><roles>A&amp;W ESS,A&amp;W ITIL</roles><survey/><survey_overwrite>true</survey_overwrite><sys_class_name>sys_app_module</sys_class_name><sys_created_by>shweta.hegde@capgemini.com</sys_created_by><sys_created_on>2018-02-22 11:42:12</sys_created_on><sys_customer_update>true</sys_customer_update><sys_domain>409c30addb8e8f0066e6f2f5ab9619e3</sys_domain><sys_domain_path>!!!/!!D/</sys_domain_path><sys_id>a79c9677dbd0d3c0a8a37dfdae961932</sys_id><sys_mod_count>1</sys_mod_count><sys_name>My Approvals</sys_name><sys_overrides display_value="My Approvals">e0f011dbff02110053ccffffffffff9b</sys_overrides><sys_package display_value="Global" source="global">global</sys_package><sys_policy/><sys_replace_on_upgrade>false</sys_replace_on_upgrade><sys_scope display_value="Global">global</sys_scope><sys_update_name>sys_app_module_a79c9677dbd0d3c0a8a37dfdae961932</sys_update_name><sys_updated_by>lakshmi.kalatippi</sys_updated_by><sys_updated_on>2018-02-28 09:45:02</sys_updated_on><timeline_page/><title>My Approvals</title><uncancelable>false</uncancelable><view_name/><window_name/></sys_app_module></record_update>]]></payload>
<remote_update_set display_value="A&amp;W ChangeManagement - SH - V15">085d17d3dbe4dfc0a8a37dfdae9619ff</remote_update_set>
<replace_on_upgrade>false</replace_on_upgrade>
<sys_created_by>shweta.hegde@capgemini.com</sys_created_by>
<sys_created_on>2018-03-05 13:23:35</sys_created_on>
<sys_id>045d57d3dbe4dfc0a8a37dfdae961900</sys_id>
<sys_mod_count>0</sys_mod_count>
<sys_updated_by>shweta.hegde@capgemini.com</sys_updated_by>
<sys_updated_on>2018-03-05 13:23:35</sys_updated_on>
<table>sysapproval_approver</table>
<target_name>My Approvals</target_name>
<type>Module</type>
<update_domain>409c30addb8e8f0066e6f2f5ab9619e3</update_domain>
<update_set display_value=""/>
<view/>
</sys_update_xml>
</unload>
