<?xml version="1.0" encoding="UTF-8"?>
<unload unload_date="2018-03-05 13:00:54">
<sys_remote_update_set action="INSERT_OR_UPDATE">
<application display_value="Global">global</application>
<application_name>Global</application_name>
<application_scope>global</application_scope>
<application_version/>
<collisions/>
<commit_date/>
<deleted/>
<description>Change Form</description>
<inserted/>
<name>A&amp;W Change Management - SH - V6</name>
<origin_sys_id/>
<release_date/>
<remote_sys_id>4cd6abfddbbfcf00a8a37dfdae96192a</remote_sys_id>
<state>loaded</state>
<summary/>
<sys_class_name>sys_remote_update_set</sys_class_name>
<sys_created_by>shweta.hegde@capgemini.com</sys_created_by>
<sys_created_on>2018-03-05 13:00:53</sys_created_on>
<sys_id>67185b9fdba4dfc0a8a37dfdae9619e6</sys_id>
<sys_mod_count>0</sys_mod_count>
<sys_updated_by>shweta.hegde@capgemini.com</sys_updated_by>
<sys_updated_on>2018-03-05 13:00:53</sys_updated_on>
<update_set display_value=""/>
<update_source display_value=""/>
<updated/>
</sys_remote_update_set>
<sys_update_xml action="INSERT_OR_UPDATE">
<action>INSERT_OR_UPDATE</action>
<application display_value="Global">global</application>
<category>customer</category>
<comments/>
<name>sys_ui_section_6ec4888edb228b00a8a37dfdae9619cf</name>
<payload><![CDATA[<?xml version="1.0" encoding="UTF-8"?><record_update><sys_ui_section caption=" Plans" section_id="6ec4888edb228b00a8a37dfdae9619cf" sys_domain="409c30addb8e8f0066e6f2f5ab9619e3" table="change_request" version="3" view=""><sys_ui_element action="INSERT_OR_UPDATE"><element>.begin_split</element><position>0</position><sys_created_by>shweta.hegde@capgemini.com</sys_created_by><sys_created_on>2018-01-22 15:45:40</sys_created_on><sys_id>3b0b2fb1dbffcf00a8a37dfdae96196b</sys_id><sys_mod_count>0</sys_mod_count><sys_ui_formatter/><sys_ui_section caption=" Plans" display_value=" Plans" name="change_request" sys_domain="409c30addb8e8f0066e6f2f5ab9619e3" view="Default view">6ec4888edb228b00a8a37dfdae9619cf</sys_ui_section><sys_updated_by>shweta.hegde@capgemini.com</sys_updated_by><sys_updated_on>2018-01-22 15:45:40</sys_updated_on><sys_user/><type>.begin_split</type></sys_ui_element><sys_ui_element action="INSERT_OR_UPDATE"><element>requested_by_date</element><position>1</position><sys_created_by>shweta.hegde@capgemini.com</sys_created_by><sys_created_on>2018-01-22 15:45:40</sys_created_on><sys_id>330b6fb1dbffcf00a8a37dfdae96194c</sys_id><sys_mod_count>0</sys_mod_count><sys_ui_formatter/><sys_ui_section caption=" Plans" display_value=" Plans" name="change_request" sys_domain="409c30addb8e8f0066e6f2f5ab9619e3" view="Default view">6ec4888edb228b00a8a37dfdae9619cf</sys_ui_section><sys_updated_by>shweta.hegde@capgemini.com</sys_updated_by><sys_updated_on>2018-01-22 15:45:40</sys_updated_on><sys_user/><type/></sys_ui_element><sys_ui_element action="INSERT_OR_UPDATE"><element>start_date</element><position>2</position><sys_created_by>shweta.hegde@capgemini.com</sys_created_by><sys_created_on>2018-01-22 15:45:40</sys_created_on><sys_id>b30b6fb1dbffcf00a8a37dfdae96194c</sys_id><sys_mod_count>0</sys_mod_count><sys_ui_formatter/><sys_ui_section caption=" Plans" display_value=" Plans" name="change_request" sys_domain="409c30addb8e8f0066e6f2f5ab9619e3" view="Default view">6ec4888edb228b00a8a37dfdae9619cf</sys_ui_section><sys_updated_by>shweta.hegde@capgemini.com</sys_updated_by><sys_updated_on>2018-01-22 15:45:40</sys_updated_on><sys_user/><type/></sys_ui_element><sys_ui_element action="INSERT_OR_UPDATE"><element>end_date</element><position>3</position><sys_created_by>shweta.hegde@capgemini.com</sys_created_by><sys_created_on>2018-01-22 15:45:40</sys_created_on><sys_id>370b6fb1dbffcf00a8a37dfdae96194c</sys_id><sys_mod_count>0</sys_mod_count><sys_ui_formatter/><sys_ui_section caption=" Plans" display_value=" Plans" name="change_request" sys_domain="409c30addb8e8f0066e6f2f5ab9619e3" view="Default view">6ec4888edb228b00a8a37dfdae9619cf</sys_ui_section><sys_updated_by>shweta.hegde@capgemini.com</sys_updated_by><sys_updated_on>2018-01-22 15:45:40</sys_updated_on><sys_user/><type/></sys_ui_element><sys_ui_element action="INSERT_OR_UPDATE"><element>.split</element><position>4</position><sys_created_by>shweta.hegde@capgemini.com</sys_created_by><sys_created_on>2018-01-22 15:45:40</sys_created_on><sys_id>b70b6fb1dbffcf00a8a37dfdae96194c</sys_id><sys_mod_count>0</sys_mod_count><sys_ui_formatter/><sys_ui_section caption=" Plans" display_value=" Plans" name="change_request" sys_domain="409c30addb8e8f0066e6f2f5ab9619e3" view="Default view">6ec4888edb228b00a8a37dfdae9619cf</sys_ui_section><sys_updated_by>shweta.hegde@capgemini.com</sys_updated_by><sys_updated_on>2018-01-22 15:45:40</sys_updated_on><sys_user/><type>.split</type></sys_ui_element><sys_ui_element action="INSERT_OR_UPDATE"><element>u_actual_start_date</element><position>5</position><sys_created_by>shweta.hegde@capgemini.com</sys_created_by><sys_created_on>2018-01-22 15:45:40</sys_created_on><sys_id>3b0b6fb1dbffcf00a8a37dfdae96194c</sys_id><sys_mod_count>0</sys_mod_count><sys_ui_formatter/><sys_ui_section caption=" Plans" display_value=" Plans" name="change_request" sys_domain="409c30addb8e8f0066e6f2f5ab9619e3" view="Default view">6ec4888edb228b00a8a37dfdae9619cf</sys_ui_section><sys_updated_by>shweta.hegde@capgemini.com</sys_updated_by><sys_updated_on>2018-01-22 15:45:40</sys_updated_on><sys_user/><type/></sys_ui_element><sys_ui_element action="INSERT_OR_UPDATE"><element>u_actual_end_date</element><position>6</position><sys_created_by>shweta.hegde@capgemini.com</sys_created_by><sys_created_on>2018-01-22 15:45:40</sys_created_on><sys_id>bb0b6fb1dbffcf00a8a37dfdae96194c</sys_id><sys_mod_count>0</sys_mod_count><sys_ui_formatter/><sys_ui_section caption=" Plans" display_value=" Plans" name="change_request" sys_domain="409c30addb8e8f0066e6f2f5ab9619e3" view="Default view">6ec4888edb228b00a8a37dfdae9619cf</sys_ui_section><sys_updated_by>shweta.hegde@capgemini.com</sys_updated_by><sys_updated_on>2018-01-22 15:45:40</sys_updated_on><sys_user/><type/></sys_ui_element><sys_ui_element action="INSERT_OR_UPDATE"><element>.end_split</element><position>7</position><sys_created_by>shweta.hegde@capgemini.com</sys_created_by><sys_created_on>2018-01-22 15:45:40</sys_created_on><sys_id>3f0b6fb1dbffcf00a8a37dfdae96194c</sys_id><sys_mod_count>0</sys_mod_count><sys_ui_formatter/><sys_ui_section caption=" Plans" display_value=" Plans" name="change_request" sys_domain="409c30addb8e8f0066e6f2f5ab9619e3" view="Default view">6ec4888edb228b00a8a37dfdae9619cf</sys_ui_section><sys_updated_by>shweta.hegde@capgemini.com</sys_updated_by><sys_updated_on>2018-01-22 15:45:40</sys_updated_on><sys_user/><type>.end_split</type></sys_ui_element><sys_ui_element action="INSERT_OR_UPDATE"><element>.begin_split</element><position>8</position><sys_created_by>shweta.hegde@capgemini.com</sys_created_by><sys_created_on>2018-01-22 15:45:40</sys_created_on><sys_id>bf0b6fb1dbffcf00a8a37dfdae96194c</sys_id><sys_mod_count>0</sys_mod_count><sys_ui_formatter/><sys_ui_section caption=" Plans" display_value=" Plans" name="change_request" sys_domain="409c30addb8e8f0066e6f2f5ab9619e3" view="Default view">6ec4888edb228b00a8a37dfdae9619cf</sys_ui_section><sys_updated_by>shweta.hegde@capgemini.com</sys_updated_by><sys_updated_on>2018-01-22 15:45:40</sys_updated_on><sys_user/><type>.begin_split</type></sys_ui_element><sys_ui_element action="INSERT_OR_UPDATE"><element>cab_recommendation</element><position>9</position><sys_created_by>shweta.hegde@capgemini.com</sys_created_by><sys_created_on>2018-01-22 15:45:40</sys_created_on><sys_id>330b6fb1dbffcf00a8a37dfdae96194d</sys_id><sys_mod_count>0</sys_mod_count><sys_ui_formatter/><sys_ui_section caption=" Plans" display_value=" Plans" name="change_request" sys_domain="409c30addb8e8f0066e6f2f5ab9619e3" view="Default view">6ec4888edb228b00a8a37dfdae9619cf</sys_ui_section><sys_updated_by>shweta.hegde@capgemini.com</sys_updated_by><sys_updated_on>2018-01-22 15:45:40</sys_updated_on><sys_user/><type/></sys_ui_element><sys_ui_element action="INSERT_OR_UPDATE"><element>.split</element><position>10</position><sys_created_by>shweta.hegde@capgemini.com</sys_created_by><sys_created_on>2018-01-22 15:45:40</sys_created_on><sys_id>b30b6fb1dbffcf00a8a37dfdae96194d</sys_id><sys_mod_count>0</sys_mod_count><sys_ui_formatter/><sys_ui_section caption=" Plans" display_value=" Plans" name="change_request" sys_domain="409c30addb8e8f0066e6f2f5ab9619e3" view="Default view">6ec4888edb228b00a8a37dfdae9619cf</sys_ui_section><sys_updated_by>shweta.hegde@capgemini.com</sys_updated_by><sys_updated_on>2018-01-22 15:45:40</sys_updated_on><sys_user/><type>.split</type></sys_ui_element><sys_ui_element action="INSERT_OR_UPDATE"><element>cab_date</element><position>11</position><sys_created_by>shweta.hegde@capgemini.com</sys_created_by><sys_created_on>2018-01-22 15:45:40</sys_created_on><sys_id>370b6fb1dbffcf00a8a37dfdae96194d</sys_id><sys_mod_count>0</sys_mod_count><sys_ui_formatter/><sys_ui_section caption=" Plans" display_value=" Plans" name="change_request" sys_domain="409c30addb8e8f0066e6f2f5ab9619e3" view="Default view">6ec4888edb228b00a8a37dfdae9619cf</sys_ui_section><sys_updated_by>shweta.hegde@capgemini.com</sys_updated_by><sys_updated_on>2018-01-22 15:45:40</sys_updated_on><sys_user/><type/></sys_ui_element><sys_ui_element action="INSERT_OR_UPDATE"><element>.end_split</element><position>12</position><sys_created_by>shweta.hegde@capgemini.com</sys_created_by><sys_created_on>2018-01-22 15:45:40</sys_created_on><sys_id>b70b6fb1dbffcf00a8a37dfdae96194d</sys_id><sys_mod_count>0</sys_mod_count><sys_ui_formatter/><sys_ui_section caption=" Plans" display_value=" Plans" name="change_request" sys_domain="409c30addb8e8f0066e6f2f5ab9619e3" view="Default view">6ec4888edb228b00a8a37dfdae9619cf</sys_ui_section><sys_updated_by>shweta.hegde@capgemini.com</sys_updated_by><sys_updated_on>2018-01-22 15:45:40</sys_updated_on><sys_user/><type>.end_split</type></sys_ui_element><sys_ui_section action="INSERT_OR_UPDATE"><caption> Plans</caption><header>false</header><name>change_request</name><roles/><sys_class_name>sys_ui_section</sys_class_name><sys_created_by>rkulshreshtha</sys_created_by><sys_created_on>2017-11-21 14:19:35</sys_created_on><sys_customer_update>true</sys_customer_update><sys_domain>409c30addb8e8f0066e6f2f5ab9619e3</sys_domain><sys_domain_path>!!!/!!D/</sys_domain_path><sys_id>6ec4888edb228b00a8a37dfdae9619cf</sys_id><sys_mod_count>4</sys_mod_count><sys_name> Plans</sys_name><sys_overrides display_value="">global</sys_overrides><sys_package display_value="Global" source="global">global</sys_package><sys_policy/><sys_replace_on_upgrade>false</sys_replace_on_upgrade><sys_scope display_value="Global">global</sys_scope><sys_update_name>sys_ui_section_6ec4888edb228b00a8a37dfdae9619cf</sys_update_name><sys_updated_by>shweta.hegde@capgemini.com</sys_updated_by><sys_updated_on>2018-01-22 10:28:54</sys_updated_on><sys_user/><title>false</title><view display_value="Default view" name="NULL">Default view</view><view_name/></sys_ui_section></sys_ui_section></record_update>]]></payload>
<remote_update_set display_value="A&amp;W Change Management - SH - V6">67185b9fdba4dfc0a8a37dfdae9619e6</remote_update_set>
<replace_on_upgrade>false</replace_on_upgrade>
<sys_created_by>shweta.hegde@capgemini.com</sys_created_by>
<sys_created_on>2018-03-05 13:00:53</sys_created_on>
<sys_id>6b185b9fdba4dfc0a8a37dfdae9619e6</sys_id>
<sys_mod_count>0</sys_mod_count>
<sys_updated_by>shweta.hegde@capgemini.com</sys_updated_by>
<sys_updated_on>2018-03-05 13:00:53</sys_updated_on>
<table>change_request</table>
<target_name>Change Request</target_name>
<type>Form Layout</type>
<update_domain>409c30addb8e8f0066e6f2f5ab9619e3</update_domain>
<update_set display_value=""/>
<view/>
</sys_update_xml>
</unload>
