<?xml version="1.0" encoding="UTF-8"?>
<unload unload_date="2018-03-08 10:05:12">
<sys_remote_update_set action="INSERT_OR_UPDATE">
<application display_value="Global">global</application>
<application_name>Global</application_name>
<application_scope>global</application_scope>
<application_version/>
<collisions/>
<commit_date/>
<deleted/>
<description/>
<inserted/>
<name>A&amp;W Change Management - SH - V3</name>
<origin_sys_id/>
<release_date/>
<remote_sys_id>9a7f5e3d13738f003a8e56022244b0e2</remote_sys_id>
<state>loaded</state>
<summary/>
<sys_class_name>sys_remote_update_set</sys_class_name>
<sys_created_by>virag.shah@capgemini.com</sys_created_by>
<sys_created_on>2018-03-08 10:05:11</sys_created_on>
<sys_id>9bac8e980f341fc0c6da563be1050edc</sys_id>
<sys_mod_count>0</sys_mod_count>
<sys_updated_by>virag.shah@capgemini.com</sys_updated_by>
<sys_updated_on>2018-03-08 10:05:11</sys_updated_on>
<update_set display_value=""/>
<update_source display_value=""/>
<updated/>
</sys_remote_update_set>
<sys_update_xml action="INSERT_OR_UPDATE">
<action/>
<application display_value=""/>
<category/>
<comments/>
<name>sys_ui_action_3854de35dbb30f002dfc78a6ae9619da</name>
<payload>&lt;?xml version="1.0" encoding="UTF-8"?&gt;&lt;record_update sys_domain="409c30addb8e8f0066e6f2f5ab9619e3" table="sys_ui_action"&gt;&lt;sys_ui_action action="INSERT_OR_UPDATE"&gt;&lt;action_name/&gt;&lt;active&gt;true&lt;/active&gt;&lt;client&gt;false&lt;/client&gt;&lt;comments/&gt;&lt;condition&gt;gs.hasRole('itil') &amp;amp;&amp;amp; gs.getUser().getCompanyID() != 'd78279a10dc8854021c95abfbe6d5799'&lt;/condition&gt;&lt;form_action&gt;true&lt;/form_action&gt;&lt;form_button&gt;false&lt;/form_button&gt;&lt;form_context_menu&gt;true&lt;/form_context_menu&gt;&lt;form_link&gt;false&lt;/form_link&gt;&lt;hint/&gt;&lt;list_action&gt;false&lt;/list_action&gt;&lt;list_banner_button&gt;false&lt;/list_banner_button&gt;&lt;list_button&gt;false&lt;/list_button&gt;&lt;list_choice&gt;false&lt;/list_choice&gt;&lt;list_context_menu&gt;false&lt;/list_context_menu&gt;&lt;list_link&gt;false&lt;/list_link&gt;&lt;list_save_with_form_button&gt;false&lt;/list_save_with_form_button&gt;&lt;name&gt;Close Change&lt;/name&gt;&lt;onclick/&gt;&lt;order&gt;100&lt;/order&gt;&lt;script&gt;&lt;![CDATA[current.state=75;
 current.update();]]&gt;&lt;/script&gt;&lt;show_insert&gt;true&lt;/show_insert&gt;&lt;show_multiple_update&gt;false&lt;/show_multiple_update&gt;&lt;show_query&gt;false&lt;/show_query&gt;&lt;show_update&gt;true&lt;/show_update&gt;&lt;sys_class_name&gt;sys_ui_action&lt;/sys_class_name&gt;&lt;sys_created_by&gt;shweta.hegde@capgemini.com&lt;/sys_created_by&gt;&lt;sys_created_on&gt;2018-01-22 09:26:42&lt;/sys_created_on&gt;&lt;sys_customer_update&gt;true&lt;/sys_customer_update&gt;&lt;sys_domain&gt;409c30addb8e8f0066e6f2f5ab9619e3&lt;/sys_domain&gt;&lt;sys_domain_path&gt;!!!/!!D/&lt;/sys_domain_path&gt;&lt;sys_id&gt;3854de35dbb30f002dfc78a6ae9619da&lt;/sys_id&gt;&lt;sys_mod_count&gt;1&lt;/sys_mod_count&gt;&lt;sys_name&gt;Close Change&lt;/sys_name&gt;&lt;sys_overrides display_value="Close Change"&gt;6e27f6b0c611228e010cdf5991423e0e&lt;/sys_overrides&gt;&lt;sys_package display_value="Global" source="global"&gt;global&lt;/sys_package&gt;&lt;sys_policy/&gt;&lt;sys_replace_on_upgrade&gt;false&lt;/sys_replace_on_upgrade&gt;&lt;sys_scope display_value="Global"&gt;global&lt;/sys_scope&gt;&lt;sys_update_name&gt;sys_ui_action_3854de35dbb30f002dfc78a6ae9619da&lt;/sys_update_name&gt;&lt;sys_updated_by&gt;shweta.hegde@capgemini.com&lt;/sys_updated_by&gt;&lt;sys_updated_on&gt;2018-01-22 09:27:44&lt;/sys_updated_on&gt;&lt;table&gt;change_request&lt;/table&gt;&lt;u_relate/&gt;&lt;u_relate_table/&gt;&lt;ui11_compatible&gt;true&lt;/ui11_compatible&gt;&lt;ui16_compatible&gt;false&lt;/ui16_compatible&gt;&lt;/sys_ui_action&gt;&lt;/record_update&gt;</payload>
<remote_update_set display_value="A&amp;W Change Management - SH - V3">9bac8e980f341fc0c6da563be1050edc</remote_update_set>
<replace_on_upgrade>false</replace_on_upgrade>
<sys_created_by>virag.shah@capgemini.com</sys_created_by>
<sys_created_on>2018-03-08 10:05:11</sys_created_on>
<sys_id>13ac8e980f341fc0c6da563be1050edf</sys_id>
<sys_mod_count>0</sys_mod_count>
<sys_updated_by>virag.shah@capgemini.com</sys_updated_by>
<sys_updated_on>2018-03-08 10:05:11</sys_updated_on>
<table/>
<target_name/>
<type/>
<update_domain/>
<update_set display_value=""/>
<view/>
</sys_update_xml>
<sys_update_xml action="INSERT_OR_UPDATE">
<action/>
<application display_value=""/>
<category/>
<comments/>
<name>sys_choice_change_request_type</name>
<payload><![CDATA[<?xml version="1.0" encoding="UTF-8"?><record_update><sys_choice action="INSERT_OR_UPDATE" field="type" table="change_request" version="3"><sys_choice action="INSERT_OR_UPDATE"><dependent_value/><element>type</element><hint/><inactive>false</inactive><label>Rotina</label><language>pt</language><name>change_request</name><sequence>1</sequence><sys_created_by>sanaik</sys_created_by><sys_created_on>2017-11-01 15:45:50</sys_created_on><sys_domain>global</sys_domain><sys_domain_path>/</sys_domain_path><sys_id>f2b89567db8243002dfc78a6ae96190f</sys_id><sys_mod_count>0</sys_mod_count><sys_updated_by>sanaik</sys_updated_by><sys_updated_on>2017-11-01 15:45:50</sys_updated_on><u_mcd_dependent_category/><value>Routine</value></sys_choice><sys_choice action="INSERT_OR_UPDATE"><dependent_value/><element>type</element><hint/><inactive>false</inactive><label>Routine</label><language>it</language><name>change_request</name><sequence>1</sequence><sys_created_by>ssarathkumar</sys_created_by><sys_created_on>2014-11-14 08:35:15</sys_created_on><sys_domain>global</sys_domain><sys_domain_path>/</sys_domain_path><sys_id>1464267e109431004fc7e91af664c0cd</sys_id><sys_mod_count>0</sys_mod_count><sys_updated_by>ssarathkumar</sys_updated_by><sys_updated_on>2014-11-14 08:35:15</sys_updated_on><u_mcd_dependent_category/><value>Routine</value></sys_choice><sys_choice action="INSERT_OR_UPDATE"><dependent_value/><element>type</element><hint/><inactive>false</inactive><label>Routine</label><language>en</language><name>change_request</name><sequence>1</sequence><sys_created_by>glide.maint</sys_created_by><sys_created_on>2010-01-13 06:53:50</sys_created_on><sys_domain>global</sys_domain><sys_domain_path>/</sys_domain_path><sys_id>2675a8984a36230601ecb08bc0202f86</sys_id><sys_mod_count>0</sys_mod_count><sys_updated_by>glide.maint</sys_updated_by><sys_updated_on>2010-01-13 06:53:50</sys_updated_on><u_mcd_dependent_category/><value>Routine</value></sys_choice><sys_choice action="INSERT_OR_UPDATE"><dependent_value/><element>type</element><hint/><inactive>false</inactive><label>Routine</label><language>de</language><name>change_request</name><sequence>1</sequence><sys_created_by>ssarathkumar</sys_created_by><sys_created_on>2014-11-14 07:43:24</sys_created_on><sys_domain>global</sys_domain><sys_domain_path>/</sys_domain_path><sys_id>28885ef220d83d00976cd5854792c394</sys_id><sys_mod_count>0</sys_mod_count><sys_updated_by>ssarathkumar</sys_updated_by><sys_updated_on>2014-11-14 07:43:24</sys_updated_on><u_mcd_dependent_category/><value>Routine</value></sys_choice><sys_choice action="INSERT_OR_UPDATE"><dependent_value/><element>type</element><hint/><inactive>false</inactive><label>Routine</label><language>fr</language><name>change_request</name><sequence>1</sequence><sys_created_by>maskaramitesh@gmail.com</sys_created_by><sys_created_on>2011-04-28 08:15:43</sys_created_on><sys_domain>global</sys_domain><sys_domain_path>/</sys_domain_path><sys_id>9b2d89170a0a3c6a0195839e87acbedb</sys_id><sys_mod_count>0</sys_mod_count><sys_updated_by>maskaramitesh@gmail.com</sys_updated_by><sys_updated_on>2011-04-28 08:15:43</sys_updated_on><u_mcd_dependent_category/><value>Routine</value></sys_choice><sys_choice action="INSERT_OR_UPDATE"><dependent_value/><element>type</element><hint/><inactive>false</inactive><label>Rutina</label><language>es</language><name>change_request</name><sequence>1</sequence><sys_created_by>maskaramitesh@gmail.com</sys_created_by><sys_created_on>2011-04-27 11:06:33</sys_created_on><sys_domain>global</sys_domain><sys_domain_path>/</sys_domain_path><sys_id>96a3951f0a0a3c6a00bc284dbe859593</sys_id><sys_mod_count>0</sys_mod_count><sys_updated_by>maskaramitesh@gmail.com</sys_updated_by><sys_updated_on>2011-04-27 11:06:33</sys_updated_on><u_mcd_dependent_category/><value>Routine</value></sys_choice><sys_choice action="INSERT_OR_UPDATE"><dependent_value/><element>type</element><hint/><inactive>false</inactive><label>Estándar</label><language>es</language><name>change_request</name><sequence>1</sequence><sys_created_by>system</sys_created_by><sys_created_on>2016-08-07 10:39:01</sys_created_on><sys_domain>global</sys_domain><sys_domain_path>/</sys_domain_path><sys_id>df7d29de4f092200787a04c85210c7ff</sys_id><sys_mod_count>0</sys_mod_count><sys_updated_by>system</sys_updated_by><sys_updated_on>2016-08-07 10:39:01</sys_updated_on><u_mcd_dependent_category/><value>standard</value></sys_choice><sys_choice action="INSERT_OR_UPDATE"><dependent_value/><element>type</element><hint/><inactive>false</inactive><label>Normal</label><language>pt</language><name>change_request</name><sequence>1</sequence><sys_created_by>sanaik</sys_created_by><sys_created_on>2017-11-01 15:51:00</sys_created_on><sys_domain>global</sys_domain><sys_domain_path>/</sys_domain_path><sys_id>e2e959abdb8243002dfc78a6ae9619a1</sys_id><sys_mod_count>0</sys_mod_count><sys_updated_by>sanaik</sys_updated_by><sys_updated_on>2017-11-01 15:51:00</sys_updated_on><u_mcd_dependent_category/><value>standard</value></sys_choice><sys_choice action="INSERT_OR_UPDATE"><dependent_value/><element>type</element><hint/><inactive>false</inactive><label>Standard</label><language>fr</language><name>change_request</name><sequence>1</sequence><sys_created_by>system</sys_created_by><sys_created_on>2016-08-07 08:07:05</sys_created_on><sys_domain>global</sys_domain><sys_domain_path>/</sys_domain_path><sys_id>a5ba4d924f452200787a04c85210c7a6</sys_id><sys_mod_count>0</sys_mod_count><sys_updated_by>system</sys_updated_by><sys_updated_on>2016-08-07 08:07:05</sys_updated_on><u_mcd_dependent_category/><value>standard</value></sys_choice><sys_choice action="INSERT_OR_UPDATE"><dependent_value/><element>type</element><hint/><inactive>false</inactive><label>Standard</label><language>de</language><name>change_request</name><sequence>1</sequence><sys_created_by>system</sys_created_by><sys_created_on>2016-08-07 09:01:01</sys_created_on><sys_domain>global</sys_domain><sys_domain_path>/</sys_domain_path><sys_id>bb07555e4f852200787a04c85210c72e</sys_id><sys_mod_count>0</sys_mod_count><sys_updated_by>system</sys_updated_by><sys_updated_on>2016-08-07 09:01:01</sys_updated_on><u_mcd_dependent_category/><value>standard</value></sys_choice><sys_choice action="INSERT_OR_UPDATE"><dependent_value/><element>type</element><hint/><inactive>false</inactive><label>Standard</label><language>it</language><name>change_request</name><sequence>1</sequence><sys_created_by>system</sys_created_by><sys_created_on>2017-10-01 07:59:48</sys_created_on><sys_domain>global</sys_domain><sys_domain_path>/</sys_domain_path><sys_id>c2c4806ddb210300dbf2fb37bf961977</sys_id><sys_mod_count>0</sys_mod_count><sys_updated_by>system</sys_updated_by><sys_updated_on>2017-10-01 07:59:48</sys_updated_on><u_mcd_dependent_category/><value>standard</value></sys_choice><sys_choice action="INSERT_OR_UPDATE"><dependent_value/><element>type</element><hint/><inactive>true</inactive><label>Abrangente</label><language>pt</language><name>change_request</name><sequence>2</sequence><sys_created_by>sanaik</sys_created_by><sys_created_on>2017-11-01 15:45:50</sys_created_on><sys_domain>global</sys_domain><sys_domain_path>/</sys_domain_path><sys_id>3ab89567db8243002dfc78a6ae961913</sys_id><sys_mod_count>0</sys_mod_count><sys_updated_by>sanaik</sys_updated_by><sys_updated_on>2017-11-01 15:45:50</sys_updated_on><u_mcd_dependent_category/><value>Comprehensive</value></sys_choice><sys_choice action="INSERT_OR_UPDATE"><dependent_value/><element>type</element><hint/><inactive>true</inactive><label>Complet</label><language>fr</language><name>change_request</name><sequence>2</sequence><sys_created_by>maskaramitesh@gmail.com</sys_created_by><sys_created_on>2011-04-28 08:15:42</sys_created_on><sys_domain>global</sys_domain><sys_domain_path>/</sys_domain_path><sys_id>9b2d84590a0a3c6a0011e3b9f81a6c89</sys_id><sys_mod_count>1</sys_mod_count><sys_updated_by>system</sys_updated_by><sys_updated_on>2017-10-01 11:07:39</sys_updated_on><u_mcd_dependent_category/><value>Comprehensive</value></sys_choice><sys_choice action="INSERT_OR_UPDATE"><dependent_value/><element>type</element><hint/><inactive>true</inactive><label>Completo</label><language>it</language><name>change_request</name><sequence>2</sequence><sys_created_by>ssarathkumar</sys_created_by><sys_created_on>2014-11-14 08:35:15</sys_created_on><sys_domain>global</sys_domain><sys_domain_path>/</sys_domain_path><sys_id>9464267e109431004fc7e91af664c0ce</sys_id><sys_mod_count>0</sys_mod_count><sys_updated_by>ssarathkumar</sys_updated_by><sys_updated_on>2014-11-14 08:35:15</sys_updated_on><u_mcd_dependent_category/><value>Comprehensive</value></sys_choice><sys_choice action="INSERT_OR_UPDATE"><dependent_value/><element>type</element><hint/><inactive>true</inactive><label>Completo</label><language>es</language><name>change_request</name><sequence>2</sequence><sys_created_by>maskaramitesh@gmail.com</sys_created_by><sys_created_on>2011-04-27 11:06:32</sys_created_on><sys_domain>global</sys_domain><sys_domain_path>/</sys_domain_path><sys_id>96a3913e0a0a3c6a003066bb9805b5ab</sys_id><sys_mod_count>1</sys_mod_count><sys_updated_by>system</sys_updated_by><sys_updated_on>2017-10-01 09:02:58</sys_updated_on><u_mcd_dependent_category/><value>Comprehensive</value></sys_choice><sys_choice action="INSERT_OR_UPDATE"><dependent_value/><element>type</element><hint/><inactive>false</inactive><label>Comprehensive</label><language>en</language><name>change_request</name><sequence>2</sequence><sys_created_by>glide.maint</sys_created_by><sys_created_on>2010-01-13 06:53:50</sys_created_on><sys_domain>global</sys_domain><sys_domain_path>/</sys_domain_path><sys_id>2675a8984a362306003aa1bfb99cec98</sys_id><sys_mod_count>0</sys_mod_count><sys_updated_by>glide.maint</sys_updated_by><sys_updated_on>2010-01-13 06:53:50</sys_updated_on><u_mcd_dependent_category/><value>Comprehensive</value></sys_choice><sys_choice action="INSERT_OR_UPDATE"><dependent_value/><element>type</element><hint/><inactive>true</inactive><label>Umfassend</label><language>de</language><name>change_request</name><sequence>2</sequence><sys_created_by>ssarathkumar</sys_created_by><sys_created_on>2014-11-14 07:43:24</sys_created_on><sys_domain>global</sys_domain><sys_domain_path>/</sys_domain_path><sys_id>a8885ef220d83d00976cd5854792c395</sys_id><sys_mod_count>0</sys_mod_count><sys_updated_by>ssarathkumar</sys_updated_by><sys_updated_on>2014-11-14 07:43:24</sys_updated_on><u_mcd_dependent_category/><value>Comprehensive</value></sys_choice><sys_choice action="INSERT_OR_UPDATE"><dependent_value/><element>type</element><hint/><inactive>false</inactive><label>Normal</label><language>de</language><name>change_request</name><sequence>2</sequence><sys_created_by>system</sys_created_by><sys_created_on>2016-08-07 09:01:01</sys_created_on><sys_domain>global</sys_domain><sys_domain_path>/</sys_domain_path><sys_id>3707555e4f852200787a04c85210c72f</sys_id><sys_mod_count>0</sys_mod_count><sys_updated_by>system</sys_updated_by><sys_updated_on>2016-08-07 09:01:01</sys_updated_on><u_mcd_dependent_category/><value>normal</value></sys_choice><sys_choice action="INSERT_OR_UPDATE"><dependent_value/><element>type</element><hint/><inactive>false</inactive><label>Normal</label><language>pt</language><name>change_request</name><sequence>2</sequence><sys_created_by>sanaik</sys_created_by><sys_created_on>2017-11-01 15:51:00</sys_created_on><sys_domain>global</sys_domain><sys_domain_path>/</sys_domain_path><sys_id>aae959abdb8243002dfc78a6ae961994</sys_id><sys_mod_count>0</sys_mod_count><sys_updated_by>sanaik</sys_updated_by><sys_updated_on>2017-11-01 15:51:00</sys_updated_on><u_mcd_dependent_category/><value>normal</value></sys_choice><sys_choice action="INSERT_OR_UPDATE"><dependent_value/><element>type</element><hint/><inactive>false</inactive><label>Normale</label><language>it</language><name>change_request</name><sequence>2</sequence><sys_created_by>system</sys_created_by><sys_created_on>2016-08-07 09:51:45</sys_created_on><sys_domain>global</sys_domain><sys_domain_path>/</sys_domain_path><sys_id>3aa2a1924f092200787a04c85210c7d2</sys_id><sys_mod_count>0</sys_mod_count><sys_updated_by>system</sys_updated_by><sys_updated_on>2016-08-07 09:51:45</sys_updated_on><u_mcd_dependent_category/><value>normal</value></sys_choice><sys_choice action="INSERT_OR_UPDATE"><dependent_value/><element>type</element><hint/><inactive>false</inactive><label>Emergência</label><language>pt</language><name>change_request</name><sequence>3</sequence><sys_created_by>sanaik</sys_created_by><sys_created_on>2017-11-01 15:45:50</sys_created_on><sys_domain>global</sys_domain><sys_domain_path>/</sys_domain_path><sys_id>7eb89567db8243002dfc78a6ae961917</sys_id><sys_mod_count>1</sys_mod_count><sys_updated_by>sanaik</sys_updated_by><sys_updated_on>2017-11-01 15:51:22</sys_updated_on><u_mcd_dependent_category/><value>emergency</value></sys_choice><sys_choice action="INSERT_OR_UPDATE"><dependent_value/><element>type</element><hint/><inactive>false</inactive><label>Emergencia</label><language>es</language><name>change_request</name><sequence>3</sequence><sys_created_by>maskaramitesh@gmail.com</sys_created_by><sys_created_on>2011-04-27 11:06:32</sys_created_on><sys_domain>global</sys_domain><sys_domain_path>/</sys_domain_path><sys_id>96a391db0a0a3c6a00bbfc57d4a7b782</sys_id><sys_mod_count>1</sys_mod_count><sys_updated_by>system</sys_updated_by><sys_updated_on>2017-10-01 09:09:38</sys_updated_on><u_mcd_dependent_category/><value>emergency</value></sys_choice><sys_choice action="INSERT_OR_UPDATE"><dependent_value/><element>type</element><hint/><inactive>false</inactive><label>Emergency</label><language>en</language><name>change_request</name><sequence>3</sequence><sys_created_by>glide.maint</sys_created_by><sys_created_on>2010-01-13 06:53:50</sys_created_on><sys_domain>global</sys_domain><sys_domain_path>/</sys_domain_path><sys_id>2675a8984a362306015116340f9ffa00</sys_id><sys_mod_count>0</sys_mod_count><sys_updated_by>glide.maint</sys_updated_by><sys_updated_on>2010-01-13 06:53:50</sys_updated_on><u_mcd_dependent_category/><value>Emergency</value></sys_choice><sys_choice action="INSERT_OR_UPDATE"><dependent_value/><element>type</element><hint/><inactive>false</inactive><label>Emergenza</label><language>it</language><name>change_request</name><sequence>3</sequence><sys_created_by>ssarathkumar</sys_created_by><sys_created_on>2014-11-14 08:35:15</sys_created_on><sys_domain>global</sys_domain><sys_domain_path>/</sys_domain_path><sys_id>1864267e109431004fc7e91af664c0cf</sys_id><sys_mod_count>1</sys_mod_count><sys_updated_by>system</sys_updated_by><sys_updated_on>2017-10-01 07:59:48</sys_updated_on><u_mcd_dependent_category/><value>emergency</value></sys_choice><sys_choice action="INSERT_OR_UPDATE"><dependent_value/><element>type</element><hint/><inactive>false</inactive><label>Notfall</label><language>de</language><name>change_request</name><sequence>3</sequence><sys_created_by>ssarathkumar</sys_created_by><sys_created_on>2014-11-14 07:43:24</sys_created_on><sys_domain>global</sys_domain><sys_domain_path>/</sys_domain_path><sys_id>2c885ef220d83d00976cd5854792c396</sys_id><sys_mod_count>1</sys_mod_count><sys_updated_by>system</sys_updated_by><sys_updated_on>2017-10-01 10:15:22</sys_updated_on><u_mcd_dependent_category/><value>emergency</value></sys_choice><sys_choice action="INSERT_OR_UPDATE"><dependent_value/><element>type</element><hint/><inactive>false</inactive><label>Urgence</label><language>fr</language><name>change_request</name><sequence>3</sequence><sys_created_by>maskaramitesh@gmail.com</sys_created_by><sys_created_on>2011-04-28 08:15:42</sys_created_on><sys_domain>global</sys_domain><sys_domain_path>/</sys_domain_path><sys_id>9b2d84df0a0a3c6a004ec9167c559570</sys_id><sys_mod_count>1</sys_mod_count><sys_updated_by>system</sys_updated_by><sys_updated_on>2017-10-01 11:13:11</sys_updated_on><u_mcd_dependent_category/><value>emergency</value></sys_choice><sys_choice action="INSERT_OR_UPDATE"><dependent_value/><element>type</element><hint/><inactive>true</inactive><label>Routine</label><language>en</language><name>change_request</name><sequence>0</sequence><sys_created_by>rkulshreshtha</sys_created_by><sys_created_on>2017-11-22 16:47:43</sys_created_on><sys_domain>409c30addb8e8f0066e6f2f5ab9619e3</sys_domain><sys_domain_path>!!!/!!D/</sys_domain_path><sys_id>96407d12db2a8b002dfc78a6ae9619d5</sys_id><sys_mod_count>2</sys_mod_count><sys_updated_by>rkulshreshtha</sys_updated_by><sys_updated_on>2017-11-22 16:49:21</sys_updated_on><u_mcd_dependent_category/><value>Routine</value></sys_choice><sys_choice action="INSERT_OR_UPDATE"><dependent_value/><element>type</element><hint/><inactive>true</inactive><label>Comprehensive</label><language>en</language><name>change_request</name><sequence>1</sequence><sys_created_by>rkulshreshtha</sys_created_by><sys_created_on>2017-11-22 16:47:44</sys_created_on><sys_domain>409c30addb8e8f0066e6f2f5ab9619e3</sys_domain><sys_domain_path>!!!/!!D/</sys_domain_path><sys_id>5a403552db2a8b002dfc78a6ae9619e5</sys_id><sys_mod_count>4</sys_mod_count><sys_updated_by>rkulshreshtha</sys_updated_by><sys_updated_on>2017-11-24 12:39:05</sys_updated_on><u_mcd_dependent_category/><value>Comprehensive</value></sys_choice><sys_choice action="INSERT_OR_UPDATE"><dependent_value/><element>type</element><hint/><inactive>false</inactive><label>Normal</label><language>en</language><name>change_request</name><sequence>1</sequence><sys_created_by>rkulshreshtha</sys_created_by><sys_created_on>2017-11-24 12:35:27</sys_created_on><sys_domain>409c30addb8e8f0066e6f2f5ab9619e3</sys_domain><sys_domain_path>!!!/!!D/</sys_domain_path><sys_id>d8a9433edbe28f00a8a37dfdae961930</sys_id><sys_mod_count>2</sys_mod_count><sys_updated_by>shweta.hegde@capgemini.com</sys_updated_by><sys_updated_on>2018-01-22 09:17:55</sys_updated_on><u_mcd_dependent_category/><value>normal</value></sys_choice><sys_choice action="INSERT_OR_UPDATE"><dependent_value/><element>type</element><hint/><inactive>true</inactive><label>Emergency</label><language>en</language><name>change_request</name><sequence>2</sequence><sys_created_by>rkulshreshtha</sys_created_by><sys_created_on>2017-11-22 16:47:44</sys_created_on><sys_domain>409c30addb8e8f0066e6f2f5ab9619e3</sys_domain><sys_domain_path>!!!/!!D/</sys_domain_path><sys_id>9e403552db2a8b002dfc78a6ae9619e9</sys_id><sys_mod_count>4</sys_mod_count><sys_updated_by>rkulshreshtha</sys_updated_by><sys_updated_on>2017-11-24 12:34:32</sys_updated_on><u_mcd_dependent_category/><value>Emergency</value></sys_choice><sys_choice action="INSERT_OR_UPDATE"><dependent_value/><element>type</element><hint/><inactive>false</inactive><label>Standard</label><language>en</language><name>change_request</name><sequence>2</sequence><sys_created_by>rkulshreshtha</sys_created_by><sys_created_on>2017-11-24 12:36:10</sys_created_on><sys_domain>409c30addb8e8f0066e6f2f5ab9619e3</sys_domain><sys_domain_path>!!!/!!D/</sys_domain_path><sys_id>89e987fadbe28f00a8a37dfdae96198e</sys_id><sys_mod_count>2</sys_mod_count><sys_updated_by>shweta.hegde@capgemini.com</sys_updated_by><sys_updated_on>2018-01-22 09:18:01</sys_updated_on><u_mcd_dependent_category/><value>standard</value></sys_choice><sys_choice action="INSERT_OR_UPDATE"><dependent_value/><element>type</element><hint/><inactive>false</inactive><label>Emergency</label><language>en</language><name>change_request</name><sequence>3</sequence><sys_created_by>rkulshreshtha</sys_created_by><sys_created_on>2017-11-24 12:36:44</sys_created_on><sys_domain>409c30addb8e8f0066e6f2f5ab9619e3</sys_domain><sys_domain_path>!!!/!!D/</sys_domain_path><sys_id>d90a8ffadbe28f00a8a37dfdae9619a4</sys_id><sys_mod_count>2</sys_mod_count><sys_updated_by>shweta.hegde@capgemini.com</sys_updated_by><sys_updated_on>2018-01-22 09:18:07</sys_updated_on><u_mcd_dependent_category/><value>emergency</value></sys_choice><sys_choice action="INSERT_OR_UPDATE"><dependent_value/><element>type</element><hint/><inactive>false</inactive><label>Standard</label><language>en</language><name>change_request</name><sequence>0</sequence><sys_created_by>revanth.muni@capgemini.com</sys_created_by><sys_created_on>2018-01-10 13:43:41</sys_created_on><sys_domain>537e0ed8db074780a8a37dfdae96190a</sys_domain><sys_domain_path>!!#/</sys_domain_path><sys_id>3b0c51cadb6b0300a8a37dfdae96196b</sys_id><sys_mod_count>3</sys_mod_count><sys_updated_by>revanth.muni@capgemini.com</sys_updated_by><sys_updated_on>2018-01-10 13:44:13</sys_updated_on><u_mcd_dependent_category/><value>Standard</value></sys_choice><sys_choice action="INSERT_OR_UPDATE"><dependent_value/><element>type</element><hint/><inactive>false</inactive><label>Normal</label><language>en</language><name>change_request</name><sequence>1</sequence><sys_created_by>revanth.muni@capgemini.com</sys_created_by><sys_created_on>2018-01-10 13:43:41</sys_created_on><sys_domain>537e0ed8db074780a8a37dfdae96190a</sys_domain><sys_domain_path>!!#/</sys_domain_path><sys_id>770c91cadb6b0300a8a37dfdae961943</sys_id><sys_mod_count>1</sys_mod_count><sys_updated_by>revanth.muni@capgemini.com</sys_updated_by><sys_updated_on>2018-01-10 13:44:28</sys_updated_on><u_mcd_dependent_category/><value>Normal</value></sys_choice><sys_choice action="INSERT_OR_UPDATE"><dependent_value/><element>type</element><hint/><inactive>false</inactive><label>Emergency</label><language>en</language><name>change_request</name><sequence>2</sequence><sys_created_by>revanth.muni@capgemini.com</sys_created_by><sys_created_on>2018-01-10 13:43:41</sys_created_on><sys_domain>537e0ed8db074780a8a37dfdae96190a</sys_domain><sys_domain_path>!!#/</sys_domain_path><sys_id>b30c51cadb6b0300a8a37dfdae961967</sys_id><sys_mod_count>0</sys_mod_count><sys_updated_by>revanth.muni@capgemini.com</sys_updated_by><sys_updated_on>2018-01-10 13:43:41</sys_updated_on><u_mcd_dependent_category/><value>Emergency</value></sys_choice><sys_choice action="INSERT_OR_UPDATE"><dependent_value/><element>type</element><hint/><inactive>false</inactive><label>Normal</label><language>en</language><name>change_request</name><sequence>0</sequence><sys_created_by>milind.h@churchdwight.com</sys_created_by><sys_created_on>2010-06-21 21:38:44</sys_created_on><sys_domain>81c95b467f00000100692b999b7482ab</sys_domain><sys_domain_path>!!!/!!./</sys_domain_path><sys_id>5c72f4590a0a3c6a00bd66da151d81e2</sys_id><sys_mod_count>1</sys_mod_count><sys_updated_by>Aniket.Sawant@churchdwight.com</sys_updated_by><sys_updated_on>2011-12-20 09:51:37</sys_updated_on><u_mcd_dependent_category/><value>Normal</value></sys_choice><sys_choice action="INSERT_OR_UPDATE"><dependent_value/><element>type</element><hint/><inactive>true</inactive><label>Routine</label><language>en</language><name>change_request</name><sequence>0</sequence><sys_created_by>milind.h@churchdwight.com</sys_created_by><sys_created_on>2010-06-21 21:38:44</sys_created_on><sys_domain>81c95b467f00000100692b999b7482ab</sys_domain><sys_domain_path>!!!/!!./</sys_domain_path><sys_id>5c72f4640a0a3c6a009f6ab317d560a1</sys_id><sys_mod_count>7</sys_mod_count><sys_updated_by>Lena.Gonteski@churchdwight.com</sys_updated_by><sys_updated_on>2012-05-15 23:28:52</sys_updated_on><u_mcd_dependent_category/><value>Routine</value></sys_choice><sys_choice action="INSERT_OR_UPDATE"><dependent_value/><element>type</element><hint/><inactive>false</inactive><label>Major</label><language>en</language><name>change_request</name><sequence>1</sequence><sys_created_by>milind.h@churchdwight.com</sys_created_by><sys_created_on>2010-06-21 21:38:44</sys_created_on><sys_domain>81c95b467f00000100692b999b7482ab</sys_domain><sys_domain_path>!!!/!!./</sys_domain_path><sys_id>5c72f44e0a0a3c6a011330b628af8801</sys_id><sys_mod_count>2</sys_mod_count><sys_updated_by>Aniket.Sawant@churchdwight.com</sys_updated_by><sys_updated_on>2011-12-20 09:51:37</sys_updated_on><u_mcd_dependent_category/><value>Major</value></sys_choice><sys_choice action="INSERT_OR_UPDATE"><dependent_value/><element>type</element><hint/><inactive>false</inactive><label>Routine</label><language>fr</language><name>change_request</name><sequence>1</sequence><sys_created_by>maskaramitesh@gmail.com</sys_created_by><sys_created_on>2011-04-29 12:59:23</sys_created_on><sys_domain>81c95b467f00000100692b999b7482ab</sys_domain><sys_domain_path>!!!/!!./</sys_domain_path><sys_id>a1579ad50a0a3c6a01f879a2e60662f6</sys_id><sys_mod_count>0</sys_mod_count><sys_updated_by>maskaramitesh@gmail.com</sys_updated_by><sys_updated_on>2011-04-29 12:59:23</sys_updated_on><u_mcd_dependent_category/><value>Routine</value></sys_choice><sys_choice action="INSERT_OR_UPDATE"><dependent_value/><element>type</element><hint/><inactive>false</inactive><label>Rutina</label><language>es</language><name>change_request</name><sequence>1</sequence><sys_created_by>maskaramitesh@gmail.com</sys_created_by><sys_created_on>2011-04-29 12:46:28</sys_created_on><sys_domain>81c95b467f00000100692b999b7482ab</sys_domain><sys_domain_path>!!!/!!./</sys_domain_path><sys_id>a14bc54a0a0a3c6a0181a54ddf03bd89</sys_id><sys_mod_count>0</sys_mod_count><sys_updated_by>maskaramitesh@gmail.com</sys_updated_by><sys_updated_on>2011-04-29 12:46:28</sys_updated_on><u_mcd_dependent_category/><value>Routine</value></sys_choice><sys_choice action="INSERT_OR_UPDATE"><dependent_value/><element>type</element><hint/><inactive>false</inactive><label>Emergency</label><language>en</language><name>change_request</name><sequence>2</sequence><sys_created_by>milind.h@churchdwight.com</sys_created_by><sys_created_on>2010-06-21 21:38:44</sys_created_on><sys_domain>81c95b467f00000100692b999b7482ab</sys_domain><sys_domain_path>!!!/!!./</sys_domain_path><sys_id>5c72f45b0a0a3c6a00da6376353571fe</sys_id><sys_mod_count>2</sys_mod_count><sys_updated_by>Aniket.Sawant@churchdwight.com</sys_updated_by><sys_updated_on>2011-12-20 09:51:37</sys_updated_on><u_mcd_dependent_category/><value>Emergency</value></sys_choice><sys_choice action="INSERT_OR_UPDATE"><dependent_value/><element>type</element><hint/><inactive>false</inactive><label>Normal</label><language>es</language><name>change_request</name><sequence>2</sequence><sys_created_by>maskaramitesh@gmail.com</sys_created_by><sys_created_on>2011-04-29 12:46:28</sys_created_on><sys_domain>81c95b467f00000100692b999b7482ab</sys_domain><sys_domain_path>!!!/!!./</sys_domain_path><sys_id>a14bc4ff0a0a3c6a018fa80b25a072a6</sys_id><sys_mod_count>1</sys_mod_count><sys_updated_by>system</sys_updated_by><sys_updated_on>2016-08-07 10:39:01</sys_updated_on><u_mcd_dependent_category/><value>normal</value></sys_choice><sys_choice action="INSERT_OR_UPDATE"><dependent_value/><element>type</element><hint/><inactive>false</inactive><label>Normal</label><language>fr</language><name>change_request</name><sequence>2</sequence><sys_created_by>maskaramitesh@gmail.com</sys_created_by><sys_created_on>2011-04-29 12:59:23</sys_created_on><sys_domain>81c95b467f00000100692b999b7482ab</sys_domain><sys_domain_path>!!!/!!./</sys_domain_path><sys_id>a1579aa80a0a3c6a0175d1debc1b772e</sys_id><sys_mod_count>1</sys_mod_count><sys_updated_by>system</sys_updated_by><sys_updated_on>2016-08-07 08:07:05</sys_updated_on><u_mcd_dependent_category/><value>normal</value></sys_choice><sys_choice action="INSERT_OR_UPDATE"><dependent_value/><element>type</element><hint/><inactive>false</inactive><label>Emergencia</label><language>es</language><name>change_request</name><sequence>3</sequence><sys_created_by>maskaramitesh@gmail.com</sys_created_by><sys_created_on>2011-04-29 12:46:27</sys_created_on><sys_domain>81c95b467f00000100692b999b7482ab</sys_domain><sys_domain_path>!!!/!!./</sys_domain_path><sys_id>a14bc4710a0a3c6a00afcbeff5c86fc0</sys_id><sys_mod_count>0</sys_mod_count><sys_updated_by>maskaramitesh@gmail.com</sys_updated_by><sys_updated_on>2011-04-29 12:46:27</sys_updated_on><u_mcd_dependent_category/><value>Emergency</value></sys_choice><sys_choice action="INSERT_OR_UPDATE"><dependent_value/><element>type</element><hint/><inactive>false</inactive><label>Urgence</label><language>fr</language><name>change_request</name><sequence>3</sequence><sys_created_by>maskaramitesh@gmail.com</sys_created_by><sys_created_on>2011-04-29 12:59:23</sys_created_on><sys_domain>81c95b467f00000100692b999b7482ab</sys_domain><sys_domain_path>!!!/!!./</sys_domain_path><sys_id>a1579afc0a0a3c6a0037a6ea622ee307</sys_id><sys_mod_count>0</sys_mod_count><sys_updated_by>maskaramitesh@gmail.com</sys_updated_by><sys_updated_on>2011-04-29 12:59:23</sys_updated_on><u_mcd_dependent_category/><value>Emergency</value></sys_choice><sys_choice action="INSERT_OR_UPDATE"><dependent_value/><element>type</element><hint/><inactive>false</inactive><label>TCAB Exempt</label><language>en</language><name>change_request</name><sequence>3</sequence><sys_created_by>milind.h@churchdwight.com</sys_created_by><sys_created_on>2010-06-21 21:38:44</sys_created_on><sys_domain>81c95b467f00000100692b999b7482ab</sys_domain><sys_domain_path>!!!/!!./</sys_domain_path><sys_id>5c72f45f0a0a3c6a00ccb54953c7beec</sys_id><sys_mod_count>4</sys_mod_count><sys_updated_by>Venkata.Mamidi@churchdwight.com</sys_updated_by><sys_updated_on>2013-11-01 10:28:18</sys_updated_on><u_mcd_dependent_category/><value>TCAB Exempt</value></sys_choice><sys_choice action="INSERT_OR_UPDATE"><dependent_value/><element>type</element><hint/><inactive>false</inactive><label>hypercare</label><language>es</language><name>change_request</name><sequence>4</sequence><sys_created_by>Lena.Gonteski@churchdwight.com</sys_created_by><sys_created_on>2012-05-15 23:37:05</sys_created_on><sys_domain>81c95b467f00000100692b999b7482ab</sys_domain><sys_domain_path>!!!/!!./</sys_domain_path><sys_id>d8ff3f01c80ae48c8c701ef74cf40de6</sys_id><sys_mod_count>5</sys_mod_count><sys_updated_by>Lena.Gonteski@churchdwight.com</sys_updated_by><sys_updated_on>2012-05-15 23:56:56</sys_updated_on><u_mcd_dependent_category/><value>Hypercare</value></sys_choice><sys_choice action="INSERT_OR_UPDATE"><dependent_value/><element>type</element><hint/><inactive>false</inactive><label>Sub-Major</label><language>en</language><name>change_request</name><sequence>4</sequence><sys_created_by>Aniket.Sawant@churchdwight.com</sys_created_by><sys_created_on>2012-09-26 07:49:57</sys_created_on><sys_domain>81c95b467f00000100692b999b7482ab</sys_domain><sys_domain_path>!!!/!!./</sys_domain_path><sys_id>19abe20cdd30344405d66541791194b4</sys_id><sys_mod_count>0</sys_mod_count><sys_updated_by>Aniket.Sawant@churchdwight.com</sys_updated_by><sys_updated_on>2012-09-26 07:49:57</sys_updated_on><u_mcd_dependent_category/><value>Sub-Major</value></sys_choice><sys_choice action="INSERT_OR_UPDATE"><dependent_value/><element>type</element><hint/><inactive>false</inactive><label>Hypercare</label><language>en</language><name>change_request</name><sequence>5</sequence><sys_created_by>Aniket.Sawant@churchdwight.com</sys_created_by><sys_created_on>2011-12-20 09:51:37</sys_created_on><sys_domain>81c95b467f00000100692b999b7482ab</sys_domain><sys_domain_path>!!!/!!./</sys_domain_path><sys_id>cc00c83d2c8794488c7038b77dce05a3</sys_id><sys_mod_count>1</sys_mod_count><sys_updated_by>Aniket.Sawant@churchdwight.com</sys_updated_by><sys_updated_on>2012-09-26 07:49:57</sys_updated_on><u_mcd_dependent_category/><value>Hypercare</value></sys_choice><sys_choice action="INSERT_OR_UPDATE"><dependent_value/><element>type</element><hint/><inactive>false</inactive><label>Majeur</label><language>fr</language><name>change_request</name><sequence>11</sequence><sys_created_by>maskaramitesh@gmail.com</sys_created_by><sys_created_on>2011-04-29 12:59:23</sys_created_on><sys_domain>81c95b467f00000100692b999b7482ab</sys_domain><sys_domain_path>!!!/!!./</sys_domain_path><sys_id>a1579b240a0a3c6a0052e82b6354a450</sys_id><sys_mod_count>0</sys_mod_count><sys_updated_by>maskaramitesh@gmail.com</sys_updated_by><sys_updated_on>2011-04-29 12:59:23</sys_updated_on><u_mcd_dependent_category/><value>Major</value></sys_choice><sys_choice action="INSERT_OR_UPDATE"><dependent_value/><element>type</element><hint/><inactive>false</inactive><label>Mayor</label><language>es</language><name>change_request</name><sequence>11</sequence><sys_created_by>maskaramitesh@gmail.com</sys_created_by><sys_created_on>2011-04-29 12:46:28</sys_created_on><sys_domain>81c95b467f00000100692b999b7482ab</sys_domain><sys_domain_path>!!!/!!./</sys_domain_path><sys_id>a14bc4da0a0a3c6a010dac4de5c53c77</sys_id><sys_mod_count>0</sys_mod_count><sys_updated_by>maskaramitesh@gmail.com</sys_updated_by><sys_updated_on>2011-04-29 12:46:28</sys_updated_on><u_mcd_dependent_category/><value>Major</value></sys_choice><sys_choice action="INSERT_OR_UPDATE"><dependent_value/><element>type</element><hint/><inactive>false</inactive><label>Déjà autorisé</label><language>fr</language><name>change_request</name><sequence>14</sequence><sys_created_by>maskaramitesh@gmail.com</sys_created_by><sys_created_on>2011-04-29 12:59:23</sys_created_on><sys_domain>81c95b467f00000100692b999b7482ab</sys_domain><sys_domain_path>!!!/!!./</sys_domain_path><sys_id>a1579b560a0a3c6a009314112cf1e04c</sys_id><sys_mod_count>1</sys_mod_count><sys_updated_by>Venkata.Mamidi@churchdwight.com</sys_updated_by><sys_updated_on>2013-11-01 10:28:18</sys_updated_on><u_mcd_dependent_category/><value>TCAB Exempt</value></sys_choice><sys_choice action="INSERT_OR_UPDATE"><dependent_value/><element>type</element><hint/><inactive>false</inactive><label>Pre-probado</label><language>es</language><name>change_request</name><sequence>14</sequence><sys_created_by>maskaramitesh@gmail.com</sys_created_by><sys_created_on>2011-04-29 12:46:28</sys_created_on><sys_domain>81c95b467f00000100692b999b7482ab</sys_domain><sys_domain_path>!!!/!!./</sys_domain_path><sys_id>a14bc5220a0a3c6a00475c56e328e92b</sys_id><sys_mod_count>1</sys_mod_count><sys_updated_by>Venkata.Mamidi@churchdwight.com</sys_updated_by><sys_updated_on>2013-11-01 10:28:17</sys_updated_on><u_mcd_dependent_category/><value>TCAB Exempt</value></sys_choice><sys_choice action="INSERT_OR_UPDATE"><dependent_value/><element>type</element><hint/><inactive>true</inactive><label>Routine</label><language>en</language><name>change_request</name><sequence>0</sequence><sys_created_by>shyama.sarathkumar@patni.com</sys_created_by><sys_created_on>2011-11-07 09:57:45</sys_created_on><sys_domain>8d7edc93ac19d4448c70450336bf1f7e</sys_domain><sys_domain_path>!!!/!!1/</sys_domain_path><sys_id>ae95eafb2c06dc808c7038b77dce0562</sys_id><sys_mod_count>0</sys_mod_count><sys_updated_by>shyama.sarathkumar@patni.com</sys_updated_by><sys_updated_on>2011-11-07 09:57:45</sys_updated_on><u_mcd_dependent_category/><value>Routine</value></sys_choice><sys_choice action="INSERT_OR_UPDATE"><dependent_value/><element>type</element><hint/><inactive>false</inactive><label>Standard</label><language>en</language><name>change_request</name><sequence>0</sequence><sys_created_by>shyama.sarathkumar@patni.com</sys_created_by><sys_created_on>2011-11-07 09:57:45</sys_created_on><sys_domain>8d7edc93ac19d4448c70450336bf1f7e</sys_domain><sys_domain_path>!!!/!!1/</sys_domain_path><sys_id>2295eafb2c06dc808c7038b77dce0561</sys_id><sys_mod_count>0</sys_mod_count><sys_updated_by>shyama.sarathkumar@patni.com</sys_updated_by><sys_updated_on>2011-11-07 09:57:45</sys_updated_on><u_mcd_dependent_category/><value>Standard</value></sys_choice><sys_choice action="INSERT_OR_UPDATE"><dependent_value/><element>type</element><hint/><inactive>true</inactive><label>Comprehensive</label><language>en</language><name>change_request</name><sequence>1</sequence><sys_created_by>shyama.sarathkumar@patni.com</sys_created_by><sys_created_on>2011-11-07 09:57:45</sys_created_on><sys_domain>8d7edc93ac19d4448c70450336bf1f7e</sys_domain><sys_domain_path>!!!/!!1/</sys_domain_path><sys_id>6695eafb2c06dc808c7038b77dce0563</sys_id><sys_mod_count>0</sys_mod_count><sys_updated_by>shyama.sarathkumar@patni.com</sys_updated_by><sys_updated_on>2011-11-07 09:57:45</sys_updated_on><u_mcd_dependent_category/><value>Comprehensive</value></sys_choice><sys_choice action="INSERT_OR_UPDATE"><dependent_value/><element>type</element><hint/><inactive>false</inactive><label>Normal</label><language>en</language><name>change_request</name><sequence>1</sequence><sys_created_by>shyama.sarathkumar@patni.com</sys_created_by><sys_created_on>2011-11-07 09:57:45</sys_created_on><sys_domain>8d7edc93ac19d4448c70450336bf1f7e</sys_domain><sys_domain_path>!!!/!!1/</sys_domain_path><sys_id>2a95eafb2c06dc808c7038b77dce0561</sys_id><sys_mod_count>0</sys_mod_count><sys_updated_by>shyama.sarathkumar@patni.com</sys_updated_by><sys_updated_on>2011-11-07 09:57:45</sys_updated_on><u_mcd_dependent_category/><value>Normal</value></sys_choice><sys_choice action="INSERT_OR_UPDATE"><dependent_value/><element>type</element><hint/><inactive>false</inactive><label>Expedited</label><language>en</language><name>change_request</name><sequence>2</sequence><sys_created_by>shyama.sarathkumar@patni.com</sys_created_by><sys_created_on>2011-11-07 09:57:45</sys_created_on><sys_domain>8d7edc93ac19d4448c70450336bf1f7e</sys_domain><sys_domain_path>!!!/!!1/</sys_domain_path><sys_id>2295eafb2c06dc808c7038b77dce0562</sys_id><sys_mod_count>0</sys_mod_count><sys_updated_by>shyama.sarathkumar@patni.com</sys_updated_by><sys_updated_on>2011-11-07 09:57:45</sys_updated_on><u_mcd_dependent_category/><value>Expedited</value></sys_choice><sys_choice action="INSERT_OR_UPDATE"><dependent_value/><element>type</element><hint/><inactive>false</inactive><label>Emergency</label><language>en</language><name>change_request</name><sequence>3</sequence><sys_created_by>shyama.sarathkumar@patni.com</sys_created_by><sys_created_on>2011-11-07 09:57:45</sys_created_on><sys_domain>8d7edc93ac19d4448c70450336bf1f7e</sys_domain><sys_domain_path>!!!/!!1/</sys_domain_path><sys_id>e695eafb2c06dc808c7038b77dce0562</sys_id><sys_mod_count>0</sys_mod_count><sys_updated_by>shyama.sarathkumar@patni.com</sys_updated_by><sys_updated_on>2011-11-07 09:57:45</sys_updated_on><u_mcd_dependent_category/><value>Emergency</value></sys_choice><sys_choice action="INSERT_OR_UPDATE"><dependent_value/><element>type</element><hint/><inactive>false</inactive><label>Standard</label><language>en</language><name>change_request</name><sequence>1</sequence><sys_created_by>ketan.bhagwat@igate.com</sys_created_by><sys_created_on>2014-10-21 13:13:39</sys_created_on><sys_domain>7e45188d95a22100b8fbaf4c7e17bcbc</sys_domain><sys_domain_path>!!!/!!+/</sys_domain_path><sys_id>20fdb30be077a100b8fb56072254c86c</sys_id><sys_mod_count>1</sys_mod_count><sys_updated_by>ketan.bhagwat@igate.com</sys_updated_by><sys_updated_on>2014-10-21 13:18:50</sys_updated_on><u_mcd_dependent_category/><value>Standard</value></sys_choice><sys_choice action="INSERT_OR_UPDATE"><dependent_value/><element>type</element><hint/><inactive>false</inactive><label>Emergency</label><language>en</language><name>change_request</name><sequence>2</sequence><sys_created_by>ketan.bhagwat@igate.com</sys_created_by><sys_created_on>2014-10-21 13:18:29</sys_created_on><sys_domain>7e45188d95a22100b8fbaf4c7e17bcbc</sys_domain><sys_domain_path>!!!/!!+/</sys_domain_path><sys_id>570fff0be077a100b8fb56072254c8f1</sys_id><sys_mod_count>1</sys_mod_count><sys_updated_by>ketan.bhagwat@igate.com</sys_updated_by><sys_updated_on>2014-10-21 13:18:41</sys_updated_on><u_mcd_dependent_category/><value>Emergency</value></sys_choice><sys_choice action="INSERT_OR_UPDATE"><dependent_value/><element>type</element><hint/><inactive>false</inactive><label>Routine</label><language>en</language><name>change_request</name><sequence>0</sequence><sys_created_by>shyam.k@occm.com</sys_created_by><sys_created_on>2015-06-03 11:11:06</sys_created_on><sys_domain>bf937fe85d184a00efdee878eb0dc7fd</sys_domain><sys_domain_path>!!!/!!*/</sys_domain_path><sys_id>007f426388dc0600046d786c41995438</sys_id><sys_mod_count>101</sys_mod_count><sys_updated_by>ketan.bhagwat@occm.com</sys_updated_by><sys_updated_on>2015-08-19 14:27:59</sys_updated_on><u_mcd_dependent_category/><value>Routine</value></sys_choice><sys_choice action="INSERT_OR_UPDATE"><dependent_value/><element>type</element><hint/><inactive>false</inactive><label>Comprehensive</label><language>en</language><name>change_request</name><sequence>1</sequence><sys_created_by>shyam.k@occm.com</sys_created_by><sys_created_on>2015-06-03 11:11:21</sys_created_on><sys_domain>bf937fe85d184a00efdee878eb0dc7fd</sys_domain><sys_domain_path>!!!/!!*/</sys_domain_path><sys_id>7eafc2ef889c0600046d786c419954e6</sys_id><sys_mod_count>101</sys_mod_count><sys_updated_by>ketan.bhagwat@occm.com</sys_updated_by><sys_updated_on>2015-08-19 14:29:06</sys_updated_on><u_mcd_dependent_category/><value>Comprehensive</value></sys_choice><sys_choice action="INSERT_OR_UPDATE"><dependent_value/><element>type</element><hint/><inactive>false</inactive><label>Emergency</label><language>en</language><name>change_request</name><sequence>2</sequence><sys_created_by>shyam.k@occm.com</sys_created_by><sys_created_on>2015-06-03 11:11:39</sys_created_on><sys_domain>bf937fe85d184a00efdee878eb0dc7fd</sys_domain><sys_domain_path>!!!/!!*/</sys_domain_path><sys_id>d3bf462388dc0600046d786c419954f6</sys_id><sys_mod_count>101</sys_mod_count><sys_updated_by>ketan.bhagwat@occm.com</sys_updated_by><sys_updated_on>2015-08-19 14:26:45</sys_updated_on><u_mcd_dependent_category/><value>Emergency</value></sys_choice><sys_choice action="INSERT_OR_UPDATE"><dependent_value/><element>type</element><hint/><inactive>false</inactive><label>Routine</label><language>en</language><name>change_request</name><sequence>0</sequence><sys_created_by>bhavesh.jain@igate.com</sys_created_by><sys_created_on>2014-11-05 10:41:41</sys_created_on><sys_domain>0fb26284780c7d40efdef2e04d9282a9</sys_domain><sys_domain_path>!!!/!!?/</sys_domain_path><sys_id>ec0be4802b9c3d00efdeac4a89da1510</sys_id><sys_mod_count>0</sys_mod_count><sys_updated_by>bhavesh.jain@igate.com</sys_updated_by><sys_updated_on>2014-11-05 10:41:41</sys_updated_on><u_mcd_dependent_category/><value>Routine</value></sys_choice><sys_choice action="INSERT_OR_UPDATE"><dependent_value/><element>type</element><hint/><inactive>false</inactive><label>Comprehensive</label><language>en</language><name>change_request</name><sequence>1</sequence><sys_created_by>bhavesh.jain@igate.com</sys_created_by><sys_created_on>2014-11-05 10:41:41</sys_created_on><sys_domain>0fb26284780c7d40efdef2e04d9282a9</sys_domain><sys_domain_path>!!!/!!?/</sys_domain_path><sys_id>ac0be4802b9c3d00efdeac4a89da1511</sys_id><sys_mod_count>0</sys_mod_count><sys_updated_by>bhavesh.jain@igate.com</sys_updated_by><sys_updated_on>2014-11-05 10:41:41</sys_updated_on><u_mcd_dependent_category/><value>Comprehensive</value></sys_choice><sys_choice action="INSERT_OR_UPDATE"><dependent_value/><element>type</element><hint/><inactive>false</inactive><label>Emergency</label><language>en</language><name>change_request</name><sequence>2</sequence><sys_created_by>bhavesh.jain@igate.com</sys_created_by><sys_created_on>2014-11-05 10:41:41</sys_created_on><sys_domain>0fb26284780c7d40efdef2e04d9282a9</sys_domain><sys_domain_path>!!!/!!?/</sys_domain_path><sys_id>6c0be4802b9c3d00efdeac4a89da1512</sys_id><sys_mod_count>0</sys_mod_count><sys_updated_by>bhavesh.jain@igate.com</sys_updated_by><sys_updated_on>2014-11-05 10:41:41</sys_updated_on><u_mcd_dependent_category/><value>Emergency</value></sys_choice><sys_choice action="INSERT_OR_UPDATE"><dependent_value/><element>type</element><hint/><inactive>false</inactive><label>Emergency</label><language>en</language><name>change_request</name><sequence>0</sequence><sys_created_by>sagar.pawar@igate.com</sys_created_by><sys_created_on>2013-08-29 17:02:45</sys_created_on><sys_domain>7aa208b825724500e49cb3ea97957974</sys_domain><sys_domain_path>!!!/!!#/</sys_domain_path><sys_id>c5d944b025238540e49cb3ea979579e8</sys_id><sys_mod_count>0</sys_mod_count><sys_updated_by>sagar.pawar@igate.com</sys_updated_by><sys_updated_on>2013-08-29 17:02:45</sys_updated_on><u_mcd_dependent_category/><value>Emergency</value></sys_choice><sys_choice action="INSERT_OR_UPDATE"><dependent_value/><element>type</element><hint/><inactive>false</inactive><label>Normal</label><language>en</language><name>change_request</name><sequence>1</sequence><sys_created_by>sagar.pawar@igate.com</sys_created_by><sys_created_on>2013-08-29 17:02:45</sys_created_on><sys_domain>7aa208b825724500e49cb3ea97957974</sys_domain><sys_domain_path>!!!/!!#/</sys_domain_path><sys_id>c5d944b025238540e49cb3ea979579e9</sys_id><sys_mod_count>0</sys_mod_count><sys_updated_by>sagar.pawar@igate.com</sys_updated_by><sys_updated_on>2013-08-29 17:02:45</sys_updated_on><u_mcd_dependent_category/><value>Normal</value></sys_choice><sys_choice action="INSERT_OR_UPDATE"><dependent_value/><element>type</element><hint/><inactive>false</inactive><label>Standard</label><language>en</language><name>change_request</name><sequence>2</sequence><sys_created_by>sagar.pawar@igate.com</sys_created_by><sys_created_on>2013-08-29 17:02:45</sys_created_on><sys_domain>7aa208b825724500e49cb3ea97957974</sys_domain><sys_domain_path>!!!/!!#/</sys_domain_path><sys_id>45d908b025238540e49cb3ea97957958</sys_id><sys_mod_count>0</sys_mod_count><sys_updated_by>sagar.pawar@igate.com</sys_updated_by><sys_updated_on>2013-08-29 17:02:45</sys_updated_on><u_mcd_dependent_category/><value>Standard</value></sys_choice><sys_choice action="INSERT_OR_UPDATE"><dependent_value/><element>type</element><hint/><inactive>false</inactive><label>Normal</label><language>en</language><name>change_request</name><sequence>1</sequence><sys_created_by>saumya.naik@capgemini.com</sys_created_by><sys_created_on>2016-11-18 07:33:15</sys_created_on><sys_domain>09212ecddbcee200466e5e09af9619c4</sys_domain><sys_domain_path>!!!/!!:/</sys_domain_path><sys_id>f09e171f0f0f22405bc1d23be1050e5b</sys_id><sys_mod_count>2</sys_mod_count><sys_updated_by>saumya.naik@capgemini.com</sys_updated_by><sys_updated_on>2016-11-18 09:09:41</sys_updated_on><u_mcd_dependent_category/><value>normal</value></sys_choice><sys_choice action="INSERT_OR_UPDATE"><dependent_value/><element>type</element><hint/><inactive>false</inactive><label>Standard</label><language>en</language><name>change_request</name><sequence>1</sequence><sys_created_by>saumya.naik@capgemini.com</sys_created_by><sys_created_on>2016-11-18 07:34:31</sys_created_on><sys_domain>09212ecddbcee200466e5e09af9619c4</sys_domain><sys_domain_path>!!!/!!:/</sys_domain_path><sys_id>13de1b1f0f0f22405bc1d23be1050e4d</sys_id><sys_mod_count>2</sys_mod_count><sys_updated_by>saumya.naik@capgemini.com</sys_updated_by><sys_updated_on>2016-11-18 09:09:34</sys_updated_on><u_mcd_dependent_category/><value>standard</value></sys_choice><sys_choice action="INSERT_OR_UPDATE"><dependent_value/><element>type</element><hint/><inactive>false</inactive><label>Emergency</label><language>en</language><name>change_request</name><sequence>2</sequence><sys_created_by>saumya.naik@capgemini.com</sys_created_by><sys_created_on>2016-11-18 07:32:08</sys_created_on><sys_domain>09212ecddbcee200466e5e09af9619c4</sys_domain><sys_domain_path>!!!/!!:/</sys_domain_path><sys_id>be4edbdb0f0f22405bc1d23be1050e60</sys_id><sys_mod_count>4</sys_mod_count><sys_updated_by>saumya.naik@capgemini.com</sys_updated_by><sys_updated_on>2016-11-18 09:09:27</sys_updated_on><u_mcd_dependent_category/><value>emergency</value></sys_choice><sys_choice action="INSERT_OR_UPDATE"><dependent_value/><element>type</element><hint/><inactive>true</inactive><label>Routine</label><language>en</language><name>change_request</name><sequence>0</sequence><sys_created_by>priyanka.kute</sys_created_by><sys_created_on>2015-05-25 09:22:23</sys_created_on><sys_domain>c0ec521878232d00efdef2e04d928247</sys_domain><sys_domain_path>!!!/!!5/</sys_domain_path><sys_id>f260ebe45d944a00efdee878eb0dc789</sys_id><sys_mod_count>0</sys_mod_count><sys_updated_by>priyanka.kute</sys_updated_by><sys_updated_on>2015-05-25 09:22:23</sys_updated_on><u_mcd_dependent_category/><value>Routine</value></sys_choice><sys_choice action="INSERT_OR_UPDATE"><dependent_value/><element>type</element><hint/><inactive>false</inactive><label>Standard Change</label><language>en</language><name>change_request</name><sequence>0</sequence><sys_created_by>revanth.muni</sys_created_by><sys_created_on>2015-06-29 10:38:43</sys_created_on><sys_domain>c0ec521878232d00efdef2e04d928247</sys_domain><sys_domain_path>!!!/!!5/</sys_domain_path><sys_id>42810c8444454a00efde36d46cc76872</sys_id><sys_mod_count>3</sys_mod_count><sys_updated_by>revanth.muni</sys_updated_by><sys_updated_on>2015-06-30 09:28:30</sys_updated_on><u_mcd_dependent_category/><value>Standard Change</value></sys_choice><sys_choice action="INSERT_OR_UPDATE"><dependent_value/><element>type</element><hint/><inactive>true</inactive><label>Comprehensive</label><language>en</language><name>change_request</name><sequence>1</sequence><sys_created_by>priyanka.kute</sys_created_by><sys_created_on>2015-05-25 09:22:23</sys_created_on><sys_domain>c0ec521878232d00efdef2e04d928247</sys_domain><sys_domain_path>!!!/!!5/</sys_domain_path><sys_id>b260ebe45d944a00efdee878eb0dc78a</sys_id><sys_mod_count>0</sys_mod_count><sys_updated_by>priyanka.kute</sys_updated_by><sys_updated_on>2015-05-25 09:22:23</sys_updated_on><u_mcd_dependent_category/><value>Comprehensive</value></sys_choice><sys_choice action="INSERT_OR_UPDATE"><dependent_value/><element>type</element><hint/><inactive>false</inactive><label>Routine Change</label><language>en</language><name>change_request</name><sequence>1</sequence><sys_created_by>revanth.muni</sys_created_by><sys_created_on>2015-06-29 10:38:43</sys_created_on><sys_domain>c0ec521878232d00efdef2e04d928247</sys_domain><sys_domain_path>!!!/!!5/</sys_domain_path><sys_id>c2810c8444454a00efde36d46cc76873</sys_id><sys_mod_count>3</sys_mod_count><sys_updated_by>revanth.muni</sys_updated_by><sys_updated_on>2015-06-30 09:28:37</sys_updated_on><u_mcd_dependent_category/><value>Routine Change</value></sys_choice><sys_choice action="INSERT_OR_UPDATE"><dependent_value/><element>type</element><hint/><inactive>true</inactive><label>Emergency</label><language>en</language><name>change_request</name><sequence>2</sequence><sys_created_by>priyanka.kute</sys_created_by><sys_created_on>2015-05-25 09:22:23</sys_created_on><sys_domain>c0ec521878232d00efdef2e04d928247</sys_domain><sys_domain_path>!!!/!!5/</sys_domain_path><sys_id>7260ebe45d944a00efdee878eb0dc78b</sys_id><sys_mod_count>0</sys_mod_count><sys_updated_by>priyanka.kute</sys_updated_by><sys_updated_on>2015-05-25 09:22:23</sys_updated_on><u_mcd_dependent_category/><value>Emergency</value></sys_choice><sys_choice action="INSERT_OR_UPDATE"><dependent_value/><element>type</element><hint/><inactive>false</inactive><label>Emergency Change</label><language>en</language><name>change_request</name><sequence>2</sequence><sys_created_by>revanth.muni</sys_created_by><sys_created_on>2015-06-29 10:38:43</sys_created_on><sys_domain>c0ec521878232d00efdef2e04d928247</sys_domain><sys_domain_path>!!!/!!5/</sys_domain_path><sys_id>c2810c8444454a00efde36d46cc76874</sys_id><sys_mod_count>2</sys_mod_count><sys_updated_by>revanth.muni</sys_updated_by><sys_updated_on>2015-06-30 09:22:29</sys_updated_on><u_mcd_dependent_category/><value>Emergency Change</value></sys_choice><sys_choice action="INSERT_OR_UPDATE"><dependent_value/><element>type</element><hint/><inactive>true</inactive><label>Standard</label><language>en</language><name>change_request</name><sequence>3</sequence><sys_created_by>priyanka.kute</sys_created_by><sys_created_on>2015-05-25 09:22:23</sys_created_on><sys_domain>c0ec521878232d00efdef2e04d928247</sys_domain><sys_domain_path>!!!/!!5/</sys_domain_path><sys_id>3660ebe45d944a00efdee878eb0dc787</sys_id><sys_mod_count>1</sys_mod_count><sys_updated_by>revanth.muni</sys_updated_by><sys_updated_on>2015-06-29 10:38:43</sys_updated_on><u_mcd_dependent_category/><value>Standard</value></sys_choice><sys_choice action="INSERT_OR_UPDATE"><dependent_value/><element>type</element><hint/><inactive>true</inactive><label>Break Fix</label><language>en</language><name>change_request</name><sequence>4</sequence><sys_created_by>priyanka.kute</sys_created_by><sys_created_on>2015-05-25 09:22:23</sys_created_on><sys_domain>c0ec521878232d00efdef2e04d928247</sys_domain><sys_domain_path>!!!/!!5/</sys_domain_path><sys_id>3660ebe45d944a00efdee878eb0dc788</sys_id><sys_mod_count>1</sys_mod_count><sys_updated_by>revanth.muni</sys_updated_by><sys_updated_on>2015-06-29 10:38:43</sys_updated_on><u_mcd_dependent_category/><value>Break Fix</value></sys_choice><sys_choice action="INSERT_OR_UPDATE"><dependent_value/><element>type</element><hint/><inactive>true</inactive><label>Comprehensive</label><language>en</language><name>change_request</name><sequence>0</sequence><sys_created_by>mitesh.w@patni.com</sys_created_by><sys_created_on>2011-06-02 21:05:52</sys_created_on><sys_domain>674288c80a0a3c6a01cbfcac13250257</sys_domain><sys_domain_path>!!!/!!C/</sys_domain_path><sys_id>522d35ce0a0a3c6a012c85c2b22220f3</sys_id><sys_mod_count>0</sys_mod_count><sys_updated_by>mitesh.w@patni.com</sys_updated_by><sys_updated_on>2011-06-02 21:05:52</sys_updated_on><u_mcd_dependent_category/><value>Comprehensive</value></sys_choice><sys_choice action="INSERT_OR_UPDATE"><dependent_value/><element>type</element><hint/><inactive>false</inactive><label>Routine</label><language>en</language><name>change_request</name><sequence>0</sequence><sys_created_by>mitesh.w@patni.com</sys_created_by><sys_created_on>2011-06-02 21:05:52</sys_created_on><sys_domain>674288c80a0a3c6a01cbfcac13250257</sys_domain><sys_domain_path>!!!/!!C/</sys_domain_path><sys_id>522d35be0a0a3c6a00062f970671f1c9</sys_id><sys_mod_count>0</sys_mod_count><sys_updated_by>mitesh.w@patni.com</sys_updated_by><sys_updated_on>2011-06-02 21:05:52</sys_updated_on><u_mcd_dependent_category/><value>Routine</value></sys_choice><sys_choice action="INSERT_OR_UPDATE"><dependent_value/><element>type</element><hint/><inactive>false</inactive><label>Emergency</label><language>en</language><name>change_request</name><sequence>1</sequence><sys_created_by>mitesh.w@patni.com</sys_created_by><sys_created_on>2011-06-02 21:05:52</sys_created_on><sys_domain>674288c80a0a3c6a01cbfcac13250257</sys_domain><sys_domain_path>!!!/!!C/</sys_domain_path><sys_id>522d35c40a0a3c6a009de22de7bea7a1</sys_id><sys_mod_count>0</sys_mod_count><sys_updated_by>mitesh.w@patni.com</sys_updated_by><sys_updated_on>2011-06-02 21:05:52</sys_updated_on><u_mcd_dependent_category/><value>Emergency</value></sys_choice><sys_choice action="INSERT_OR_UPDATE"><dependent_value/><element>type</element><hint/><inactive>false</inactive><label>Normal</label><language>en</language><name>change_request</name><sequence>2</sequence><sys_created_by>mitesh.w@patni.com</sys_created_by><sys_created_on>2011-06-02 21:05:52</sys_created_on><sys_domain>674288c80a0a3c6a01cbfcac13250257</sys_domain><sys_domain_path>!!!/!!C/</sys_domain_path><sys_id>522d35c80a0a3c6a012a6e40becf919f</sys_id><sys_mod_count>0</sys_mod_count><sys_updated_by>mitesh.w@patni.com</sys_updated_by><sys_updated_on>2011-06-02 21:05:52</sys_updated_on><u_mcd_dependent_category/><value>Normal</value></sys_choice><sys_choice action="INSERT_OR_UPDATE"><dependent_value/><element>type</element><hint/><inactive>false</inactive><label>Urgent</label><language>en</language><name>change_request</name><sequence>3</sequence><sys_created_by>mitesh.w@patni.com</sys_created_by><sys_created_on>2011-06-02 21:05:52</sys_created_on><sys_domain>674288c80a0a3c6a01cbfcac13250257</sys_domain><sys_domain_path>!!!/!!C/</sys_domain_path><sys_id>522d35cc0a0a3c6a00920bb21d7a6dbb</sys_id><sys_mod_count>0</sys_mod_count><sys_updated_by>mitesh.w@patni.com</sys_updated_by><sys_updated_on>2011-06-02 21:05:52</sys_updated_on><u_mcd_dependent_category/><value>Urgent</value></sys_choice><sys_choice_set action="INSERT_OR_UPDATE"><element>type</element><name>change_request</name><sys_class_name>sys_choice_set</sys_class_name><sys_created_by>sumeet.das@occm.com</sys_created_by><sys_created_on>2015-08-22 21:24:55</sys_created_on><sys_customer_update>false</sys_customer_update><sys_id>ae79ec24db1fe640ced07749af9619ec</sys_id><sys_mod_count>24</sys_mod_count><sys_name>type</sys_name><sys_package display_value="Change Request" source="com.snc.change_request">a1f6db14d933300005d6db2ba647b4f2</sys_package><sys_policy/><sys_replace_on_upgrade>false</sys_replace_on_upgrade><sys_scope display_value="Global">global</sys_scope><sys_update_name>sys_choice_change_request_type</sys_update_name><sys_updated_by>shweta.hegde@capgemini.com</sys_updated_by><sys_updated_on>2018-01-22 09:18:01</sys_updated_on></sys_choice_set></sys_choice></record_update>]]></payload>
<remote_update_set display_value="A&amp;W Change Management - SH - V3">9bac8e980f341fc0c6da563be1050edc</remote_update_set>
<replace_on_upgrade>false</replace_on_upgrade>
<sys_created_by>virag.shah@capgemini.com</sys_created_by>
<sys_created_on>2018-03-08 10:05:11</sys_created_on>
<sys_id>53ac8e980f341fc0c6da563be1050ede</sys_id>
<sys_mod_count>0</sys_mod_count>
<sys_updated_by>virag.shah@capgemini.com</sys_updated_by>
<sys_updated_on>2018-03-08 10:05:11</sys_updated_on>
<table/>
<target_name/>
<type/>
<update_domain/>
<update_set display_value=""/>
<view/>
</sys_update_xml>
<sys_update_xml action="INSERT_OR_UPDATE">
<action/>
<application display_value=""/>
<category/>
<comments/>
<name>sys_ui_section_e6bcb40ddbcfc780a8a37dfdae9619b3</name>
<payload><![CDATA[<?xml version="1.0" encoding="UTF-8"?><record_update><sys_ui_section caption="Closure Information" section_id="e6bcb40ddbcfc780a8a37dfdae9619b3" sys_domain="409c30addb8e8f0066e6f2f5ab9619e3" table="change_request" version="3" view=""><sys_ui_element action="INSERT_OR_UPDATE"><element>u_close_code_a_w</element><position>0</position><sys_created_by>shweta.hegde@capgemini.com</sys_created_by><sys_created_on>2018-01-22 10:10:41</sys_created_on><sys_id>cd6e12f1dbf30f002dfc78a6ae96192c</sys_id><sys_mod_count>0</sys_mod_count><sys_ui_formatter/><sys_ui_section caption="Closure Information" display_value="Closure Information" name="change_request" sys_domain="409c30addb8e8f0066e6f2f5ab9619e3" view="Default view">e6bcb40ddbcfc780a8a37dfdae9619b3</sys_ui_section><sys_updated_by>shweta.hegde@capgemini.com</sys_updated_by><sys_updated_on>2018-01-22 10:10:41</sys_updated_on><sys_user/><type/></sys_ui_element><sys_ui_element action="INSERT_OR_UPDATE"><element>close_notes</element><position>1</position><sys_created_by>shweta.hegde@capgemini.com</sys_created_by><sys_created_on>2018-01-22 10:10:41</sys_created_on><sys_id>416e12f1dbf30f002dfc78a6ae96192d</sys_id><sys_mod_count>0</sys_mod_count><sys_ui_formatter/><sys_ui_section caption="Closure Information" display_value="Closure Information" name="change_request" sys_domain="409c30addb8e8f0066e6f2f5ab9619e3" view="Default view">e6bcb40ddbcfc780a8a37dfdae9619b3</sys_ui_section><sys_updated_by>shweta.hegde@capgemini.com</sys_updated_by><sys_updated_on>2018-01-22 10:10:41</sys_updated_on><sys_user/><type/></sys_ui_element><sys_ui_section action="INSERT_OR_UPDATE"><caption>Closure Information</caption><header>false</header><name>change_request</name><roles/><sys_class_name>sys_ui_section</sys_class_name><sys_created_by>shweta.hegde@capgemini.com</sys_created_by><sys_created_on>2017-12-13 12:21:27</sys_created_on><sys_customer_update>true</sys_customer_update><sys_domain>409c30addb8e8f0066e6f2f5ab9619e3</sys_domain><sys_domain_path>!!!/!!D/</sys_domain_path><sys_id>e6bcb40ddbcfc780a8a37dfdae9619b3</sys_id><sys_mod_count>2</sys_mod_count><sys_name>Closure Information</sys_name><sys_overrides display_value="">global</sys_overrides><sys_package display_value="Global" source="global">global</sys_package><sys_policy/><sys_replace_on_upgrade>false</sys_replace_on_upgrade><sys_scope display_value="Global">global</sys_scope><sys_update_name>sys_ui_section_e6bcb40ddbcfc780a8a37dfdae9619b3</sys_update_name><sys_updated_by>shweta.hegde@capgemini.com</sys_updated_by><sys_updated_on>2018-01-22 10:09:09</sys_updated_on><sys_user/><title>false</title><view display_value="Default view" name="NULL">Default view</view><view_name/></sys_ui_section></sys_ui_section></record_update>]]></payload>
<remote_update_set display_value="A&amp;W Change Management - SH - V3">9bac8e980f341fc0c6da563be1050edc</remote_update_set>
<replace_on_upgrade>false</replace_on_upgrade>
<sys_created_by>virag.shah@capgemini.com</sys_created_by>
<sys_created_on>2018-03-08 10:05:11</sys_created_on>
<sys_id>97ac8e980f341fc0c6da563be1050edf</sys_id>
<sys_mod_count>0</sys_mod_count>
<sys_updated_by>virag.shah@capgemini.com</sys_updated_by>
<sys_updated_on>2018-03-08 10:05:11</sys_updated_on>
<table/>
<target_name/>
<type/>
<update_domain/>
<update_set display_value=""/>
<view/>
</sys_update_xml>
<sys_update_xml action="INSERT_OR_UPDATE">
<action/>
<application display_value=""/>
<category/>
<comments/>
<name>sys_ui_section_6ec4888edb228b00a8a37dfdae9619cf</name>
<payload><![CDATA[<?xml version="1.0" encoding="UTF-8"?><record_update><sys_ui_section caption=" Plan" section_id="6ec4888edb228b00a8a37dfdae9619cf" sys_domain="409c30addb8e8f0066e6f2f5ab9619e3" table="change_request" version="3" view=""><sys_ui_element action="INSERT_OR_UPDATE"><element>change_plan</element><position>0</position><sys_created_by>shweta.hegde@capgemini.com</sys_created_by><sys_created_on>2018-01-22 10:10:10</sys_created_on><sys_id>994e5ef1dbf30f002dfc78a6ae96190b</sys_id><sys_mod_count>0</sys_mod_count><sys_ui_formatter/><sys_ui_section caption=" Plan" display_value=" Plan" name="change_request" sys_domain="409c30addb8e8f0066e6f2f5ab9619e3" view="Default view">6ec4888edb228b00a8a37dfdae9619cf</sys_ui_section><sys_updated_by>shweta.hegde@capgemini.com</sys_updated_by><sys_updated_on>2018-01-22 10:10:10</sys_updated_on><sys_user/><type/></sys_ui_element><sys_ui_element action="INSERT_OR_UPDATE"><element>justification</element><position>1</position><sys_created_by>shweta.hegde@capgemini.com</sys_created_by><sys_created_on>2018-01-22 10:10:10</sys_created_on><sys_id>154e5ef1dbf30f002dfc78a6ae96190c</sys_id><sys_mod_count>0</sys_mod_count><sys_ui_formatter/><sys_ui_section caption=" Plan" display_value=" Plan" name="change_request" sys_domain="409c30addb8e8f0066e6f2f5ab9619e3" view="Default view">6ec4888edb228b00a8a37dfdae9619cf</sys_ui_section><sys_updated_by>shweta.hegde@capgemini.com</sys_updated_by><sys_updated_on>2018-01-22 10:10:10</sys_updated_on><sys_user/><type/></sys_ui_element><sys_ui_element action="INSERT_OR_UPDATE"><element>implementation_plan</element><position>2</position><sys_created_by>shweta.hegde@capgemini.com</sys_created_by><sys_created_on>2018-01-22 10:10:10</sys_created_on><sys_id>954e5ef1dbf30f002dfc78a6ae96190c</sys_id><sys_mod_count>0</sys_mod_count><sys_ui_formatter/><sys_ui_section caption=" Plan" display_value=" Plan" name="change_request" sys_domain="409c30addb8e8f0066e6f2f5ab9619e3" view="Default view">6ec4888edb228b00a8a37dfdae9619cf</sys_ui_section><sys_updated_by>shweta.hegde@capgemini.com</sys_updated_by><sys_updated_on>2018-01-22 10:10:10</sys_updated_on><sys_user/><type/></sys_ui_element><sys_ui_element action="INSERT_OR_UPDATE"><element>backout_plan</element><position>3</position><sys_created_by>shweta.hegde@capgemini.com</sys_created_by><sys_created_on>2018-01-22 10:10:10</sys_created_on><sys_id>194e5ef1dbf30f002dfc78a6ae96190c</sys_id><sys_mod_count>0</sys_mod_count><sys_ui_formatter/><sys_ui_section caption=" Plan" display_value=" Plan" name="change_request" sys_domain="409c30addb8e8f0066e6f2f5ab9619e3" view="Default view">6ec4888edb228b00a8a37dfdae9619cf</sys_ui_section><sys_updated_by>shweta.hegde@capgemini.com</sys_updated_by><sys_updated_on>2018-01-22 10:10:10</sys_updated_on><sys_user/><type/></sys_ui_element><sys_ui_element action="INSERT_OR_UPDATE"><element>test_plan</element><position>4</position><sys_created_by>shweta.hegde@capgemini.com</sys_created_by><sys_created_on>2018-01-22 10:10:10</sys_created_on><sys_id>994e5ef1dbf30f002dfc78a6ae96190c</sys_id><sys_mod_count>0</sys_mod_count><sys_ui_formatter/><sys_ui_section caption=" Plan" display_value=" Plan" name="change_request" sys_domain="409c30addb8e8f0066e6f2f5ab9619e3" view="Default view">6ec4888edb228b00a8a37dfdae9619cf</sys_ui_section><sys_updated_by>shweta.hegde@capgemini.com</sys_updated_by><sys_updated_on>2018-01-22 10:10:10</sys_updated_on><sys_user/><type/></sys_ui_element><sys_ui_section action="INSERT_OR_UPDATE"><caption> Plan</caption><header>false</header><name>change_request</name><roles/><sys_class_name>sys_ui_section</sys_class_name><sys_created_by>rkulshreshtha</sys_created_by><sys_created_on>2017-11-21 14:19:35</sys_created_on><sys_customer_update>true</sys_customer_update><sys_domain>409c30addb8e8f0066e6f2f5ab9619e3</sys_domain><sys_domain_path>!!!/!!D/</sys_domain_path><sys_id>6ec4888edb228b00a8a37dfdae9619cf</sys_id><sys_mod_count>3</sys_mod_count><sys_name> Plan</sys_name><sys_overrides display_value="">global</sys_overrides><sys_package display_value="Global" source="global">global</sys_package><sys_policy/><sys_replace_on_upgrade>false</sys_replace_on_upgrade><sys_scope display_value="Global">global</sys_scope><sys_update_name>sys_ui_section_6ec4888edb228b00a8a37dfdae9619cf</sys_update_name><sys_updated_by>shweta.hegde@capgemini.com</sys_updated_by><sys_updated_on>2018-01-22 10:07:58</sys_updated_on><sys_user/><title>false</title><view display_value="Default view" name="NULL">Default view</view><view_name/></sys_ui_section></sys_ui_section></record_update>]]></payload>
<remote_update_set display_value="A&amp;W Change Management - SH - V3">9bac8e980f341fc0c6da563be1050edc</remote_update_set>
<replace_on_upgrade>false</replace_on_upgrade>
<sys_created_by>virag.shah@capgemini.com</sys_created_by>
<sys_created_on>2018-03-08 10:05:11</sys_created_on>
<sys_id>d3ac8e980f341fc0c6da563be1050edf</sys_id>
<sys_mod_count>0</sys_mod_count>
<sys_updated_by>virag.shah@capgemini.com</sys_updated_by>
<sys_updated_on>2018-03-08 10:05:11</sys_updated_on>
<table/>
<target_name/>
<type/>
<update_domain/>
<update_set display_value=""/>
<view/>
</sys_update_xml>
</unload>
