<?xml version="1.0" encoding="UTF-8"?>
<unload unload_date="2018-03-08 10:31:02">
<sys_remote_update_set action="INSERT_OR_UPDATE">
<application display_value="Global">global</application>
<application_name>Global</application_name>
<application_scope>global</application_scope>
<application_version/>
<collisions/>
<commit_date/>
<deleted/>
<description/>
<inserted/>
<name>A&amp;W  Change Management - SH - V16</name>
<origin_sys_id/>
<release_date/>
<remote_sys_id>a0506f5f13e45fc03a8e56022244b0ff</remote_sys_id>
<state>loaded</state>
<summary/>
<sys_class_name>sys_remote_update_set</sys_class_name>
<sys_created_by>virag.shah@capgemini.com</sys_created_by>
<sys_created_on>2018-03-08 10:31:02</sys_created_on>
<sys_id>399212dc0f341fc0c6da563be1050ee9</sys_id>
<sys_mod_count>0</sys_mod_count>
<sys_updated_by>virag.shah@capgemini.com</sys_updated_by>
<sys_updated_on>2018-03-08 10:31:02</sys_updated_on>
<update_set display_value=""/>
<update_source display_value=""/>
<updated/>
</sys_remote_update_set>
<sys_update_xml action="INSERT_OR_UPDATE">
<action/>
<application display_value=""/>
<category/>
<comments/>
<name>sys_ui_policy_action_296d0946db649bc0a8a37dfdae96196d</name>
<payload><![CDATA[<?xml version="1.0" encoding="UTF-8"?><record_update table="sys_ui_policy_action"><sys_ui_policy_action action="INSERT_OR_UPDATE"><disabled>ignore</disabled><field>u_restaurant_aw</field><mandatory>true</mandatory><sys_class_name>sys_ui_policy_action</sys_class_name><sys_created_by>shweta.hegde@capgemini.com</sys_created_by><sys_created_on>2018-03-01 05:43:02</sys_created_on><sys_customer_update>true</sys_customer_update><sys_id>296d0946db649bc0a8a37dfdae96196d</sys_id><sys_mod_count>0</sys_mod_count><sys_name>u_restaurant_aw</sys_name><sys_package display_value="Global" source="global">global</sys_package><sys_policy/><sys_replace_on_upgrade>false</sys_replace_on_upgrade><sys_scope display_value="Global">global</sys_scope><sys_update_name>sys_ui_policy_action_296d0946db649bc0a8a37dfdae96196d</sys_update_name><sys_updated_by>shweta.hegde@capgemini.com</sys_updated_by><sys_updated_on>2018-03-01 05:43:02</sys_updated_on><table>change_request</table><ui_policy display_value="Configuration item mandatory A&amp;W">e3d161a2dbcf4f80a8a37dfdae96193f</ui_policy><visible>ignore</visible></sys_ui_policy_action></record_update>]]></payload>
<remote_update_set display_value="A&amp;W  Change Management - SH - V16">399212dc0f341fc0c6da563be1050ee9</remote_update_set>
<replace_on_upgrade>false</replace_on_upgrade>
<sys_created_by>virag.shah@capgemini.com</sys_created_by>
<sys_created_on>2018-03-08 10:31:02</sys_created_on>
<sys_id>3d9212dc0f341fc0c6da563be1050ee9</sys_id>
<sys_mod_count>0</sys_mod_count>
<sys_updated_by>virag.shah@capgemini.com</sys_updated_by>
<sys_updated_on>2018-03-08 10:31:02</sys_updated_on>
<table/>
<target_name/>
<type/>
<update_domain/>
<update_set display_value=""/>
<view/>
</sys_update_xml>
</unload>
