<?xml version="1.0" encoding="UTF-8"?>
<unload unload_date="2018-03-08 10:05:26">
<sys_remote_update_set action="INSERT_OR_UPDATE">
<application display_value="Global">global</application>
<application_name>Global</application_name>
<application_scope>global</application_scope>
<application_version/>
<collisions/>
<commit_date/>
<deleted/>
<description/>
<inserted/>
<name>A&amp;W Change Management - SH - V4</name>
<origin_sys_id/>
<release_date/>
<remote_sys_id>a22a72bd13b38f003a8e56022244b091</remote_sys_id>
<state>loaded</state>
<summary/>
<sys_class_name>sys_remote_update_set</sys_class_name>
<sys_created_by>virag.shah@capgemini.com</sys_created_by>
<sys_created_on>2018-03-08 10:05:25</sys_created_on>
<sys_id>2ebc0e980f341fc0c6da563be1050e4e</sys_id>
<sys_mod_count>0</sys_mod_count>
<sys_updated_by>virag.shah@capgemini.com</sys_updated_by>
<sys_updated_on>2018-03-08 10:05:25</sys_updated_on>
<update_set display_value=""/>
<update_source display_value=""/>
<updated/>
</sys_remote_update_set>
<sys_update_xml action="INSERT_OR_UPDATE">
<action/>
<application display_value=""/>
<category/>
<comments/>
<name>sys_ui_section_40ce27b9dbee4b00a8a37dfdae961906</name>
<payload><![CDATA[<?xml version="1.0" encoding="UTF-8"?><record_update><sys_ui_section caption="Notes" section_id="40ce27b9dbee4b00a8a37dfdae961906" sys_domain="409c30addb8e8f0066e6f2f5ab9619e3" table="change_request" version="3" view=""><sys_ui_element action="INSERT_OR_UPDATE"><element>.begin_split</element><position>0</position><sys_created_by>shweta.hegde@capgemini.com</sys_created_by><sys_created_on>2018-01-22 10:45:07</sys_created_on><sys_id>d14622f9dbf30f002dfc78a6ae96195c</sys_id><sys_mod_count>0</sys_mod_count><sys_ui_formatter/><sys_ui_section caption="Notes" display_value="Notes" name="change_request" sys_domain="409c30addb8e8f0066e6f2f5ab9619e3" view="Default view">40ce27b9dbee4b00a8a37dfdae961906</sys_ui_section><sys_updated_by>shweta.hegde@capgemini.com</sys_updated_by><sys_updated_on>2018-01-22 10:45:07</sys_updated_on><sys_user/><type>.begin_split</type></sys_ui_element><sys_ui_element action="INSERT_OR_UPDATE"><element>watch_list</element><position>1</position><sys_created_by>shweta.hegde@capgemini.com</sys_created_by><sys_created_on>2018-01-22 10:45:07</sys_created_on><sys_id>554622f9dbf30f002dfc78a6ae96195c</sys_id><sys_mod_count>0</sys_mod_count><sys_ui_formatter/><sys_ui_section caption="Notes" display_value="Notes" name="change_request" sys_domain="409c30addb8e8f0066e6f2f5ab9619e3" view="Default view">40ce27b9dbee4b00a8a37dfdae961906</sys_ui_section><sys_updated_by>shweta.hegde@capgemini.com</sys_updated_by><sys_updated_on>2018-01-22 10:45:07</sys_updated_on><sys_user/><type/></sys_ui_element><sys_ui_element action="INSERT_OR_UPDATE"><element>.split</element><position>2</position><sys_created_by>shweta.hegde@capgemini.com</sys_created_by><sys_created_on>2018-01-22 10:45:07</sys_created_on><sys_id>d54622f9dbf30f002dfc78a6ae96195c</sys_id><sys_mod_count>0</sys_mod_count><sys_ui_formatter/><sys_ui_section caption="Notes" display_value="Notes" name="change_request" sys_domain="409c30addb8e8f0066e6f2f5ab9619e3" view="Default view">40ce27b9dbee4b00a8a37dfdae961906</sys_ui_section><sys_updated_by>shweta.hegde@capgemini.com</sys_updated_by><sys_updated_on>2018-01-22 10:45:07</sys_updated_on><sys_user/><type>.split</type></sys_ui_element><sys_ui_element action="INSERT_OR_UPDATE"><element>.end_split</element><position>3</position><sys_created_by>shweta.hegde@capgemini.com</sys_created_by><sys_created_on>2018-01-22 10:45:07</sys_created_on><sys_id>594622f9dbf30f002dfc78a6ae96195c</sys_id><sys_mod_count>0</sys_mod_count><sys_ui_formatter/><sys_ui_section caption="Notes" display_value="Notes" name="change_request" sys_domain="409c30addb8e8f0066e6f2f5ab9619e3" view="Default view">40ce27b9dbee4b00a8a37dfdae961906</sys_ui_section><sys_updated_by>shweta.hegde@capgemini.com</sys_updated_by><sys_updated_on>2018-01-22 10:45:07</sys_updated_on><sys_user/><type>.end_split</type></sys_ui_element><sys_ui_element action="INSERT_OR_UPDATE"><element>comments</element><position>4</position><sys_created_by>shweta.hegde@capgemini.com</sys_created_by><sys_created_on>2018-01-22 10:45:07</sys_created_on><sys_id>d94622f9dbf30f002dfc78a6ae96195c</sys_id><sys_mod_count>0</sys_mod_count><sys_ui_formatter/><sys_ui_section caption="Notes" display_value="Notes" name="change_request" sys_domain="409c30addb8e8f0066e6f2f5ab9619e3" view="Default view">40ce27b9dbee4b00a8a37dfdae961906</sys_ui_section><sys_updated_by>shweta.hegde@capgemini.com</sys_updated_by><sys_updated_on>2018-01-22 10:45:07</sys_updated_on><sys_user/><type/></sys_ui_element><sys_ui_element action="INSERT_OR_UPDATE"><element>work_notes</element><position>5</position><sys_created_by>shweta.hegde@capgemini.com</sys_created_by><sys_created_on>2018-01-22 10:45:07</sys_created_on><sys_id>5d4622f9dbf30f002dfc78a6ae96195c</sys_id><sys_mod_count>0</sys_mod_count><sys_ui_formatter/><sys_ui_section caption="Notes" display_value="Notes" name="change_request" sys_domain="409c30addb8e8f0066e6f2f5ab9619e3" view="Default view">40ce27b9dbee4b00a8a37dfdae961906</sys_ui_section><sys_updated_by>shweta.hegde@capgemini.com</sys_updated_by><sys_updated_on>2018-01-22 10:45:07</sys_updated_on><sys_user/><type/></sys_ui_element><sys_ui_element action="INSERT_OR_UPDATE"><element>activity.xml</element><position>6</position><sys_created_by>shweta.hegde@capgemini.com</sys_created_by><sys_created_on>2018-01-22 10:45:07</sys_created_on><sys_id>dd4622f9dbf30f002dfc78a6ae96195c</sys_id><sys_mod_count>0</sys_mod_count><sys_ui_formatter display_value="Activities (filtered)">b832d3560a0001c700d781efe21e22f5</sys_ui_formatter><sys_ui_section caption="Notes" display_value="Notes" name="change_request" sys_domain="409c30addb8e8f0066e6f2f5ab9619e3" view="Default view">40ce27b9dbee4b00a8a37dfdae961906</sys_ui_section><sys_updated_by>shweta.hegde@capgemini.com</sys_updated_by><sys_updated_on>2018-01-22 10:45:07</sys_updated_on><sys_user/><type>formatter</type></sys_ui_element><sys_ui_section action="INSERT_OR_UPDATE"><caption>Notes</caption><header>false</header><name>change_request</name><roles/><sys_class_name>sys_ui_section</sys_class_name><sys_created_by>rkulshreshtha</sys_created_by><sys_created_on>2017-11-21 12:43:18</sys_created_on><sys_customer_update>true</sys_customer_update><sys_domain>409c30addb8e8f0066e6f2f5ab9619e3</sys_domain><sys_domain_path>!!!/!!D/</sys_domain_path><sys_id>40ce27b9dbee4b00a8a37dfdae961906</sys_id><sys_mod_count>0</sys_mod_count><sys_name>Notes</sys_name><sys_overrides display_value="">global</sys_overrides><sys_package display_value="Global" source="global">global</sys_package><sys_policy/><sys_replace_on_upgrade>false</sys_replace_on_upgrade><sys_scope display_value="Global">global</sys_scope><sys_update_name>sys_ui_section_40ce27b9dbee4b00a8a37dfdae961906</sys_update_name><sys_updated_by>rkulshreshtha</sys_updated_by><sys_updated_on>2017-11-21 12:43:18</sys_updated_on><sys_user/><title>false</title><view display_value="Default view" name="NULL">Default view</view><view_name/></sys_ui_section></sys_ui_section></record_update>]]></payload>
<remote_update_set display_value="A&amp;W Change Management - SH - V4">2ebc0e980f341fc0c6da563be1050e4e</remote_update_set>
<replace_on_upgrade>false</replace_on_upgrade>
<sys_created_by>virag.shah@capgemini.com</sys_created_by>
<sys_created_on>2018-03-08 10:05:25</sys_created_on>
<sys_id>26bc0e980f341fc0c6da563be1050e4f</sys_id>
<sys_mod_count>0</sys_mod_count>
<sys_updated_by>virag.shah@capgemini.com</sys_updated_by>
<sys_updated_on>2018-03-08 10:05:25</sys_updated_on>
<table/>
<target_name/>
<type/>
<update_domain/>
<update_set display_value=""/>
<view/>
</sys_update_xml>
<sys_update_xml action="INSERT_OR_UPDATE">
<action/>
<application display_value=""/>
<category/>
<comments/>
<name>sys_ui_section_106eaff5dbee4b00a8a37dfdae9619b5</name>
<payload><![CDATA[<?xml version="1.0" encoding="UTF-8"?><record_update><sys_ui_section caption="Schedule" section_id="106eaff5dbee4b00a8a37dfdae9619b5" sys_domain="409c30addb8e8f0066e6f2f5ab9619e3" table="change_request" version="3" view=""><sys_ui_element action="INSERT_OR_UPDATE"><element>.begin_split</element><position>0</position><sys_created_by>shweta.hegde@capgemini.com</sys_created_by><sys_created_on>2018-01-22 10:44:43</sys_created_on><sys_id>2f26aeb9dbf30f002dfc78a6ae961985</sys_id><sys_mod_count>0</sys_mod_count><sys_ui_formatter/><sys_ui_section caption="Schedule" display_value="Schedule" name="change_request" sys_domain="409c30addb8e8f0066e6f2f5ab9619e3" view="Default view">106eaff5dbee4b00a8a37dfdae9619b5</sys_ui_section><sys_updated_by>shweta.hegde@capgemini.com</sys_updated_by><sys_updated_on>2018-01-22 10:44:43</sys_updated_on><sys_user/><type>.begin_split</type></sys_ui_element><sys_ui_element action="INSERT_OR_UPDATE"><element>requested_by_date</element><position>1</position><sys_created_by>shweta.hegde@capgemini.com</sys_created_by><sys_created_on>2018-01-22 10:44:43</sys_created_on><sys_id>af26aeb9dbf30f002dfc78a6ae961985</sys_id><sys_mod_count>0</sys_mod_count><sys_ui_formatter/><sys_ui_section caption="Schedule" display_value="Schedule" name="change_request" sys_domain="409c30addb8e8f0066e6f2f5ab9619e3" view="Default view">106eaff5dbee4b00a8a37dfdae9619b5</sys_ui_section><sys_updated_by>shweta.hegde@capgemini.com</sys_updated_by><sys_updated_on>2018-01-22 10:44:43</sys_updated_on><sys_user/><type/></sys_ui_element><sys_ui_element action="INSERT_OR_UPDATE"><element>start_date</element><position>2</position><sys_created_by>shweta.hegde@capgemini.com</sys_created_by><sys_created_on>2018-01-22 10:44:43</sys_created_on><sys_id>2326aeb9dbf30f002dfc78a6ae961986</sys_id><sys_mod_count>0</sys_mod_count><sys_ui_formatter/><sys_ui_section caption="Schedule" display_value="Schedule" name="change_request" sys_domain="409c30addb8e8f0066e6f2f5ab9619e3" view="Default view">106eaff5dbee4b00a8a37dfdae9619b5</sys_ui_section><sys_updated_by>shweta.hegde@capgemini.com</sys_updated_by><sys_updated_on>2018-01-22 10:44:43</sys_updated_on><sys_user/><type/></sys_ui_element><sys_ui_element action="INSERT_OR_UPDATE"><element>end_date</element><position>3</position><sys_created_by>shweta.hegde@capgemini.com</sys_created_by><sys_created_on>2018-01-22 10:44:43</sys_created_on><sys_id>a326aeb9dbf30f002dfc78a6ae961986</sys_id><sys_mod_count>0</sys_mod_count><sys_ui_formatter/><sys_ui_section caption="Schedule" display_value="Schedule" name="change_request" sys_domain="409c30addb8e8f0066e6f2f5ab9619e3" view="Default view">106eaff5dbee4b00a8a37dfdae9619b5</sys_ui_section><sys_updated_by>shweta.hegde@capgemini.com</sys_updated_by><sys_updated_on>2018-01-22 10:44:43</sys_updated_on><sys_user/><type/></sys_ui_element><sys_ui_element action="INSERT_OR_UPDATE"><element>.split</element><position>4</position><sys_created_by>shweta.hegde@capgemini.com</sys_created_by><sys_created_on>2018-01-22 10:44:43</sys_created_on><sys_id>2726aeb9dbf30f002dfc78a6ae961986</sys_id><sys_mod_count>0</sys_mod_count><sys_ui_formatter/><sys_ui_section caption="Schedule" display_value="Schedule" name="change_request" sys_domain="409c30addb8e8f0066e6f2f5ab9619e3" view="Default view">106eaff5dbee4b00a8a37dfdae9619b5</sys_ui_section><sys_updated_by>shweta.hegde@capgemini.com</sys_updated_by><sys_updated_on>2018-01-22 10:44:43</sys_updated_on><sys_user/><type>.split</type></sys_ui_element><sys_ui_element action="INSERT_OR_UPDATE"><element>u_actual_start_date</element><position>5</position><sys_created_by>shweta.hegde@capgemini.com</sys_created_by><sys_created_on>2018-01-22 10:44:43</sys_created_on><sys_id>a726aeb9dbf30f002dfc78a6ae961986</sys_id><sys_mod_count>0</sys_mod_count><sys_ui_formatter/><sys_ui_section caption="Schedule" display_value="Schedule" name="change_request" sys_domain="409c30addb8e8f0066e6f2f5ab9619e3" view="Default view">106eaff5dbee4b00a8a37dfdae9619b5</sys_ui_section><sys_updated_by>shweta.hegde@capgemini.com</sys_updated_by><sys_updated_on>2018-01-22 10:44:43</sys_updated_on><sys_user/><type/></sys_ui_element><sys_ui_element action="INSERT_OR_UPDATE"><element>u_actual_end_date</element><position>6</position><sys_created_by>shweta.hegde@capgemini.com</sys_created_by><sys_created_on>2018-01-22 10:44:43</sys_created_on><sys_id>2b26aeb9dbf30f002dfc78a6ae961986</sys_id><sys_mod_count>0</sys_mod_count><sys_ui_formatter/><sys_ui_section caption="Schedule" display_value="Schedule" name="change_request" sys_domain="409c30addb8e8f0066e6f2f5ab9619e3" view="Default view">106eaff5dbee4b00a8a37dfdae9619b5</sys_ui_section><sys_updated_by>shweta.hegde@capgemini.com</sys_updated_by><sys_updated_on>2018-01-22 10:44:43</sys_updated_on><sys_user/><type/></sys_ui_element><sys_ui_element action="INSERT_OR_UPDATE"><element>.end_split</element><position>7</position><sys_created_by>shweta.hegde@capgemini.com</sys_created_by><sys_created_on>2018-01-22 10:44:43</sys_created_on><sys_id>ab26aeb9dbf30f002dfc78a6ae961986</sys_id><sys_mod_count>0</sys_mod_count><sys_ui_formatter/><sys_ui_section caption="Schedule" display_value="Schedule" name="change_request" sys_domain="409c30addb8e8f0066e6f2f5ab9619e3" view="Default view">106eaff5dbee4b00a8a37dfdae9619b5</sys_ui_section><sys_updated_by>shweta.hegde@capgemini.com</sys_updated_by><sys_updated_on>2018-01-22 10:44:43</sys_updated_on><sys_user/><type>.end_split</type></sys_ui_element><sys_ui_element action="INSERT_OR_UPDATE"><element>.begin_split</element><position>8</position><sys_created_by>shweta.hegde@capgemini.com</sys_created_by><sys_created_on>2018-01-22 10:44:43</sys_created_on><sys_id>2f26aeb9dbf30f002dfc78a6ae961986</sys_id><sys_mod_count>0</sys_mod_count><sys_ui_formatter/><sys_ui_section caption="Schedule" display_value="Schedule" name="change_request" sys_domain="409c30addb8e8f0066e6f2f5ab9619e3" view="Default view">106eaff5dbee4b00a8a37dfdae9619b5</sys_ui_section><sys_updated_by>shweta.hegde@capgemini.com</sys_updated_by><sys_updated_on>2018-01-22 10:44:43</sys_updated_on><sys_user/><type>.begin_split</type></sys_ui_element><sys_ui_element action="INSERT_OR_UPDATE"><element>cab_recommendation</element><position>9</position><sys_created_by>shweta.hegde@capgemini.com</sys_created_by><sys_created_on>2018-01-22 10:44:43</sys_created_on><sys_id>af26aeb9dbf30f002dfc78a6ae961986</sys_id><sys_mod_count>0</sys_mod_count><sys_ui_formatter/><sys_ui_section caption="Schedule" display_value="Schedule" name="change_request" sys_domain="409c30addb8e8f0066e6f2f5ab9619e3" view="Default view">106eaff5dbee4b00a8a37dfdae9619b5</sys_ui_section><sys_updated_by>shweta.hegde@capgemini.com</sys_updated_by><sys_updated_on>2018-01-22 10:44:43</sys_updated_on><sys_user/><type/></sys_ui_element><sys_ui_element action="INSERT_OR_UPDATE"><element>.split</element><position>10</position><sys_created_by>shweta.hegde@capgemini.com</sys_created_by><sys_created_on>2018-01-22 10:44:43</sys_created_on><sys_id>2326aeb9dbf30f002dfc78a6ae961987</sys_id><sys_mod_count>0</sys_mod_count><sys_ui_formatter/><sys_ui_section caption="Schedule" display_value="Schedule" name="change_request" sys_domain="409c30addb8e8f0066e6f2f5ab9619e3" view="Default view">106eaff5dbee4b00a8a37dfdae9619b5</sys_ui_section><sys_updated_by>shweta.hegde@capgemini.com</sys_updated_by><sys_updated_on>2018-01-22 10:44:43</sys_updated_on><sys_user/><type>.split</type></sys_ui_element><sys_ui_element action="INSERT_OR_UPDATE"><element>cab_date</element><position>11</position><sys_created_by>shweta.hegde@capgemini.com</sys_created_by><sys_created_on>2018-01-22 10:44:43</sys_created_on><sys_id>a326aeb9dbf30f002dfc78a6ae961987</sys_id><sys_mod_count>0</sys_mod_count><sys_ui_formatter/><sys_ui_section caption="Schedule" display_value="Schedule" name="change_request" sys_domain="409c30addb8e8f0066e6f2f5ab9619e3" view="Default view">106eaff5dbee4b00a8a37dfdae9619b5</sys_ui_section><sys_updated_by>shweta.hegde@capgemini.com</sys_updated_by><sys_updated_on>2018-01-22 10:44:43</sys_updated_on><sys_user/><type/></sys_ui_element><sys_ui_element action="INSERT_OR_UPDATE"><element>.end_split</element><position>12</position><sys_created_by>shweta.hegde@capgemini.com</sys_created_by><sys_created_on>2018-01-22 10:44:43</sys_created_on><sys_id>2726aeb9dbf30f002dfc78a6ae961987</sys_id><sys_mod_count>0</sys_mod_count><sys_ui_formatter/><sys_ui_section caption="Schedule" display_value="Schedule" name="change_request" sys_domain="409c30addb8e8f0066e6f2f5ab9619e3" view="Default view">106eaff5dbee4b00a8a37dfdae9619b5</sys_ui_section><sys_updated_by>shweta.hegde@capgemini.com</sys_updated_by><sys_updated_on>2018-01-22 10:44:43</sys_updated_on><sys_user/><type>.end_split</type></sys_ui_element><sys_ui_section action="INSERT_OR_UPDATE"><caption>Schedule</caption><header>false</header><name>change_request</name><roles/><sys_class_name>sys_ui_section</sys_class_name><sys_created_by>rkulshreshtha</sys_created_by><sys_created_on>2017-11-21 12:41:40</sys_created_on><sys_customer_update>true</sys_customer_update><sys_domain>409c30addb8e8f0066e6f2f5ab9619e3</sys_domain><sys_domain_path>!!!/!!D/</sys_domain_path><sys_id>106eaff5dbee4b00a8a37dfdae9619b5</sys_id><sys_mod_count>0</sys_mod_count><sys_name>Schedule</sys_name><sys_overrides caption="Schedule" display_value="Schedule" name="change_request" sys_domain="global" view="Default view">ee95827dc0a8016400f6e15e01fc13ed</sys_overrides><sys_package display_value="Global" source="global">global</sys_package><sys_policy/><sys_replace_on_upgrade>false</sys_replace_on_upgrade><sys_scope display_value="Global">global</sys_scope><sys_update_name>sys_ui_section_106eaff5dbee4b00a8a37dfdae9619b5</sys_update_name><sys_updated_by>rkulshreshtha</sys_updated_by><sys_updated_on>2017-11-21 12:41:40</sys_updated_on><sys_user/><title>true</title><view display_value="Default view" name="NULL">Default view</view><view_name/></sys_ui_section></sys_ui_section></record_update>]]></payload>
<remote_update_set display_value="A&amp;W Change Management - SH - V4">2ebc0e980f341fc0c6da563be1050e4e</remote_update_set>
<replace_on_upgrade>false</replace_on_upgrade>
<sys_created_by>virag.shah@capgemini.com</sys_created_by>
<sys_created_on>2018-03-08 10:05:25</sys_created_on>
<sys_id>62bc0e980f341fc0c6da563be1050e4f</sys_id>
<sys_mod_count>0</sys_mod_count>
<sys_updated_by>virag.shah@capgemini.com</sys_updated_by>
<sys_updated_on>2018-03-08 10:05:25</sys_updated_on>
<table/>
<target_name/>
<type/>
<update_domain/>
<update_set display_value=""/>
<view/>
</sys_update_xml>
<sys_update_xml action="INSERT_OR_UPDATE">
<action/>
<application display_value=""/>
<category/>
<comments/>
<name>sys_ui_section_e6bcb40ddbcfc780a8a37dfdae9619b3</name>
<payload><![CDATA[<?xml version="1.0" encoding="UTF-8"?><record_update><sys_ui_section caption="Closure Informations" section_id="e6bcb40ddbcfc780a8a37dfdae9619b3" sys_domain="409c30addb8e8f0066e6f2f5ab9619e3" table="change_request" version="3" view=""><sys_ui_element action="INSERT_OR_UPDATE"><element>u_close_code_a_w</element><position>0</position><sys_created_by>shweta.hegde@capgemini.com</sys_created_by><sys_created_on>2018-01-22 10:45:32</sys_created_on><sys_id>1b56a2f9dbf30f002dfc78a6ae9619c9</sys_id><sys_mod_count>0</sys_mod_count><sys_ui_formatter/><sys_ui_section caption="Closure Informations" display_value="Closure Informations" name="change_request" sys_domain="409c30addb8e8f0066e6f2f5ab9619e3" view="Default view">e6bcb40ddbcfc780a8a37dfdae9619b3</sys_ui_section><sys_updated_by>shweta.hegde@capgemini.com</sys_updated_by><sys_updated_on>2018-01-22 10:45:32</sys_updated_on><sys_user/><type/></sys_ui_element><sys_ui_element action="INSERT_OR_UPDATE"><element>close_notes</element><position>1</position><sys_created_by>shweta.hegde@capgemini.com</sys_created_by><sys_created_on>2018-01-22 10:45:32</sys_created_on><sys_id>9b56a2f9dbf30f002dfc78a6ae9619c9</sys_id><sys_mod_count>0</sys_mod_count><sys_ui_formatter/><sys_ui_section caption="Closure Informations" display_value="Closure Informations" name="change_request" sys_domain="409c30addb8e8f0066e6f2f5ab9619e3" view="Default view">e6bcb40ddbcfc780a8a37dfdae9619b3</sys_ui_section><sys_updated_by>shweta.hegde@capgemini.com</sys_updated_by><sys_updated_on>2018-01-22 10:45:32</sys_updated_on><sys_user/><type/></sys_ui_element><sys_ui_section action="INSERT_OR_UPDATE"><caption>Closure Informations</caption><header>false</header><name>change_request</name><roles/><sys_class_name>sys_ui_section</sys_class_name><sys_created_by>shweta.hegde@capgemini.com</sys_created_by><sys_created_on>2017-12-13 12:21:27</sys_created_on><sys_customer_update>true</sys_customer_update><sys_domain>409c30addb8e8f0066e6f2f5ab9619e3</sys_domain><sys_domain_path>!!!/!!D/</sys_domain_path><sys_id>e6bcb40ddbcfc780a8a37dfdae9619b3</sys_id><sys_mod_count>3</sys_mod_count><sys_name>Closure Informations</sys_name><sys_overrides display_value="">global</sys_overrides><sys_package display_value="Global" source="global">global</sys_package><sys_policy/><sys_replace_on_upgrade>false</sys_replace_on_upgrade><sys_scope display_value="Global">global</sys_scope><sys_update_name>sys_ui_section_e6bcb40ddbcfc780a8a37dfdae9619b3</sys_update_name><sys_updated_by>shweta.hegde@capgemini.com</sys_updated_by><sys_updated_on>2018-01-22 10:30:25</sys_updated_on><sys_user/><title>false</title><view display_value="Default view" name="NULL">Default view</view><view_name/></sys_ui_section></sys_ui_section></record_update>]]></payload>
<remote_update_set display_value="A&amp;W Change Management - SH - V4">2ebc0e980f341fc0c6da563be1050e4e</remote_update_set>
<replace_on_upgrade>false</replace_on_upgrade>
<sys_created_by>virag.shah@capgemini.com</sys_created_by>
<sys_created_on>2018-03-08 10:05:25</sys_created_on>
<sys_id>6ebc0e980f341fc0c6da563be1050e4f</sys_id>
<sys_mod_count>0</sys_mod_count>
<sys_updated_by>virag.shah@capgemini.com</sys_updated_by>
<sys_updated_on>2018-03-08 10:05:25</sys_updated_on>
<table/>
<target_name/>
<type/>
<update_domain/>
<update_set display_value=""/>
<view/>
</sys_update_xml>
<sys_update_xml action="INSERT_OR_UPDATE">
<action/>
<application display_value=""/>
<category/>
<comments/>
<name>sys_ui_section_e55ab675dbaa4b00a8a37dfdae961981</name>
<payload><![CDATA[<?xml version="1.0" encoding="UTF-8"?><record_update><sys_ui_section caption="Change Request" section_id="e55ab675dbaa4b00a8a37dfdae961981" sys_domain="409c30addb8e8f0066e6f2f5ab9619e3" table="change_request" version="3" view=""><sys_ui_element action="INSERT_OR_UPDATE"><element>process_flow.xml</element><position>0</position><sys_created_by>shweta.hegde@capgemini.com</sys_created_by><sys_created_on>2018-01-22 10:25:02</sys_created_on><sys_id>0ba1eeb5dbf30f002dfc78a6ae9619f6</sys_id><sys_mod_count>0</sys_mod_count><sys_ui_formatter display_value="Process Flow">66c94b9f0fdbfd80b493db0be1050ee2</sys_ui_formatter><sys_ui_section caption="Change Request" display_value="Change Request" name="change_request" sys_domain="409c30addb8e8f0066e6f2f5ab9619e3" view="Default view">e55ab675dbaa4b00a8a37dfdae961981</sys_ui_section><sys_updated_by>shweta.hegde@capgemini.com</sys_updated_by><sys_updated_on>2018-01-22 10:25:02</sys_updated_on><sys_user/><type>formatter</type></sys_ui_element><sys_ui_element action="INSERT_OR_UPDATE"><element>.begin_split</element><position>1</position><sys_created_by>shweta.hegde@capgemini.com</sys_created_by><sys_created_on>2018-01-22 10:25:02</sys_created_on><sys_id>cba1eeb5dbf30f002dfc78a6ae9619f6</sys_id><sys_mod_count>0</sys_mod_count><sys_ui_formatter/><sys_ui_section caption="Change Request" display_value="Change Request" name="change_request" sys_domain="409c30addb8e8f0066e6f2f5ab9619e3" view="Default view">e55ab675dbaa4b00a8a37dfdae961981</sys_ui_section><sys_updated_by>shweta.hegde@capgemini.com</sys_updated_by><sys_updated_on>2018-01-22 10:25:02</sys_updated_on><sys_user/><type>.begin_split</type></sys_ui_element><sys_ui_element action="INSERT_OR_UPDATE"><element>number</element><position>2</position><sys_created_by>shweta.hegde@capgemini.com</sys_created_by><sys_created_on>2018-01-22 10:25:02</sys_created_on><sys_id>4fa1eeb5dbf30f002dfc78a6ae9619f6</sys_id><sys_mod_count>0</sys_mod_count><sys_ui_formatter/><sys_ui_section caption="Change Request" display_value="Change Request" name="change_request" sys_domain="409c30addb8e8f0066e6f2f5ab9619e3" view="Default view">e55ab675dbaa4b00a8a37dfdae961981</sys_ui_section><sys_updated_by>shweta.hegde@capgemini.com</sys_updated_by><sys_updated_on>2018-01-22 10:25:02</sys_updated_on><sys_user/><type/></sys_ui_element><sys_ui_element action="INSERT_OR_UPDATE"><element>requested_by</element><position>3</position><sys_created_by>shweta.hegde@capgemini.com</sys_created_by><sys_created_on>2018-01-22 10:25:02</sys_created_on><sys_id>cfa1eeb5dbf30f002dfc78a6ae9619f6</sys_id><sys_mod_count>0</sys_mod_count><sys_ui_formatter/><sys_ui_section caption="Change Request" display_value="Change Request" name="change_request" sys_domain="409c30addb8e8f0066e6f2f5ab9619e3" view="Default view">e55ab675dbaa4b00a8a37dfdae961981</sys_ui_section><sys_updated_by>shweta.hegde@capgemini.com</sys_updated_by><sys_updated_on>2018-01-22 10:25:02</sys_updated_on><sys_user/><type/></sys_ui_element><sys_ui_element action="INSERT_OR_UPDATE"><element>category</element><position>4</position><sys_created_by>shweta.hegde@capgemini.com</sys_created_by><sys_created_on>2018-01-22 10:25:02</sys_created_on><sys_id>43a1eeb5dbf30f002dfc78a6ae9619f7</sys_id><sys_mod_count>0</sys_mod_count><sys_ui_formatter/><sys_ui_section caption="Change Request" display_value="Change Request" name="change_request" sys_domain="409c30addb8e8f0066e6f2f5ab9619e3" view="Default view">e55ab675dbaa4b00a8a37dfdae961981</sys_ui_section><sys_updated_by>shweta.hegde@capgemini.com</sys_updated_by><sys_updated_on>2018-01-22 10:25:02</sys_updated_on><sys_user/><type/></sys_ui_element><sys_ui_element action="INSERT_OR_UPDATE"><element>u_restaurant_aw</element><position>5</position><sys_created_by>shweta.hegde@capgemini.com</sys_created_by><sys_created_on>2018-01-22 10:25:02</sys_created_on><sys_id>c3a1eeb5dbf30f002dfc78a6ae9619f7</sys_id><sys_mod_count>0</sys_mod_count><sys_ui_formatter/><sys_ui_section caption="Change Request" display_value="Change Request" name="change_request" sys_domain="409c30addb8e8f0066e6f2f5ab9619e3" view="Default view">e55ab675dbaa4b00a8a37dfdae961981</sys_ui_section><sys_updated_by>shweta.hegde@capgemini.com</sys_updated_by><sys_updated_on>2018-01-22 10:25:02</sys_updated_on><sys_user/><type/></sys_ui_element><sys_ui_element action="INSERT_OR_UPDATE"><element>opened_at</element><position>6</position><sys_created_by>shweta.hegde@capgemini.com</sys_created_by><sys_created_on>2018-01-22 10:25:02</sys_created_on><sys_id>47a1eeb5dbf30f002dfc78a6ae9619f7</sys_id><sys_mod_count>0</sys_mod_count><sys_ui_formatter/><sys_ui_section caption="Change Request" display_value="Change Request" name="change_request" sys_domain="409c30addb8e8f0066e6f2f5ab9619e3" view="Default view">e55ab675dbaa4b00a8a37dfdae961981</sys_ui_section><sys_updated_by>shweta.hegde@capgemini.com</sys_updated_by><sys_updated_on>2018-01-22 10:25:02</sys_updated_on><sys_user/><type/></sys_ui_element><sys_ui_element action="INSERT_OR_UPDATE"><element>impact</element><position>7</position><sys_created_by>shweta.hegde@capgemini.com</sys_created_by><sys_created_on>2018-01-22 10:25:02</sys_created_on><sys_id>c7a1eeb5dbf30f002dfc78a6ae9619f7</sys_id><sys_mod_count>0</sys_mod_count><sys_ui_formatter/><sys_ui_section caption="Change Request" display_value="Change Request" name="change_request" sys_domain="409c30addb8e8f0066e6f2f5ab9619e3" view="Default view">e55ab675dbaa4b00a8a37dfdae961981</sys_ui_section><sys_updated_by>shweta.hegde@capgemini.com</sys_updated_by><sys_updated_on>2018-01-22 10:25:02</sys_updated_on><sys_user/><type/></sys_ui_element><sys_ui_element action="INSERT_OR_UPDATE"><element>risk</element><position>8</position><sys_created_by>shweta.hegde@capgemini.com</sys_created_by><sys_created_on>2018-01-22 10:25:02</sys_created_on><sys_id>4ba1eeb5dbf30f002dfc78a6ae9619f7</sys_id><sys_mod_count>0</sys_mod_count><sys_ui_formatter/><sys_ui_section caption="Change Request" display_value="Change Request" name="change_request" sys_domain="409c30addb8e8f0066e6f2f5ab9619e3" view="Default view">e55ab675dbaa4b00a8a37dfdae961981</sys_ui_section><sys_updated_by>shweta.hegde@capgemini.com</sys_updated_by><sys_updated_on>2018-01-22 10:25:02</sys_updated_on><sys_user/><type/></sys_ui_element><sys_ui_element action="INSERT_OR_UPDATE"><element>.split</element><position>9</position><sys_created_by>shweta.hegde@capgemini.com</sys_created_by><sys_created_on>2018-01-22 10:25:02</sys_created_on><sys_id>cba1eeb5dbf30f002dfc78a6ae9619f7</sys_id><sys_mod_count>0</sys_mod_count><sys_ui_formatter/><sys_ui_section caption="Change Request" display_value="Change Request" name="change_request" sys_domain="409c30addb8e8f0066e6f2f5ab9619e3" view="Default view">e55ab675dbaa4b00a8a37dfdae961981</sys_ui_section><sys_updated_by>shweta.hegde@capgemini.com</sys_updated_by><sys_updated_on>2018-01-22 10:25:02</sys_updated_on><sys_user/><type>.split</type></sys_ui_element><sys_ui_element action="INSERT_OR_UPDATE"><element>approval</element><position>10</position><sys_created_by>shweta.hegde@capgemini.com</sys_created_by><sys_created_on>2018-01-22 10:25:02</sys_created_on><sys_id>4fa1eeb5dbf30f002dfc78a6ae9619f7</sys_id><sys_mod_count>0</sys_mod_count><sys_ui_formatter/><sys_ui_section caption="Change Request" display_value="Change Request" name="change_request" sys_domain="409c30addb8e8f0066e6f2f5ab9619e3" view="Default view">e55ab675dbaa4b00a8a37dfdae961981</sys_ui_section><sys_updated_by>shweta.hegde@capgemini.com</sys_updated_by><sys_updated_on>2018-01-22 10:25:02</sys_updated_on><sys_user/><type/></sys_ui_element><sys_ui_element action="INSERT_OR_UPDATE"><element>type</element><position>11</position><sys_created_by>shweta.hegde@capgemini.com</sys_created_by><sys_created_on>2018-01-22 10:25:02</sys_created_on><sys_id>cfa1eeb5dbf30f002dfc78a6ae9619f7</sys_id><sys_mod_count>0</sys_mod_count><sys_ui_formatter/><sys_ui_section caption="Change Request" display_value="Change Request" name="change_request" sys_domain="409c30addb8e8f0066e6f2f5ab9619e3" view="Default view">e55ab675dbaa4b00a8a37dfdae961981</sys_ui_section><sys_updated_by>shweta.hegde@capgemini.com</sys_updated_by><sys_updated_on>2018-01-22 10:25:02</sys_updated_on><sys_user/><type/></sys_ui_element><sys_ui_element action="INSERT_OR_UPDATE"><element>state</element><position>12</position><sys_created_by>shweta.hegde@capgemini.com</sys_created_by><sys_created_on>2018-01-22 10:25:02</sys_created_on><sys_id>43a1eeb5dbf30f002dfc78a6ae9619f8</sys_id><sys_mod_count>0</sys_mod_count><sys_ui_formatter/><sys_ui_section caption="Change Request" display_value="Change Request" name="change_request" sys_domain="409c30addb8e8f0066e6f2f5ab9619e3" view="Default view">e55ab675dbaa4b00a8a37dfdae961981</sys_ui_section><sys_updated_by>shweta.hegde@capgemini.com</sys_updated_by><sys_updated_on>2018-01-22 10:25:02</sys_updated_on><sys_user/><type/></sys_ui_element><sys_ui_element action="INSERT_OR_UPDATE"><element>u_a_w_on_hold</element><position>13</position><sys_created_by>shweta.hegde@capgemini.com</sys_created_by><sys_created_on>2018-01-22 10:25:02</sys_created_on><sys_id>c3a1eeb5dbf30f002dfc78a6ae9619f8</sys_id><sys_mod_count>0</sys_mod_count><sys_ui_formatter/><sys_ui_section caption="Change Request" display_value="Change Request" name="change_request" sys_domain="409c30addb8e8f0066e6f2f5ab9619e3" view="Default view">e55ab675dbaa4b00a8a37dfdae961981</sys_ui_section><sys_updated_by>shweta.hegde@capgemini.com</sys_updated_by><sys_updated_on>2018-01-22 10:25:02</sys_updated_on><sys_user/><type/></sys_ui_element><sys_ui_element action="INSERT_OR_UPDATE"><element>assignment_group</element><position>14</position><sys_created_by>shweta.hegde@capgemini.com</sys_created_by><sys_created_on>2018-01-22 10:25:02</sys_created_on><sys_id>47a1eeb5dbf30f002dfc78a6ae9619f8</sys_id><sys_mod_count>0</sys_mod_count><sys_ui_formatter/><sys_ui_section caption="Change Request" display_value="Change Request" name="change_request" sys_domain="409c30addb8e8f0066e6f2f5ab9619e3" view="Default view">e55ab675dbaa4b00a8a37dfdae961981</sys_ui_section><sys_updated_by>shweta.hegde@capgemini.com</sys_updated_by><sys_updated_on>2018-01-22 10:25:02</sys_updated_on><sys_user/><type/></sys_ui_element><sys_ui_element action="INSERT_OR_UPDATE"><element>assigned_to</element><position>15</position><sys_created_by>shweta.hegde@capgemini.com</sys_created_by><sys_created_on>2018-01-22 10:25:02</sys_created_on><sys_id>c7a1eeb5dbf30f002dfc78a6ae9619f8</sys_id><sys_mod_count>0</sys_mod_count><sys_ui_formatter/><sys_ui_section caption="Change Request" display_value="Change Request" name="change_request" sys_domain="409c30addb8e8f0066e6f2f5ab9619e3" view="Default view">e55ab675dbaa4b00a8a37dfdae961981</sys_ui_section><sys_updated_by>shweta.hegde@capgemini.com</sys_updated_by><sys_updated_on>2018-01-22 10:25:02</sys_updated_on><sys_user/><type/></sys_ui_element><sys_ui_element action="INSERT_OR_UPDATE"><element>.end_split</element><position>16</position><sys_created_by>shweta.hegde@capgemini.com</sys_created_by><sys_created_on>2018-01-22 10:25:02</sys_created_on><sys_id>4ba1eeb5dbf30f002dfc78a6ae9619f8</sys_id><sys_mod_count>0</sys_mod_count><sys_ui_formatter/><sys_ui_section caption="Change Request" display_value="Change Request" name="change_request" sys_domain="409c30addb8e8f0066e6f2f5ab9619e3" view="Default view">e55ab675dbaa4b00a8a37dfdae961981</sys_ui_section><sys_updated_by>shweta.hegde@capgemini.com</sys_updated_by><sys_updated_on>2018-01-22 10:25:02</sys_updated_on><sys_user/><type>.end_split</type></sys_ui_element><sys_ui_element action="INSERT_OR_UPDATE"><element>short_description</element><position>17</position><sys_created_by>shweta.hegde@capgemini.com</sys_created_by><sys_created_on>2018-01-22 10:25:02</sys_created_on><sys_id>cba1eeb5dbf30f002dfc78a6ae9619f8</sys_id><sys_mod_count>0</sys_mod_count><sys_ui_formatter/><sys_ui_section caption="Change Request" display_value="Change Request" name="change_request" sys_domain="409c30addb8e8f0066e6f2f5ab9619e3" view="Default view">e55ab675dbaa4b00a8a37dfdae961981</sys_ui_section><sys_updated_by>shweta.hegde@capgemini.com</sys_updated_by><sys_updated_on>2018-01-22 10:25:02</sys_updated_on><sys_user/><type/></sys_ui_element><sys_ui_element action="INSERT_OR_UPDATE"><element>description</element><position>18</position><sys_created_by>shweta.hegde@capgemini.com</sys_created_by><sys_created_on>2018-01-22 10:25:02</sys_created_on><sys_id>4fa1eeb5dbf30f002dfc78a6ae9619f8</sys_id><sys_mod_count>0</sys_mod_count><sys_ui_formatter/><sys_ui_section caption="Change Request" display_value="Change Request" name="change_request" sys_domain="409c30addb8e8f0066e6f2f5ab9619e3" view="Default view">e55ab675dbaa4b00a8a37dfdae961981</sys_ui_section><sys_updated_by>shweta.hegde@capgemini.com</sys_updated_by><sys_updated_on>2018-01-22 10:25:02</sys_updated_on><sys_user/><type/></sys_ui_element><sys_ui_section action="INSERT_OR_UPDATE"><caption>Change Request</caption><header>false</header><name>change_request</name><roles/><sys_class_name>sys_ui_section</sys_class_name><sys_created_by>rkulshreshtha</sys_created_by><sys_created_on>2017-11-21 08:54:18</sys_created_on><sys_customer_update>true</sys_customer_update><sys_domain>409c30addb8e8f0066e6f2f5ab9619e3</sys_domain><sys_domain_path>!!!/!!D/</sys_domain_path><sys_id>e55ab675dbaa4b00a8a37dfdae961981</sys_id><sys_mod_count>1</sys_mod_count><sys_name>Change Request</sys_name><sys_overrides caption="NULL" display_value="" name="change_request" sys_domain="global" view="Default view">cd591479c0a801640182b9b52e6f070b</sys_overrides><sys_package display_value="Global" source="global">global</sys_package><sys_policy/><sys_replace_on_upgrade>false</sys_replace_on_upgrade><sys_scope display_value="Global">global</sys_scope><sys_update_name>sys_ui_section_e55ab675dbaa4b00a8a37dfdae961981</sys_update_name><sys_updated_by>rkulshreshtha</sys_updated_by><sys_updated_on>2017-11-21 15:45:20</sys_updated_on><sys_user/><title>false</title><view display_value="Default view" name="NULL">Default view</view><view_name/></sys_ui_section></sys_ui_section></record_update>]]></payload>
<remote_update_set display_value="A&amp;W Change Management - SH - V4">2ebc0e980f341fc0c6da563be1050e4e</remote_update_set>
<replace_on_upgrade>false</replace_on_upgrade>
<sys_created_by>virag.shah@capgemini.com</sys_created_by>
<sys_created_on>2018-03-08 10:05:25</sys_created_on>
<sys_id>aabc0e980f341fc0c6da563be1050e4f</sys_id>
<sys_mod_count>0</sys_mod_count>
<sys_updated_by>virag.shah@capgemini.com</sys_updated_by>
<sys_updated_on>2018-03-08 10:05:25</sys_updated_on>
<table/>
<target_name/>
<type/>
<update_domain/>
<update_set display_value=""/>
<view/>
</sys_update_xml>
<sys_update_xml action="INSERT_OR_UPDATE">
<action/>
<application display_value=""/>
<category/>
<comments/>
<name>sys_ui_section_6ec4888edb228b00a8a37dfdae9619cf</name>
<payload><![CDATA[<?xml version="1.0" encoding="UTF-8"?><record_update><sys_ui_section caption=" Plans" section_id="6ec4888edb228b00a8a37dfdae9619cf" sys_domain="409c30addb8e8f0066e6f2f5ab9619e3" table="change_request" version="3" view=""><sys_ui_element action="INSERT_OR_UPDATE"><element>change_plan</element><position>0</position><sys_created_by>shweta.hegde@capgemini.com</sys_created_by><sys_created_on>2018-01-22 10:44:22</sys_created_on><sys_id>1216aab9dbf30f002dfc78a6ae9619fb</sys_id><sys_mod_count>0</sys_mod_count><sys_ui_formatter/><sys_ui_section caption=" Plans" display_value=" Plans" name="change_request" sys_domain="409c30addb8e8f0066e6f2f5ab9619e3" view="Default view">6ec4888edb228b00a8a37dfdae9619cf</sys_ui_section><sys_updated_by>shweta.hegde@capgemini.com</sys_updated_by><sys_updated_on>2018-01-22 10:44:22</sys_updated_on><sys_user/><type/></sys_ui_element><sys_ui_element action="INSERT_OR_UPDATE"><element>justification</element><position>1</position><sys_created_by>shweta.hegde@capgemini.com</sys_created_by><sys_created_on>2018-01-22 10:44:22</sys_created_on><sys_id>aa16aab9dbf30f002dfc78a6ae9619fb</sys_id><sys_mod_count>0</sys_mod_count><sys_ui_formatter/><sys_ui_section caption=" Plans" display_value=" Plans" name="change_request" sys_domain="409c30addb8e8f0066e6f2f5ab9619e3" view="Default view">6ec4888edb228b00a8a37dfdae9619cf</sys_ui_section><sys_updated_by>shweta.hegde@capgemini.com</sys_updated_by><sys_updated_on>2018-01-22 10:44:22</sys_updated_on><sys_user/><type/></sys_ui_element><sys_ui_element action="INSERT_OR_UPDATE"><element>implementation_plan</element><position>2</position><sys_created_by>shweta.hegde@capgemini.com</sys_created_by><sys_created_on>2018-01-22 10:44:22</sys_created_on><sys_id>2e16aab9dbf30f002dfc78a6ae9619fb</sys_id><sys_mod_count>0</sys_mod_count><sys_ui_formatter/><sys_ui_section caption=" Plans" display_value=" Plans" name="change_request" sys_domain="409c30addb8e8f0066e6f2f5ab9619e3" view="Default view">6ec4888edb228b00a8a37dfdae9619cf</sys_ui_section><sys_updated_by>shweta.hegde@capgemini.com</sys_updated_by><sys_updated_on>2018-01-22 10:44:22</sys_updated_on><sys_user/><type/></sys_ui_element><sys_ui_element action="INSERT_OR_UPDATE"><element>backout_plan</element><position>3</position><sys_created_by>shweta.hegde@capgemini.com</sys_created_by><sys_created_on>2018-01-22 10:44:22</sys_created_on><sys_id>ae16aab9dbf30f002dfc78a6ae9619fb</sys_id><sys_mod_count>0</sys_mod_count><sys_ui_formatter/><sys_ui_section caption=" Plans" display_value=" Plans" name="change_request" sys_domain="409c30addb8e8f0066e6f2f5ab9619e3" view="Default view">6ec4888edb228b00a8a37dfdae9619cf</sys_ui_section><sys_updated_by>shweta.hegde@capgemini.com</sys_updated_by><sys_updated_on>2018-01-22 10:44:22</sys_updated_on><sys_user/><type/></sys_ui_element><sys_ui_element action="INSERT_OR_UPDATE"><element>test_plan</element><position>4</position><sys_created_by>shweta.hegde@capgemini.com</sys_created_by><sys_created_on>2018-01-22 10:44:22</sys_created_on><sys_id>2216aab9dbf30f002dfc78a6ae9619fc</sys_id><sys_mod_count>0</sys_mod_count><sys_ui_formatter/><sys_ui_section caption=" Plans" display_value=" Plans" name="change_request" sys_domain="409c30addb8e8f0066e6f2f5ab9619e3" view="Default view">6ec4888edb228b00a8a37dfdae9619cf</sys_ui_section><sys_updated_by>shweta.hegde@capgemini.com</sys_updated_by><sys_updated_on>2018-01-22 10:44:22</sys_updated_on><sys_user/><type/></sys_ui_element><sys_ui_section action="INSERT_OR_UPDATE"><caption> Plans</caption><header>false</header><name>change_request</name><roles/><sys_class_name>sys_ui_section</sys_class_name><sys_created_by>rkulshreshtha</sys_created_by><sys_created_on>2017-11-21 14:19:35</sys_created_on><sys_customer_update>true</sys_customer_update><sys_domain>409c30addb8e8f0066e6f2f5ab9619e3</sys_domain><sys_domain_path>!!!/!!D/</sys_domain_path><sys_id>6ec4888edb228b00a8a37dfdae9619cf</sys_id><sys_mod_count>4</sys_mod_count><sys_name> Plans</sys_name><sys_overrides display_value="">global</sys_overrides><sys_package display_value="Global" source="global">global</sys_package><sys_policy/><sys_replace_on_upgrade>false</sys_replace_on_upgrade><sys_scope display_value="Global">global</sys_scope><sys_update_name>sys_ui_section_6ec4888edb228b00a8a37dfdae9619cf</sys_update_name><sys_updated_by>shweta.hegde@capgemini.com</sys_updated_by><sys_updated_on>2018-01-22 10:28:54</sys_updated_on><sys_user/><title>false</title><view display_value="Default view" name="NULL">Default view</view><view_name/></sys_ui_section></sys_ui_section></record_update>]]></payload>
<remote_update_set display_value="A&amp;W Change Management - SH - V4">2ebc0e980f341fc0c6da563be1050e4e</remote_update_set>
<replace_on_upgrade>false</replace_on_upgrade>
<sys_created_by>virag.shah@capgemini.com</sys_created_by>
<sys_created_on>2018-03-08 10:05:25</sys_created_on>
<sys_id>e6bc0e980f341fc0c6da563be1050e4f</sys_id>
<sys_mod_count>0</sys_mod_count>
<sys_updated_by>virag.shah@capgemini.com</sys_updated_by>
<sys_updated_on>2018-03-08 10:05:25</sys_updated_on>
<table/>
<target_name/>
<type/>
<update_domain/>
<update_set display_value=""/>
<view/>
</sys_update_xml>
</unload>
