<?xml version="1.0" encoding="UTF-8"?>
<unload unload_date="2018-03-08 10:07:49">
<sys_remote_update_set action="INSERT_OR_UPDATE">
<application display_value="Global">global</application>
<application_name>Global</application_name>
<application_scope>global</application_scope>
<application_version/>
<collisions/>
<commit_date/>
<deleted/>
<description/>
<inserted/>
<name>A&amp;W Change Management - V4</name>
<origin_sys_id/>
<release_date/>
<remote_sys_id>8e2e97310f374b00c6da563be1050ee2</remote_sys_id>
<state>loaded</state>
<summary/>
<sys_class_name>sys_remote_update_set</sys_class_name>
<sys_created_by>virag.shah@capgemini.com</sys_created_by>
<sys_created_on>2018-03-08 10:07:49</sys_created_on>
<sys_id>a14d06d40f341fc0c6da563be1050e03</sys_id>
<sys_mod_count>0</sys_mod_count>
<sys_updated_by>virag.shah@capgemini.com</sys_updated_by>
<sys_updated_on>2018-03-08 10:07:49</sys_updated_on>
<update_set display_value=""/>
<update_source display_value=""/>
<updated/>
</sys_remote_update_set>
<sys_update_xml action="INSERT_OR_UPDATE">
<action/>
<application display_value=""/>
<category/>
<comments/>
<name>sys_ui_section_6ec4888edb228b00a8a37dfdae9619cf</name>
<payload><![CDATA[<?xml version="1.0" encoding="UTF-8"?><record_update><sys_ui_section caption=" Plans" section_id="6ec4888edb228b00a8a37dfdae9619cf" sys_domain="409c30addb8e8f0066e6f2f5ab9619e3" table="change_request" version="3" view=""><sys_ui_element action="INSERT_OR_UPDATE"><element>change_plan</element><position>0</position><sys_created_by>rkulshreshtha</sys_created_by><sys_created_on>2018-01-22 14:12:16</sys_created_on><sys_id>a7a51f31dbbfcf00a8a37dfdae961908</sys_id><sys_mod_count>0</sys_mod_count><sys_ui_formatter/><sys_ui_section caption=" Plans" display_value=" Plans" name="change_request" sys_domain="409c30addb8e8f0066e6f2f5ab9619e3" view="Default view">6ec4888edb228b00a8a37dfdae9619cf</sys_ui_section><sys_updated_by>rkulshreshtha</sys_updated_by><sys_updated_on>2018-01-22 14:12:16</sys_updated_on><sys_user/><type/></sys_ui_element><sys_ui_element action="INSERT_OR_UPDATE"><element>justification</element><position>1</position><sys_created_by>rkulshreshtha</sys_created_by><sys_created_on>2018-01-22 14:12:16</sys_created_on><sys_id>2ba51f31dbbfcf00a8a37dfdae961908</sys_id><sys_mod_count>0</sys_mod_count><sys_ui_formatter/><sys_ui_section caption=" Plans" display_value=" Plans" name="change_request" sys_domain="409c30addb8e8f0066e6f2f5ab9619e3" view="Default view">6ec4888edb228b00a8a37dfdae9619cf</sys_ui_section><sys_updated_by>rkulshreshtha</sys_updated_by><sys_updated_on>2018-01-22 14:12:16</sys_updated_on><sys_user/><type/></sys_ui_element><sys_ui_element action="INSERT_OR_UPDATE"><element>implementation_plan</element><position>2</position><sys_created_by>rkulshreshtha</sys_created_by><sys_created_on>2018-01-22 14:12:16</sys_created_on><sys_id>aba51f31dbbfcf00a8a37dfdae961908</sys_id><sys_mod_count>0</sys_mod_count><sys_ui_formatter/><sys_ui_section caption=" Plans" display_value=" Plans" name="change_request" sys_domain="409c30addb8e8f0066e6f2f5ab9619e3" view="Default view">6ec4888edb228b00a8a37dfdae9619cf</sys_ui_section><sys_updated_by>rkulshreshtha</sys_updated_by><sys_updated_on>2018-01-22 14:12:16</sys_updated_on><sys_user/><type/></sys_ui_element><sys_ui_element action="INSERT_OR_UPDATE"><element>backout_plan</element><position>3</position><sys_created_by>rkulshreshtha</sys_created_by><sys_created_on>2018-01-22 14:12:16</sys_created_on><sys_id>2fa51f31dbbfcf00a8a37dfdae961908</sys_id><sys_mod_count>0</sys_mod_count><sys_ui_formatter/><sys_ui_section caption=" Plans" display_value=" Plans" name="change_request" sys_domain="409c30addb8e8f0066e6f2f5ab9619e3" view="Default view">6ec4888edb228b00a8a37dfdae9619cf</sys_ui_section><sys_updated_by>rkulshreshtha</sys_updated_by><sys_updated_on>2018-01-22 14:12:16</sys_updated_on><sys_user/><type/></sys_ui_element><sys_ui_element action="INSERT_OR_UPDATE"><element>test_plan</element><position>4</position><sys_created_by>rkulshreshtha</sys_created_by><sys_created_on>2018-01-22 14:12:16</sys_created_on><sys_id>afa51f31dbbfcf00a8a37dfdae961908</sys_id><sys_mod_count>0</sys_mod_count><sys_ui_formatter/><sys_ui_section caption=" Plans" display_value=" Plans" name="change_request" sys_domain="409c30addb8e8f0066e6f2f5ab9619e3" view="Default view">6ec4888edb228b00a8a37dfdae9619cf</sys_ui_section><sys_updated_by>rkulshreshtha</sys_updated_by><sys_updated_on>2018-01-22 14:12:16</sys_updated_on><sys_user/><type/></sys_ui_element><sys_ui_section action="INSERT_OR_UPDATE"><caption> Plans</caption><header>false</header><name>change_request</name><roles/><sys_class_name>sys_ui_section</sys_class_name><sys_created_by>rkulshreshtha</sys_created_by><sys_created_on>2017-11-21 14:19:35</sys_created_on><sys_customer_update>true</sys_customer_update><sys_domain>409c30addb8e8f0066e6f2f5ab9619e3</sys_domain><sys_domain_path>!!!/!!D/</sys_domain_path><sys_id>6ec4888edb228b00a8a37dfdae9619cf</sys_id><sys_mod_count>4</sys_mod_count><sys_name> Plans</sys_name><sys_overrides display_value="">global</sys_overrides><sys_package display_value="Global" source="global">global</sys_package><sys_policy/><sys_replace_on_upgrade>false</sys_replace_on_upgrade><sys_scope display_value="Global">global</sys_scope><sys_update_name>sys_ui_section_6ec4888edb228b00a8a37dfdae9619cf</sys_update_name><sys_updated_by>shweta.hegde@capgemini.com</sys_updated_by><sys_updated_on>2018-01-22 10:28:54</sys_updated_on><sys_user/><title>false</title><view display_value="Default view" name="NULL">Default view</view><view_name/></sys_ui_section></sys_ui_section></record_update>]]></payload>
<remote_update_set display_value="A&amp;W Change Management - V4">a14d06d40f341fc0c6da563be1050e03</remote_update_set>
<replace_on_upgrade>false</replace_on_upgrade>
<sys_created_by>virag.shah@capgemini.com</sys_created_by>
<sys_created_on>2018-03-08 10:07:49</sys_created_on>
<sys_id>294d06d40f341fc0c6da563be1050e04</sys_id>
<sys_mod_count>0</sys_mod_count>
<sys_updated_by>virag.shah@capgemini.com</sys_updated_by>
<sys_updated_on>2018-03-08 10:07:49</sys_updated_on>
<table/>
<target_name/>
<type/>
<update_domain/>
<update_set display_value=""/>
<view/>
</sys_update_xml>
<sys_update_xml action="INSERT_OR_UPDATE">
<action/>
<application display_value=""/>
<category/>
<comments/>
<name>sys_security_acl_role_7192f397db1fc3802dfc78a6ae9619b8</name>
<payload><![CDATA[<?xml version="1.0" encoding="UTF-8"?><record_update table="sys_security_acl_role"><sys_security_acl_role action="DELETE"><sys_class_name>sys_security_acl_role</sys_class_name><sys_created_by>lakshmi.kalatippi@capgemini.com</sys_created_by><sys_created_on>2018-01-02 11:38:03</sys_created_on><sys_customer_update>true</sys_customer_update><sys_id>7192f397db1fc3802dfc78a6ae9619b8</sys_id><sys_mod_count>4</sys_mod_count><sys_name>u_restaurant_a_w.A&amp;W ITIL</sys_name><sys_package display_value="Global" source="global">global</sys_package><sys_policy/><sys_replace_on_upgrade>false</sys_replace_on_upgrade><sys_scope display_value="Global">global</sys_scope><sys_security_acl display_value="u_restaurant_a_w">3192f397db1fc3802dfc78a6ae9619b1</sys_security_acl><sys_update_name>sys_security_acl_role_7192f397db1fc3802dfc78a6ae9619b8</sys_update_name><sys_updated_by>rkulshreshtha</sys_updated_by><sys_updated_on>2018-01-18 13:41:25</sys_updated_on><sys_user_role display_value="A&amp;W ITIL" name="A&amp;W ITIL">f4bd3857db0b07402dfc78a6ae9619fc</sys_user_role><transaction_id/></sys_security_acl_role></record_update>]]></payload>
<remote_update_set display_value="A&amp;W Change Management - V4">a14d06d40f341fc0c6da563be1050e03</remote_update_set>
<replace_on_upgrade>false</replace_on_upgrade>
<sys_created_by>virag.shah@capgemini.com</sys_created_by>
<sys_created_on>2018-03-08 10:07:49</sys_created_on>
<sys_id>2d4d06d40f341fc0c6da563be1050e03</sys_id>
<sys_mod_count>0</sys_mod_count>
<sys_updated_by>virag.shah@capgemini.com</sys_updated_by>
<sys_updated_on>2018-03-08 10:07:49</sys_updated_on>
<table/>
<target_name/>
<type/>
<update_domain/>
<update_set display_value=""/>
<view/>
</sys_update_xml>
<sys_update_xml action="INSERT_OR_UPDATE">
<action/>
<application display_value=""/>
<category/>
<comments/>
<name>sys_ui_section_40ce27b9dbee4b00a8a37dfdae961906</name>
<payload><![CDATA[<?xml version="1.0" encoding="UTF-8"?><record_update><sys_ui_section caption="Notes" section_id="40ce27b9dbee4b00a8a37dfdae961906" sys_domain="409c30addb8e8f0066e6f2f5ab9619e3" table="change_request" version="3" view=""><sys_ui_element action="INSERT_OR_UPDATE"><element>.begin_split</element><position>0</position><sys_created_by>rkulshreshtha</sys_created_by><sys_created_on>2018-01-22 14:27:50</sys_created_on><sys_id>6b399ff1dbbfcf00a8a37dfdae9619c2</sys_id><sys_mod_count>0</sys_mod_count><sys_ui_formatter/><sys_ui_section caption="Notes" display_value="Notes" name="change_request" sys_domain="409c30addb8e8f0066e6f2f5ab9619e3" view="Default view">40ce27b9dbee4b00a8a37dfdae961906</sys_ui_section><sys_updated_by>rkulshreshtha</sys_updated_by><sys_updated_on>2018-01-22 14:27:50</sys_updated_on><sys_user/><type>.begin_split</type></sys_ui_element><sys_ui_element action="INSERT_OR_UPDATE"><element>watch_list</element><position>1</position><sys_created_by>rkulshreshtha</sys_created_by><sys_created_on>2018-01-22 14:27:50</sys_created_on><sys_id>2f399ff1dbbfcf00a8a37dfdae9619c2</sys_id><sys_mod_count>0</sys_mod_count><sys_ui_formatter/><sys_ui_section caption="Notes" display_value="Notes" name="change_request" sys_domain="409c30addb8e8f0066e6f2f5ab9619e3" view="Default view">40ce27b9dbee4b00a8a37dfdae961906</sys_ui_section><sys_updated_by>rkulshreshtha</sys_updated_by><sys_updated_on>2018-01-22 14:27:50</sys_updated_on><sys_user/><type/></sys_ui_element><sys_ui_element action="INSERT_OR_UPDATE"><element>.split</element><position>2</position><sys_created_by>rkulshreshtha</sys_created_by><sys_created_on>2018-01-22 14:27:50</sys_created_on><sys_id>ef399ff1dbbfcf00a8a37dfdae9619c2</sys_id><sys_mod_count>0</sys_mod_count><sys_ui_formatter/><sys_ui_section caption="Notes" display_value="Notes" name="change_request" sys_domain="409c30addb8e8f0066e6f2f5ab9619e3" view="Default view">40ce27b9dbee4b00a8a37dfdae961906</sys_ui_section><sys_updated_by>rkulshreshtha</sys_updated_by><sys_updated_on>2018-01-22 14:27:50</sys_updated_on><sys_user/><type>.split</type></sys_ui_element><sys_ui_element action="INSERT_OR_UPDATE"><element>.end_split</element><position>3</position><sys_created_by>rkulshreshtha</sys_created_by><sys_created_on>2018-01-22 14:27:50</sys_created_on><sys_id>a3399ff1dbbfcf00a8a37dfdae9619c3</sys_id><sys_mod_count>0</sys_mod_count><sys_ui_formatter/><sys_ui_section caption="Notes" display_value="Notes" name="change_request" sys_domain="409c30addb8e8f0066e6f2f5ab9619e3" view="Default view">40ce27b9dbee4b00a8a37dfdae961906</sys_ui_section><sys_updated_by>rkulshreshtha</sys_updated_by><sys_updated_on>2018-01-22 14:27:50</sys_updated_on><sys_user/><type>.end_split</type></sys_ui_element><sys_ui_element action="INSERT_OR_UPDATE"><element>comments</element><position>4</position><sys_created_by>rkulshreshtha</sys_created_by><sys_created_on>2018-01-22 14:27:50</sys_created_on><sys_id>67399ff1dbbfcf00a8a37dfdae9619c3</sys_id><sys_mod_count>0</sys_mod_count><sys_ui_formatter/><sys_ui_section caption="Notes" display_value="Notes" name="change_request" sys_domain="409c30addb8e8f0066e6f2f5ab9619e3" view="Default view">40ce27b9dbee4b00a8a37dfdae961906</sys_ui_section><sys_updated_by>rkulshreshtha</sys_updated_by><sys_updated_on>2018-01-22 14:27:50</sys_updated_on><sys_user/><type/></sys_ui_element><sys_ui_element action="INSERT_OR_UPDATE"><element>work_notes</element><position>5</position><sys_created_by>rkulshreshtha</sys_created_by><sys_created_on>2018-01-22 14:27:50</sys_created_on><sys_id>2b399ff1dbbfcf00a8a37dfdae9619c3</sys_id><sys_mod_count>0</sys_mod_count><sys_ui_formatter/><sys_ui_section caption="Notes" display_value="Notes" name="change_request" sys_domain="409c30addb8e8f0066e6f2f5ab9619e3" view="Default view">40ce27b9dbee4b00a8a37dfdae961906</sys_ui_section><sys_updated_by>rkulshreshtha</sys_updated_by><sys_updated_on>2018-01-22 14:27:50</sys_updated_on><sys_user/><type/></sys_ui_element><sys_ui_element action="INSERT_OR_UPDATE"><element>activity.xml</element><position>6</position><sys_created_by>rkulshreshtha</sys_created_by><sys_created_on>2018-01-22 14:27:50</sys_created_on><sys_id>eb399ff1dbbfcf00a8a37dfdae9619c3</sys_id><sys_mod_count>0</sys_mod_count><sys_ui_formatter display_value="Activities (filtered)">b832d3560a0001c700d781efe21e22f5</sys_ui_formatter><sys_ui_section caption="Notes" display_value="Notes" name="change_request" sys_domain="409c30addb8e8f0066e6f2f5ab9619e3" view="Default view">40ce27b9dbee4b00a8a37dfdae961906</sys_ui_section><sys_updated_by>rkulshreshtha</sys_updated_by><sys_updated_on>2018-01-22 14:27:50</sys_updated_on><sys_user/><type>formatter</type></sys_ui_element><sys_ui_section action="INSERT_OR_UPDATE"><caption>Notes</caption><header>false</header><name>change_request</name><roles/><sys_class_name>sys_ui_section</sys_class_name><sys_created_by>rkulshreshtha</sys_created_by><sys_created_on>2017-11-21 12:43:18</sys_created_on><sys_customer_update>true</sys_customer_update><sys_domain>409c30addb8e8f0066e6f2f5ab9619e3</sys_domain><sys_domain_path>!!!/!!D/</sys_domain_path><sys_id>40ce27b9dbee4b00a8a37dfdae961906</sys_id><sys_mod_count>0</sys_mod_count><sys_name>Notes</sys_name><sys_overrides display_value="">global</sys_overrides><sys_package display_value="Global" source="global">global</sys_package><sys_policy/><sys_replace_on_upgrade>false</sys_replace_on_upgrade><sys_scope display_value="Global">global</sys_scope><sys_update_name>sys_ui_section_40ce27b9dbee4b00a8a37dfdae961906</sys_update_name><sys_updated_by>rkulshreshtha</sys_updated_by><sys_updated_on>2017-11-21 12:43:18</sys_updated_on><sys_user/><title>false</title><view display_value="Default view" name="NULL">Default view</view><view_name/></sys_ui_section></sys_ui_section></record_update>]]></payload>
<remote_update_set display_value="A&amp;W Change Management - V4">a14d06d40f341fc0c6da563be1050e03</remote_update_set>
<replace_on_upgrade>false</replace_on_upgrade>
<sys_created_by>virag.shah@capgemini.com</sys_created_by>
<sys_created_on>2018-03-08 10:07:49</sys_created_on>
<sys_id>654d06d40f341fc0c6da563be1050e04</sys_id>
<sys_mod_count>0</sys_mod_count>
<sys_updated_by>virag.shah@capgemini.com</sys_updated_by>
<sys_updated_on>2018-03-08 10:07:49</sys_updated_on>
<table/>
<target_name/>
<type/>
<update_domain/>
<update_set display_value=""/>
<view/>
</sys_update_xml>
<sys_update_xml action="INSERT_OR_UPDATE">
<action/>
<application display_value=""/>
<category/>
<comments/>
<name>sys_security_acl_role_1fdcdfb5dbbfcf00a8a37dfdae9619c9</name>
<payload><![CDATA[<?xml version="1.0" encoding="UTF-8"?><record_update table="sys_security_acl_role"><sys_security_acl_role action="INSERT_OR_UPDATE"><sys_class_name>sys_security_acl_role</sys_class_name><sys_created_by>rkulshreshtha</sys_created_by><sys_created_on>2018-01-22 14:43:57</sys_created_on><sys_customer_update>true</sys_customer_update><sys_id>1fdcdfb5dbbfcf00a8a37dfdae9619c9</sys_id><sys_mod_count>0</sys_mod_count><sys_name>u_restaurant_a_w.A&amp;W ITIL</sys_name><sys_package display_value="Global" source="global">global</sys_package><sys_policy/><sys_replace_on_upgrade>false</sys_replace_on_upgrade><sys_scope display_value="Global">global</sys_scope><sys_security_acl display_value="u_restaurant_a_w">7992f397db1fc3802dfc78a6ae961977</sys_security_acl><sys_update_name>sys_security_acl_role_1fdcdfb5dbbfcf00a8a37dfdae9619c9</sys_update_name><sys_updated_by>rkulshreshtha</sys_updated_by><sys_updated_on>2018-01-22 14:43:57</sys_updated_on><sys_user_role display_value="A&amp;W ITIL" name="A&amp;W ITIL">f4bd3857db0b07402dfc78a6ae9619fc</sys_user_role><transaction_id/></sys_security_acl_role></record_update>]]></payload>
<remote_update_set display_value="A&amp;W Change Management - V4">a14d06d40f341fc0c6da563be1050e03</remote_update_set>
<replace_on_upgrade>false</replace_on_upgrade>
<sys_created_by>virag.shah@capgemini.com</sys_created_by>
<sys_created_on>2018-03-08 10:07:49</sys_created_on>
<sys_id>694d06d40f341fc0c6da563be1050e03</sys_id>
<sys_mod_count>0</sys_mod_count>
<sys_updated_by>virag.shah@capgemini.com</sys_updated_by>
<sys_updated_on>2018-03-08 10:07:49</sys_updated_on>
<table/>
<target_name/>
<type/>
<update_domain/>
<update_set display_value=""/>
<view/>
</sys_update_xml>
<sys_update_xml action="INSERT_OR_UPDATE">
<action/>
<application display_value=""/>
<category/>
<comments/>
<name>sys_ui_section_106eaff5dbee4b00a8a37dfdae9619b5</name>
<payload><![CDATA[<?xml version="1.0" encoding="UTF-8"?><record_update><sys_ui_section caption="Schedule" section_id="106eaff5dbee4b00a8a37dfdae9619b5" sys_domain="409c30addb8e8f0066e6f2f5ab9619e3" table="change_request" version="3" view=""><sys_ui_element action="INSERT_OR_UPDATE"><element>.begin_split</element><position>0</position><sys_created_by>rkulshreshtha</sys_created_by><sys_created_on>2018-01-22 14:17:54</sys_created_on><sys_id>5af65f71dbbfcf00a8a37dfdae961954</sys_id><sys_mod_count>0</sys_mod_count><sys_ui_formatter/><sys_ui_section caption="Schedule" display_value="Schedule" name="change_request" sys_domain="409c30addb8e8f0066e6f2f5ab9619e3" view="Default view">106eaff5dbee4b00a8a37dfdae9619b5</sys_ui_section><sys_updated_by>rkulshreshtha</sys_updated_by><sys_updated_on>2018-01-22 14:17:54</sys_updated_on><sys_user/><type>.begin_split</type></sys_ui_element><sys_ui_element action="INSERT_OR_UPDATE"><element>requested_by_date</element><position>1</position><sys_created_by>rkulshreshtha</sys_created_by><sys_created_on>2018-01-22 14:17:54</sys_created_on><sys_id>daf65f71dbbfcf00a8a37dfdae961954</sys_id><sys_mod_count>0</sys_mod_count><sys_ui_formatter/><sys_ui_section caption="Schedule" display_value="Schedule" name="change_request" sys_domain="409c30addb8e8f0066e6f2f5ab9619e3" view="Default view">106eaff5dbee4b00a8a37dfdae9619b5</sys_ui_section><sys_updated_by>rkulshreshtha</sys_updated_by><sys_updated_on>2018-01-22 14:17:54</sys_updated_on><sys_user/><type/></sys_ui_element><sys_ui_element action="INSERT_OR_UPDATE"><element>start_date</element><position>2</position><sys_created_by>rkulshreshtha</sys_created_by><sys_created_on>2018-01-22 14:17:54</sys_created_on><sys_id>5ef65f71dbbfcf00a8a37dfdae961954</sys_id><sys_mod_count>0</sys_mod_count><sys_ui_formatter/><sys_ui_section caption="Schedule" display_value="Schedule" name="change_request" sys_domain="409c30addb8e8f0066e6f2f5ab9619e3" view="Default view">106eaff5dbee4b00a8a37dfdae9619b5</sys_ui_section><sys_updated_by>rkulshreshtha</sys_updated_by><sys_updated_on>2018-01-22 14:17:54</sys_updated_on><sys_user/><type/></sys_ui_element><sys_ui_element action="INSERT_OR_UPDATE"><element>end_date</element><position>3</position><sys_created_by>rkulshreshtha</sys_created_by><sys_created_on>2018-01-22 14:17:54</sys_created_on><sys_id>def65f71dbbfcf00a8a37dfdae961954</sys_id><sys_mod_count>0</sys_mod_count><sys_ui_formatter/><sys_ui_section caption="Schedule" display_value="Schedule" name="change_request" sys_domain="409c30addb8e8f0066e6f2f5ab9619e3" view="Default view">106eaff5dbee4b00a8a37dfdae9619b5</sys_ui_section><sys_updated_by>rkulshreshtha</sys_updated_by><sys_updated_on>2018-01-22 14:17:54</sys_updated_on><sys_user/><type/></sys_ui_element><sys_ui_element action="INSERT_OR_UPDATE"><element>.split</element><position>4</position><sys_created_by>rkulshreshtha</sys_created_by><sys_created_on>2018-01-22 14:17:54</sys_created_on><sys_id>52f65f71dbbfcf00a8a37dfdae961955</sys_id><sys_mod_count>0</sys_mod_count><sys_ui_formatter/><sys_ui_section caption="Schedule" display_value="Schedule" name="change_request" sys_domain="409c30addb8e8f0066e6f2f5ab9619e3" view="Default view">106eaff5dbee4b00a8a37dfdae9619b5</sys_ui_section><sys_updated_by>rkulshreshtha</sys_updated_by><sys_updated_on>2018-01-22 14:17:54</sys_updated_on><sys_user/><type>.split</type></sys_ui_element><sys_ui_element action="INSERT_OR_UPDATE"><element>u_actual_start_date</element><position>5</position><sys_created_by>rkulshreshtha</sys_created_by><sys_created_on>2018-01-22 14:17:54</sys_created_on><sys_id>d2f65f71dbbfcf00a8a37dfdae961955</sys_id><sys_mod_count>0</sys_mod_count><sys_ui_formatter/><sys_ui_section caption="Schedule" display_value="Schedule" name="change_request" sys_domain="409c30addb8e8f0066e6f2f5ab9619e3" view="Default view">106eaff5dbee4b00a8a37dfdae9619b5</sys_ui_section><sys_updated_by>rkulshreshtha</sys_updated_by><sys_updated_on>2018-01-22 14:17:54</sys_updated_on><sys_user/><type/></sys_ui_element><sys_ui_element action="INSERT_OR_UPDATE"><element>u_actual_end_date</element><position>6</position><sys_created_by>rkulshreshtha</sys_created_by><sys_created_on>2018-01-22 14:17:54</sys_created_on><sys_id>56f65f71dbbfcf00a8a37dfdae961955</sys_id><sys_mod_count>0</sys_mod_count><sys_ui_formatter/><sys_ui_section caption="Schedule" display_value="Schedule" name="change_request" sys_domain="409c30addb8e8f0066e6f2f5ab9619e3" view="Default view">106eaff5dbee4b00a8a37dfdae9619b5</sys_ui_section><sys_updated_by>rkulshreshtha</sys_updated_by><sys_updated_on>2018-01-22 14:17:54</sys_updated_on><sys_user/><type/></sys_ui_element><sys_ui_element action="INSERT_OR_UPDATE"><element>.end_split</element><position>7</position><sys_created_by>rkulshreshtha</sys_created_by><sys_created_on>2018-01-22 14:17:54</sys_created_on><sys_id>d6f65f71dbbfcf00a8a37dfdae961955</sys_id><sys_mod_count>0</sys_mod_count><sys_ui_formatter/><sys_ui_section caption="Schedule" display_value="Schedule" name="change_request" sys_domain="409c30addb8e8f0066e6f2f5ab9619e3" view="Default view">106eaff5dbee4b00a8a37dfdae9619b5</sys_ui_section><sys_updated_by>rkulshreshtha</sys_updated_by><sys_updated_on>2018-01-22 14:17:54</sys_updated_on><sys_user/><type>.end_split</type></sys_ui_element><sys_ui_element action="INSERT_OR_UPDATE"><element>.begin_split</element><position>8</position><sys_created_by>rkulshreshtha</sys_created_by><sys_created_on>2018-01-22 14:17:54</sys_created_on><sys_id>5af65f71dbbfcf00a8a37dfdae961955</sys_id><sys_mod_count>0</sys_mod_count><sys_ui_formatter/><sys_ui_section caption="Schedule" display_value="Schedule" name="change_request" sys_domain="409c30addb8e8f0066e6f2f5ab9619e3" view="Default view">106eaff5dbee4b00a8a37dfdae9619b5</sys_ui_section><sys_updated_by>rkulshreshtha</sys_updated_by><sys_updated_on>2018-01-22 14:17:54</sys_updated_on><sys_user/><type>.begin_split</type></sys_ui_element><sys_ui_element action="INSERT_OR_UPDATE"><element>cab_recommendation</element><position>9</position><sys_created_by>rkulshreshtha</sys_created_by><sys_created_on>2018-01-22 14:17:54</sys_created_on><sys_id>daf65f71dbbfcf00a8a37dfdae961955</sys_id><sys_mod_count>0</sys_mod_count><sys_ui_formatter/><sys_ui_section caption="Schedule" display_value="Schedule" name="change_request" sys_domain="409c30addb8e8f0066e6f2f5ab9619e3" view="Default view">106eaff5dbee4b00a8a37dfdae9619b5</sys_ui_section><sys_updated_by>rkulshreshtha</sys_updated_by><sys_updated_on>2018-01-22 14:17:54</sys_updated_on><sys_user/><type/></sys_ui_element><sys_ui_element action="INSERT_OR_UPDATE"><element>.split</element><position>10</position><sys_created_by>rkulshreshtha</sys_created_by><sys_created_on>2018-01-22 14:17:54</sys_created_on><sys_id>5ef65f71dbbfcf00a8a37dfdae961955</sys_id><sys_mod_count>0</sys_mod_count><sys_ui_formatter/><sys_ui_section caption="Schedule" display_value="Schedule" name="change_request" sys_domain="409c30addb8e8f0066e6f2f5ab9619e3" view="Default view">106eaff5dbee4b00a8a37dfdae9619b5</sys_ui_section><sys_updated_by>rkulshreshtha</sys_updated_by><sys_updated_on>2018-01-22 14:17:54</sys_updated_on><sys_user/><type>.split</type></sys_ui_element><sys_ui_element action="INSERT_OR_UPDATE"><element>cab_date</element><position>11</position><sys_created_by>rkulshreshtha</sys_created_by><sys_created_on>2018-01-22 14:17:54</sys_created_on><sys_id>def65f71dbbfcf00a8a37dfdae961955</sys_id><sys_mod_count>0</sys_mod_count><sys_ui_formatter/><sys_ui_section caption="Schedule" display_value="Schedule" name="change_request" sys_domain="409c30addb8e8f0066e6f2f5ab9619e3" view="Default view">106eaff5dbee4b00a8a37dfdae9619b5</sys_ui_section><sys_updated_by>rkulshreshtha</sys_updated_by><sys_updated_on>2018-01-22 14:17:54</sys_updated_on><sys_user/><type/></sys_ui_element><sys_ui_element action="INSERT_OR_UPDATE"><element>.end_split</element><position>12</position><sys_created_by>rkulshreshtha</sys_created_by><sys_created_on>2018-01-22 14:17:54</sys_created_on><sys_id>52f65f71dbbfcf00a8a37dfdae961956</sys_id><sys_mod_count>0</sys_mod_count><sys_ui_formatter/><sys_ui_section caption="Schedule" display_value="Schedule" name="change_request" sys_domain="409c30addb8e8f0066e6f2f5ab9619e3" view="Default view">106eaff5dbee4b00a8a37dfdae9619b5</sys_ui_section><sys_updated_by>rkulshreshtha</sys_updated_by><sys_updated_on>2018-01-22 14:17:54</sys_updated_on><sys_user/><type>.end_split</type></sys_ui_element><sys_ui_section action="INSERT_OR_UPDATE"><caption>Schedule</caption><header>false</header><name>change_request</name><roles/><sys_class_name>sys_ui_section</sys_class_name><sys_created_by>rkulshreshtha</sys_created_by><sys_created_on>2017-11-21 12:41:40</sys_created_on><sys_customer_update>true</sys_customer_update><sys_domain>409c30addb8e8f0066e6f2f5ab9619e3</sys_domain><sys_domain_path>!!!/!!D/</sys_domain_path><sys_id>106eaff5dbee4b00a8a37dfdae9619b5</sys_id><sys_mod_count>0</sys_mod_count><sys_name>Schedule</sys_name><sys_overrides caption="Schedule" display_value="Schedule" name="change_request" sys_domain="global" view="Default view">ee95827dc0a8016400f6e15e01fc13ed</sys_overrides><sys_package display_value="Global" source="global">global</sys_package><sys_policy/><sys_replace_on_upgrade>false</sys_replace_on_upgrade><sys_scope display_value="Global">global</sys_scope><sys_update_name>sys_ui_section_106eaff5dbee4b00a8a37dfdae9619b5</sys_update_name><sys_updated_by>rkulshreshtha</sys_updated_by><sys_updated_on>2017-11-21 12:41:40</sys_updated_on><sys_user/><title>true</title><view display_value="Default view" name="NULL">Default view</view><view_name/></sys_ui_section></sys_ui_section></record_update>]]></payload>
<remote_update_set display_value="A&amp;W Change Management - V4">a14d06d40f341fc0c6da563be1050e03</remote_update_set>
<replace_on_upgrade>false</replace_on_upgrade>
<sys_created_by>virag.shah@capgemini.com</sys_created_by>
<sys_created_on>2018-03-08 10:07:49</sys_created_on>
<sys_id>a14d06d40f341fc0c6da563be1050e04</sys_id>
<sys_mod_count>0</sys_mod_count>
<sys_updated_by>virag.shah@capgemini.com</sys_updated_by>
<sys_updated_on>2018-03-08 10:07:49</sys_updated_on>
<table/>
<target_name/>
<type/>
<update_domain/>
<update_set display_value=""/>
<view/>
</sys_update_xml>
<sys_update_xml action="INSERT_OR_UPDATE">
<action/>
<application display_value=""/>
<category/>
<comments/>
<name>sys_security_acl_3192f397db1fc3802dfc78a6ae9619b1</name>
<payload><![CDATA[<?xml version="1.0" encoding="UTF-8"?><record_update table="sys_security_acl"><sys_security_acl action="INSERT_OR_UPDATE"><active>true</active><admin_overrides>true</admin_overrides><advanced>false</advanced><condition table="u_restaurant_a_w">sys_domain=409c30addb8e8f0066e6f2f5ab9619e3^EQ<item display_table="domain" display_value="A&amp;W" endquery="false" field="sys_domain" goto="false" newquery="false" operator="=" or="false" value="409c30addb8e8f0066e6f2f5ab9619e3"/><item endquery="true" field="" goto="false" newquery="false" operator="=" or="false" value=""/></condition><description>Default access control on u_restaurant_a_w</description><name>u_restaurant_a_w</name><operation display_value="delete">delete</operation><script/><sys_class_name>sys_security_acl</sys_class_name><sys_created_by>lakshmi.kalatippi@capgemini.com</sys_created_by><sys_created_on>2018-01-02 11:38:03</sys_created_on><sys_customer_update>true</sys_customer_update><sys_id>3192f397db1fc3802dfc78a6ae9619b1</sys_id><sys_mod_count>1</sys_mod_count><sys_name>u_restaurant_a_w</sys_name><sys_package display_value="Global" source="global">global</sys_package><sys_policy/><sys_replace_on_upgrade>false</sys_replace_on_upgrade><sys_scope display_value="Global">global</sys_scope><sys_update_name>sys_security_acl_3192f397db1fc3802dfc78a6ae9619b1</sys_update_name><sys_updated_by>rkulshreshtha</sys_updated_by><sys_updated_on>2018-01-22 14:45:38</sys_updated_on><type display_value="record">record</type><u_relate/><u_relate_table/></sys_security_acl></record_update>]]></payload>
<remote_update_set display_value="A&amp;W Change Management - V4">a14d06d40f341fc0c6da563be1050e03</remote_update_set>
<replace_on_upgrade>false</replace_on_upgrade>
<sys_created_by>virag.shah@capgemini.com</sys_created_by>
<sys_created_on>2018-03-08 10:07:49</sys_created_on>
<sys_id>a54d06d40f341fc0c6da563be1050e03</sys_id>
<sys_mod_count>0</sys_mod_count>
<sys_updated_by>virag.shah@capgemini.com</sys_updated_by>
<sys_updated_on>2018-03-08 10:07:49</sys_updated_on>
<table/>
<target_name/>
<type/>
<update_domain/>
<update_set display_value=""/>
<view/>
</sys_update_xml>
<sys_update_xml action="INSERT_OR_UPDATE">
<action/>
<application display_value=""/>
<category/>
<comments/>
<name>sys_ui_section_e6bcb40ddbcfc780a8a37dfdae9619b3</name>
<payload><![CDATA[<?xml version="1.0" encoding="UTF-8"?><record_update><sys_ui_section caption="Closure Informations" section_id="e6bcb40ddbcfc780a8a37dfdae9619b3" sys_domain="409c30addb8e8f0066e6f2f5ab9619e3" table="change_request" version="3" view=""><sys_ui_element action="INSERT_OR_UPDATE"><element>u_close_code_a_w</element><position>1</position><sys_created_by>rkulshreshtha</sys_created_by><sys_created_on>2018-01-22 14:16:55</sys_created_on><sys_id>37b69771dbbfcf00a8a37dfdae961991</sys_id><sys_mod_count>1</sys_mod_count><sys_ui_formatter/><sys_ui_section caption="Closure Informations" display_value="Closure Informations" name="change_request" sys_domain="409c30addb8e8f0066e6f2f5ab9619e3" view="Default view">e6bcb40ddbcfc780a8a37dfdae9619b3</sys_ui_section><sys_updated_by>rkulshreshtha</sys_updated_by><sys_updated_on>2018-01-22 14:21:37</sys_updated_on><sys_user/><type/></sys_ui_element><sys_ui_element action="INSERT_OR_UPDATE"><element>close_notes</element><position>2</position><sys_created_by>rkulshreshtha</sys_created_by><sys_created_on>2018-01-22 14:16:55</sys_created_on><sys_id>b7b69771dbbfcf00a8a37dfdae961991</sys_id><sys_mod_count>1</sys_mod_count><sys_ui_formatter/><sys_ui_section caption="Closure Informations" display_value="Closure Informations" name="change_request" sys_domain="409c30addb8e8f0066e6f2f5ab9619e3" view="Default view">e6bcb40ddbcfc780a8a37dfdae9619b3</sys_ui_section><sys_updated_by>rkulshreshtha</sys_updated_by><sys_updated_on>2018-01-22 14:21:43</sys_updated_on><sys_user/><type/></sys_ui_element><sys_ui_section action="INSERT_OR_UPDATE"><caption>Closure Informations</caption><header>false</header><name>change_request</name><roles/><sys_class_name>sys_ui_section</sys_class_name><sys_created_by>shweta.hegde@capgemini.com</sys_created_by><sys_created_on>2017-12-13 12:21:27</sys_created_on><sys_customer_update>true</sys_customer_update><sys_domain>409c30addb8e8f0066e6f2f5ab9619e3</sys_domain><sys_domain_path>!!!/!!D/</sys_domain_path><sys_id>e6bcb40ddbcfc780a8a37dfdae9619b3</sys_id><sys_mod_count>7</sys_mod_count><sys_name>Closure Informations</sys_name><sys_overrides display_value="">global</sys_overrides><sys_package display_value="Global" source="global">global</sys_package><sys_policy/><sys_replace_on_upgrade>false</sys_replace_on_upgrade><sys_scope display_value="Global">global</sys_scope><sys_update_name>sys_ui_section_e6bcb40ddbcfc780a8a37dfdae9619b3</sys_update_name><sys_updated_by>rkulshreshtha</sys_updated_by><sys_updated_on>2018-01-22 14:22:07</sys_updated_on><sys_user/><title>false</title><view display_value="Default view" name="NULL">Default view</view><view_name/></sys_ui_section></sys_ui_section></record_update>]]></payload>
<remote_update_set display_value="A&amp;W Change Management - V4">a14d06d40f341fc0c6da563be1050e03</remote_update_set>
<replace_on_upgrade>false</replace_on_upgrade>
<sys_created_by>virag.shah@capgemini.com</sys_created_by>
<sys_created_on>2018-03-08 10:07:49</sys_created_on>
<sys_id>a54d8ad80f341fc0c6da563be1050ee7</sys_id>
<sys_mod_count>0</sys_mod_count>
<sys_updated_by>virag.shah@capgemini.com</sys_updated_by>
<sys_updated_on>2018-03-08 10:07:49</sys_updated_on>
<table/>
<target_name/>
<type/>
<update_domain/>
<update_set display_value=""/>
<view/>
</sys_update_xml>
<sys_update_xml action="INSERT_OR_UPDATE">
<action/>
<application display_value=""/>
<category/>
<comments/>
<name>sys_ui_section_e55ab675dbaa4b00a8a37dfdae961981</name>
<payload><![CDATA[<?xml version="1.0" encoding="UTF-8"?><record_update><sys_ui_section caption="Change Request" section_id="e55ab675dbaa4b00a8a37dfdae961981" sys_domain="409c30addb8e8f0066e6f2f5ab9619e3" table="change_request" version="3" view=""><sys_ui_element action="INSERT_OR_UPDATE"><element>process_flow.xml</element><position>0</position><sys_created_by>rkulshreshtha</sys_created_by><sys_created_on>2018-01-22 14:11:18</sys_created_on><sys_id>a175d731dbbfcf00a8a37dfdae961965</sys_id><sys_mod_count>0</sys_mod_count><sys_ui_formatter display_value="Process Flow">66c94b9f0fdbfd80b493db0be1050ee2</sys_ui_formatter><sys_ui_section caption="Change Request" display_value="Change Request" name="change_request" sys_domain="409c30addb8e8f0066e6f2f5ab9619e3" view="Default view">e55ab675dbaa4b00a8a37dfdae961981</sys_ui_section><sys_updated_by>rkulshreshtha</sys_updated_by><sys_updated_on>2018-01-22 14:11:18</sys_updated_on><sys_user/><type>formatter</type></sys_ui_element><sys_ui_element action="INSERT_OR_UPDATE"><element>.begin_split</element><position>1</position><sys_created_by>rkulshreshtha</sys_created_by><sys_created_on>2018-01-22 14:11:18</sys_created_on><sys_id>6575d731dbbfcf00a8a37dfdae961965</sys_id><sys_mod_count>0</sys_mod_count><sys_ui_formatter/><sys_ui_section caption="Change Request" display_value="Change Request" name="change_request" sys_domain="409c30addb8e8f0066e6f2f5ab9619e3" view="Default view">e55ab675dbaa4b00a8a37dfdae961981</sys_ui_section><sys_updated_by>rkulshreshtha</sys_updated_by><sys_updated_on>2018-01-22 14:11:18</sys_updated_on><sys_user/><type>.begin_split</type></sys_ui_element><sys_ui_element action="INSERT_OR_UPDATE"><element>number</element><position>2</position><sys_created_by>rkulshreshtha</sys_created_by><sys_created_on>2018-01-22 14:11:18</sys_created_on><sys_id>e575d731dbbfcf00a8a37dfdae961965</sys_id><sys_mod_count>0</sys_mod_count><sys_ui_formatter/><sys_ui_section caption="Change Request" display_value="Change Request" name="change_request" sys_domain="409c30addb8e8f0066e6f2f5ab9619e3" view="Default view">e55ab675dbaa4b00a8a37dfdae961981</sys_ui_section><sys_updated_by>rkulshreshtha</sys_updated_by><sys_updated_on>2018-01-22 14:11:18</sys_updated_on><sys_user/><type/></sys_ui_element><sys_ui_element action="INSERT_OR_UPDATE"><element>requested_by</element><position>3</position><sys_created_by>rkulshreshtha</sys_created_by><sys_created_on>2018-01-22 14:11:18</sys_created_on><sys_id>6975d731dbbfcf00a8a37dfdae961965</sys_id><sys_mod_count>0</sys_mod_count><sys_ui_formatter/><sys_ui_section caption="Change Request" display_value="Change Request" name="change_request" sys_domain="409c30addb8e8f0066e6f2f5ab9619e3" view="Default view">e55ab675dbaa4b00a8a37dfdae961981</sys_ui_section><sys_updated_by>rkulshreshtha</sys_updated_by><sys_updated_on>2018-01-22 14:11:18</sys_updated_on><sys_user/><type/></sys_ui_element><sys_ui_element action="INSERT_OR_UPDATE"><element>category</element><position>4</position><sys_created_by>rkulshreshtha</sys_created_by><sys_created_on>2018-01-22 14:11:18</sys_created_on><sys_id>e975d731dbbfcf00a8a37dfdae961965</sys_id><sys_mod_count>0</sys_mod_count><sys_ui_formatter/><sys_ui_section caption="Change Request" display_value="Change Request" name="change_request" sys_domain="409c30addb8e8f0066e6f2f5ab9619e3" view="Default view">e55ab675dbaa4b00a8a37dfdae961981</sys_ui_section><sys_updated_by>rkulshreshtha</sys_updated_by><sys_updated_on>2018-01-22 14:11:18</sys_updated_on><sys_user/><type/></sys_ui_element><sys_ui_element action="INSERT_OR_UPDATE"><element>u_restaurant_aw</element><position>5</position><sys_created_by>rkulshreshtha</sys_created_by><sys_created_on>2018-01-22 14:11:18</sys_created_on><sys_id>6d75d731dbbfcf00a8a37dfdae961965</sys_id><sys_mod_count>0</sys_mod_count><sys_ui_formatter/><sys_ui_section caption="Change Request" display_value="Change Request" name="change_request" sys_domain="409c30addb8e8f0066e6f2f5ab9619e3" view="Default view">e55ab675dbaa4b00a8a37dfdae961981</sys_ui_section><sys_updated_by>rkulshreshtha</sys_updated_by><sys_updated_on>2018-01-22 14:11:18</sys_updated_on><sys_user/><type/></sys_ui_element><sys_ui_element action="INSERT_OR_UPDATE"><element>opened_at</element><position>6</position><sys_created_by>rkulshreshtha</sys_created_by><sys_created_on>2018-01-22 14:11:18</sys_created_on><sys_id>ed75d731dbbfcf00a8a37dfdae961965</sys_id><sys_mod_count>0</sys_mod_count><sys_ui_formatter/><sys_ui_section caption="Change Request" display_value="Change Request" name="change_request" sys_domain="409c30addb8e8f0066e6f2f5ab9619e3" view="Default view">e55ab675dbaa4b00a8a37dfdae961981</sys_ui_section><sys_updated_by>rkulshreshtha</sys_updated_by><sys_updated_on>2018-01-22 14:11:18</sys_updated_on><sys_user/><type/></sys_ui_element><sys_ui_element action="INSERT_OR_UPDATE"><element>impact</element><position>7</position><sys_created_by>rkulshreshtha</sys_created_by><sys_created_on>2018-01-22 14:11:18</sys_created_on><sys_id>6175d731dbbfcf00a8a37dfdae961966</sys_id><sys_mod_count>0</sys_mod_count><sys_ui_formatter/><sys_ui_section caption="Change Request" display_value="Change Request" name="change_request" sys_domain="409c30addb8e8f0066e6f2f5ab9619e3" view="Default view">e55ab675dbaa4b00a8a37dfdae961981</sys_ui_section><sys_updated_by>rkulshreshtha</sys_updated_by><sys_updated_on>2018-01-22 14:11:18</sys_updated_on><sys_user/><type/></sys_ui_element><sys_ui_element action="INSERT_OR_UPDATE"><element>risk</element><position>8</position><sys_created_by>rkulshreshtha</sys_created_by><sys_created_on>2018-01-22 14:11:18</sys_created_on><sys_id>e175d731dbbfcf00a8a37dfdae961966</sys_id><sys_mod_count>0</sys_mod_count><sys_ui_formatter/><sys_ui_section caption="Change Request" display_value="Change Request" name="change_request" sys_domain="409c30addb8e8f0066e6f2f5ab9619e3" view="Default view">e55ab675dbaa4b00a8a37dfdae961981</sys_ui_section><sys_updated_by>rkulshreshtha</sys_updated_by><sys_updated_on>2018-01-22 14:11:18</sys_updated_on><sys_user/><type/></sys_ui_element><sys_ui_element action="INSERT_OR_UPDATE"><element>.split</element><position>9</position><sys_created_by>rkulshreshtha</sys_created_by><sys_created_on>2018-01-22 14:11:18</sys_created_on><sys_id>6575d731dbbfcf00a8a37dfdae961966</sys_id><sys_mod_count>0</sys_mod_count><sys_ui_formatter/><sys_ui_section caption="Change Request" display_value="Change Request" name="change_request" sys_domain="409c30addb8e8f0066e6f2f5ab9619e3" view="Default view">e55ab675dbaa4b00a8a37dfdae961981</sys_ui_section><sys_updated_by>rkulshreshtha</sys_updated_by><sys_updated_on>2018-01-22 14:11:18</sys_updated_on><sys_user/><type>.split</type></sys_ui_element><sys_ui_element action="INSERT_OR_UPDATE"><element>approval</element><position>10</position><sys_created_by>rkulshreshtha</sys_created_by><sys_created_on>2018-01-22 14:11:18</sys_created_on><sys_id>e575d731dbbfcf00a8a37dfdae961966</sys_id><sys_mod_count>0</sys_mod_count><sys_ui_formatter/><sys_ui_section caption="Change Request" display_value="Change Request" name="change_request" sys_domain="409c30addb8e8f0066e6f2f5ab9619e3" view="Default view">e55ab675dbaa4b00a8a37dfdae961981</sys_ui_section><sys_updated_by>rkulshreshtha</sys_updated_by><sys_updated_on>2018-01-22 14:11:18</sys_updated_on><sys_user/><type/></sys_ui_element><sys_ui_element action="INSERT_OR_UPDATE"><element>type</element><position>11</position><sys_created_by>rkulshreshtha</sys_created_by><sys_created_on>2018-01-22 14:11:18</sys_created_on><sys_id>6975d731dbbfcf00a8a37dfdae961966</sys_id><sys_mod_count>0</sys_mod_count><sys_ui_formatter/><sys_ui_section caption="Change Request" display_value="Change Request" name="change_request" sys_domain="409c30addb8e8f0066e6f2f5ab9619e3" view="Default view">e55ab675dbaa4b00a8a37dfdae961981</sys_ui_section><sys_updated_by>rkulshreshtha</sys_updated_by><sys_updated_on>2018-01-22 14:11:18</sys_updated_on><sys_user/><type/></sys_ui_element><sys_ui_element action="INSERT_OR_UPDATE"><element>state</element><position>12</position><sys_created_by>rkulshreshtha</sys_created_by><sys_created_on>2018-01-22 14:11:18</sys_created_on><sys_id>e975d731dbbfcf00a8a37dfdae961966</sys_id><sys_mod_count>0</sys_mod_count><sys_ui_formatter/><sys_ui_section caption="Change Request" display_value="Change Request" name="change_request" sys_domain="409c30addb8e8f0066e6f2f5ab9619e3" view="Default view">e55ab675dbaa4b00a8a37dfdae961981</sys_ui_section><sys_updated_by>rkulshreshtha</sys_updated_by><sys_updated_on>2018-01-22 14:11:18</sys_updated_on><sys_user/><type/></sys_ui_element><sys_ui_element action="INSERT_OR_UPDATE"><element>u_a_w_on_hold</element><position>13</position><sys_created_by>rkulshreshtha</sys_created_by><sys_created_on>2018-01-22 14:11:18</sys_created_on><sys_id>6d75d731dbbfcf00a8a37dfdae961966</sys_id><sys_mod_count>0</sys_mod_count><sys_ui_formatter/><sys_ui_section caption="Change Request" display_value="Change Request" name="change_request" sys_domain="409c30addb8e8f0066e6f2f5ab9619e3" view="Default view">e55ab675dbaa4b00a8a37dfdae961981</sys_ui_section><sys_updated_by>rkulshreshtha</sys_updated_by><sys_updated_on>2018-01-22 14:11:18</sys_updated_on><sys_user/><type/></sys_ui_element><sys_ui_element action="INSERT_OR_UPDATE"><element>assignment_group</element><position>14</position><sys_created_by>rkulshreshtha</sys_created_by><sys_created_on>2018-01-22 14:11:18</sys_created_on><sys_id>ed75d731dbbfcf00a8a37dfdae961966</sys_id><sys_mod_count>0</sys_mod_count><sys_ui_formatter/><sys_ui_section caption="Change Request" display_value="Change Request" name="change_request" sys_domain="409c30addb8e8f0066e6f2f5ab9619e3" view="Default view">e55ab675dbaa4b00a8a37dfdae961981</sys_ui_section><sys_updated_by>rkulshreshtha</sys_updated_by><sys_updated_on>2018-01-22 14:11:18</sys_updated_on><sys_user/><type/></sys_ui_element><sys_ui_element action="INSERT_OR_UPDATE"><element>assigned_to</element><position>15</position><sys_created_by>rkulshreshtha</sys_created_by><sys_created_on>2018-01-22 14:11:18</sys_created_on><sys_id>6175d731dbbfcf00a8a37dfdae961967</sys_id><sys_mod_count>0</sys_mod_count><sys_ui_formatter/><sys_ui_section caption="Change Request" display_value="Change Request" name="change_request" sys_domain="409c30addb8e8f0066e6f2f5ab9619e3" view="Default view">e55ab675dbaa4b00a8a37dfdae961981</sys_ui_section><sys_updated_by>rkulshreshtha</sys_updated_by><sys_updated_on>2018-01-22 14:11:18</sys_updated_on><sys_user/><type/></sys_ui_element><sys_ui_element action="INSERT_OR_UPDATE"><element>.end_split</element><position>16</position><sys_created_by>rkulshreshtha</sys_created_by><sys_created_on>2018-01-22 14:11:18</sys_created_on><sys_id>e175d731dbbfcf00a8a37dfdae961967</sys_id><sys_mod_count>0</sys_mod_count><sys_ui_formatter/><sys_ui_section caption="Change Request" display_value="Change Request" name="change_request" sys_domain="409c30addb8e8f0066e6f2f5ab9619e3" view="Default view">e55ab675dbaa4b00a8a37dfdae961981</sys_ui_section><sys_updated_by>rkulshreshtha</sys_updated_by><sys_updated_on>2018-01-22 14:11:18</sys_updated_on><sys_user/><type>.end_split</type></sys_ui_element><sys_ui_element action="INSERT_OR_UPDATE"><element>short_description</element><position>17</position><sys_created_by>rkulshreshtha</sys_created_by><sys_created_on>2018-01-22 14:11:18</sys_created_on><sys_id>6575d731dbbfcf00a8a37dfdae961967</sys_id><sys_mod_count>0</sys_mod_count><sys_ui_formatter/><sys_ui_section caption="Change Request" display_value="Change Request" name="change_request" sys_domain="409c30addb8e8f0066e6f2f5ab9619e3" view="Default view">e55ab675dbaa4b00a8a37dfdae961981</sys_ui_section><sys_updated_by>rkulshreshtha</sys_updated_by><sys_updated_on>2018-01-22 14:11:18</sys_updated_on><sys_user/><type/></sys_ui_element><sys_ui_element action="INSERT_OR_UPDATE"><element>description</element><position>18</position><sys_created_by>rkulshreshtha</sys_created_by><sys_created_on>2018-01-22 14:11:18</sys_created_on><sys_id>e575d731dbbfcf00a8a37dfdae961967</sys_id><sys_mod_count>0</sys_mod_count><sys_ui_formatter/><sys_ui_section caption="Change Request" display_value="Change Request" name="change_request" sys_domain="409c30addb8e8f0066e6f2f5ab9619e3" view="Default view">e55ab675dbaa4b00a8a37dfdae961981</sys_ui_section><sys_updated_by>rkulshreshtha</sys_updated_by><sys_updated_on>2018-01-22 14:11:18</sys_updated_on><sys_user/><type/></sys_ui_element><sys_ui_section action="INSERT_OR_UPDATE"><caption>Change Request</caption><header>false</header><name>change_request</name><roles/><sys_class_name>sys_ui_section</sys_class_name><sys_created_by>rkulshreshtha</sys_created_by><sys_created_on>2017-11-21 08:54:18</sys_created_on><sys_customer_update>true</sys_customer_update><sys_domain>409c30addb8e8f0066e6f2f5ab9619e3</sys_domain><sys_domain_path>!!!/!!D/</sys_domain_path><sys_id>e55ab675dbaa4b00a8a37dfdae961981</sys_id><sys_mod_count>1</sys_mod_count><sys_name>Change Request</sys_name><sys_overrides caption="NULL" display_value="" name="change_request" sys_domain="global" view="Default view">cd591479c0a801640182b9b52e6f070b</sys_overrides><sys_package display_value="Global" source="global">global</sys_package><sys_policy/><sys_replace_on_upgrade>false</sys_replace_on_upgrade><sys_scope display_value="Global">global</sys_scope><sys_update_name>sys_ui_section_e55ab675dbaa4b00a8a37dfdae961981</sys_update_name><sys_updated_by>rkulshreshtha</sys_updated_by><sys_updated_on>2017-11-21 15:45:20</sys_updated_on><sys_user/><title>false</title><view display_value="Default view" name="NULL">Default view</view><view_name/></sys_ui_section></sys_ui_section></record_update>]]></payload>
<remote_update_set display_value="A&amp;W Change Management - V4">a14d06d40f341fc0c6da563be1050e03</remote_update_set>
<replace_on_upgrade>false</replace_on_upgrade>
<sys_created_by>virag.shah@capgemini.com</sys_created_by>
<sys_created_on>2018-03-08 10:07:49</sys_created_on>
<sys_id>e14d8ad80f341fc0c6da563be1050ee7</sys_id>
<sys_mod_count>0</sys_mod_count>
<sys_updated_by>virag.shah@capgemini.com</sys_updated_by>
<sys_updated_on>2018-03-08 10:07:49</sys_updated_on>
<table/>
<target_name/>
<type/>
<update_domain/>
<update_set display_value=""/>
<view/>
</sys_update_xml>
<sys_update_xml action="INSERT_OR_UPDATE">
<action/>
<application display_value=""/>
<category/>
<comments/>
<name>sys_ui_section_cc413ee4db6a0700a8a37dfdae96195d</name>
<payload><![CDATA[<?xml version="1.0" encoding="UTF-8"?><record_update><sys_ui_section caption="" section_id="cc413ee4db6a0700a8a37dfdae96195d" sys_domain="409c30addb8e8f0066e6f2f5ab9619e3" table="incident" version="3" view=""><sys_ui_element action="INSERT_OR_UPDATE"><element>process_flow.xml</element><position>0</position><sys_created_by>rkulshreshtha</sys_created_by><sys_created_on>2018-01-22 14:32:32</sys_created_on><sys_id>ec5a9f35dbbfcf00a8a37dfdae961984</sys_id><sys_mod_count>0</sys_mod_count><sys_ui_formatter display_value="Process Flow">3706f92da413f54cda254a6241af34f5</sys_ui_formatter><sys_ui_section caption="NULL" display_value="" name="incident" sys_domain="409c30addb8e8f0066e6f2f5ab9619e3" view="Default view">cc413ee4db6a0700a8a37dfdae96195d</sys_ui_section><sys_updated_by>rkulshreshtha</sys_updated_by><sys_updated_on>2018-01-22 14:32:32</sys_updated_on><sys_user/><type>formatter</type></sys_ui_element><sys_ui_element action="INSERT_OR_UPDATE"><element>.begin_split</element><position>1</position><sys_created_by>rkulshreshtha</sys_created_by><sys_created_on>2018-01-22 14:32:32</sys_created_on><sys_id>a05a9f35dbbfcf00a8a37dfdae961985</sys_id><sys_mod_count>0</sys_mod_count><sys_ui_formatter/><sys_ui_section caption="NULL" display_value="" name="incident" sys_domain="409c30addb8e8f0066e6f2f5ab9619e3" view="Default view">cc413ee4db6a0700a8a37dfdae96195d</sys_ui_section><sys_updated_by>rkulshreshtha</sys_updated_by><sys_updated_on>2018-01-22 14:32:32</sys_updated_on><sys_user/><type>.begin_split</type></sys_ui_element><sys_ui_element action="INSERT_OR_UPDATE"><element>number</element><position>2</position><sys_created_by>rkulshreshtha</sys_created_by><sys_created_on>2018-01-22 14:32:32</sys_created_on><sys_id>245a9f35dbbfcf00a8a37dfdae961985</sys_id><sys_mod_count>0</sys_mod_count><sys_ui_formatter/><sys_ui_section caption="NULL" display_value="" name="incident" sys_domain="409c30addb8e8f0066e6f2f5ab9619e3" view="Default view">cc413ee4db6a0700a8a37dfdae96195d</sys_ui_section><sys_updated_by>rkulshreshtha</sys_updated_by><sys_updated_on>2018-01-22 14:32:32</sys_updated_on><sys_user/><type/></sys_ui_element><sys_ui_element action="INSERT_OR_UPDATE"><element>caller_id</element><position>3</position><sys_created_by>rkulshreshtha</sys_created_by><sys_created_on>2018-01-22 14:32:32</sys_created_on><sys_id>a45a9f35dbbfcf00a8a37dfdae961985</sys_id><sys_mod_count>0</sys_mod_count><sys_ui_formatter/><sys_ui_section caption="NULL" display_value="" name="incident" sys_domain="409c30addb8e8f0066e6f2f5ab9619e3" view="Default view">cc413ee4db6a0700a8a37dfdae96195d</sys_ui_section><sys_updated_by>rkulshreshtha</sys_updated_by><sys_updated_on>2018-01-22 14:32:32</sys_updated_on><sys_user/><type/></sys_ui_element><sys_ui_element action="INSERT_OR_UPDATE"><element>caller_id.location</element><position>4</position><sys_created_by>rkulshreshtha</sys_created_by><sys_created_on>2018-01-22 14:32:32</sys_created_on><sys_id>285a9f35dbbfcf00a8a37dfdae961985</sys_id><sys_mod_count>0</sys_mod_count><sys_ui_formatter/><sys_ui_section caption="NULL" display_value="" name="incident" sys_domain="409c30addb8e8f0066e6f2f5ab9619e3" view="Default view">cc413ee4db6a0700a8a37dfdae96195d</sys_ui_section><sys_updated_by>rkulshreshtha</sys_updated_by><sys_updated_on>2018-01-22 14:32:32</sys_updated_on><sys_user/><type/></sys_ui_element><sys_ui_element action="INSERT_OR_UPDATE"><element>u_restaurant_aw</element><position>5</position><sys_created_by>rkulshreshtha</sys_created_by><sys_created_on>2018-01-22 14:32:32</sys_created_on><sys_id>a85a9f35dbbfcf00a8a37dfdae961985</sys_id><sys_mod_count>0</sys_mod_count><sys_ui_formatter/><sys_ui_section caption="NULL" display_value="" name="incident" sys_domain="409c30addb8e8f0066e6f2f5ab9619e3" view="Default view">cc413ee4db6a0700a8a37dfdae96195d</sys_ui_section><sys_updated_by>rkulshreshtha</sys_updated_by><sys_updated_on>2018-01-22 14:32:32</sys_updated_on><sys_user/><type/></sys_ui_element><sys_ui_element action="INSERT_OR_UPDATE"><element>impact</element><position>6</position><sys_created_by>rkulshreshtha</sys_created_by><sys_created_on>2018-01-22 14:32:32</sys_created_on><sys_id>2c5a9f35dbbfcf00a8a37dfdae961985</sys_id><sys_mod_count>0</sys_mod_count><sys_ui_formatter/><sys_ui_section caption="NULL" display_value="" name="incident" sys_domain="409c30addb8e8f0066e6f2f5ab9619e3" view="Default view">cc413ee4db6a0700a8a37dfdae96195d</sys_ui_section><sys_updated_by>rkulshreshtha</sys_updated_by><sys_updated_on>2018-01-22 14:32:32</sys_updated_on><sys_user/><type/></sys_ui_element><sys_ui_element action="INSERT_OR_UPDATE"><element>urgency</element><position>7</position><sys_created_by>rkulshreshtha</sys_created_by><sys_created_on>2018-01-22 14:32:32</sys_created_on><sys_id>ac5a9f35dbbfcf00a8a37dfdae961985</sys_id><sys_mod_count>0</sys_mod_count><sys_ui_formatter/><sys_ui_section caption="NULL" display_value="" name="incident" sys_domain="409c30addb8e8f0066e6f2f5ab9619e3" view="Default view">cc413ee4db6a0700a8a37dfdae96195d</sys_ui_section><sys_updated_by>rkulshreshtha</sys_updated_by><sys_updated_on>2018-01-22 14:32:32</sys_updated_on><sys_user/><type/></sys_ui_element><sys_ui_element action="INSERT_OR_UPDATE"><element>priority</element><position>8</position><sys_created_by>rkulshreshtha</sys_created_by><sys_created_on>2018-01-22 14:32:32</sys_created_on><sys_id>205a9f35dbbfcf00a8a37dfdae961986</sys_id><sys_mod_count>0</sys_mod_count><sys_ui_formatter/><sys_ui_section caption="NULL" display_value="" name="incident" sys_domain="409c30addb8e8f0066e6f2f5ab9619e3" view="Default view">cc413ee4db6a0700a8a37dfdae96195d</sys_ui_section><sys_updated_by>rkulshreshtha</sys_updated_by><sys_updated_on>2018-01-22 14:32:32</sys_updated_on><sys_user/><type/></sys_ui_element><sys_ui_element action="INSERT_OR_UPDATE"><element>.split</element><position>9</position><sys_created_by>rkulshreshtha</sys_created_by><sys_created_on>2018-01-22 14:32:32</sys_created_on><sys_id>a05a9f35dbbfcf00a8a37dfdae961986</sys_id><sys_mod_count>0</sys_mod_count><sys_ui_formatter/><sys_ui_section caption="NULL" display_value="" name="incident" sys_domain="409c30addb8e8f0066e6f2f5ab9619e3" view="Default view">cc413ee4db6a0700a8a37dfdae96195d</sys_ui_section><sys_updated_by>rkulshreshtha</sys_updated_by><sys_updated_on>2018-01-22 14:32:32</sys_updated_on><sys_user/><type>.split</type></sys_ui_element><sys_ui_element action="INSERT_OR_UPDATE"><element>sys_created_on</element><position>10</position><sys_created_by>rkulshreshtha</sys_created_by><sys_created_on>2018-01-22 14:32:32</sys_created_on><sys_id>245a9f35dbbfcf00a8a37dfdae961986</sys_id><sys_mod_count>0</sys_mod_count><sys_ui_formatter/><sys_ui_section caption="NULL" display_value="" name="incident" sys_domain="409c30addb8e8f0066e6f2f5ab9619e3" view="Default view">cc413ee4db6a0700a8a37dfdae96195d</sys_ui_section><sys_updated_by>rkulshreshtha</sys_updated_by><sys_updated_on>2018-01-22 14:32:32</sys_updated_on><sys_user/><type/></sys_ui_element><sys_ui_element action="INSERT_OR_UPDATE"><element>opened_by</element><position>11</position><sys_created_by>rkulshreshtha</sys_created_by><sys_created_on>2018-01-22 14:32:32</sys_created_on><sys_id>a45a9f35dbbfcf00a8a37dfdae961986</sys_id><sys_mod_count>0</sys_mod_count><sys_ui_formatter/><sys_ui_section caption="NULL" display_value="" name="incident" sys_domain="409c30addb8e8f0066e6f2f5ab9619e3" view="Default view">cc413ee4db6a0700a8a37dfdae96195d</sys_ui_section><sys_updated_by>rkulshreshtha</sys_updated_by><sys_updated_on>2018-01-22 14:32:32</sys_updated_on><sys_user/><type/></sys_ui_element><sys_ui_element action="INSERT_OR_UPDATE"><element>incident_state</element><position>12</position><sys_created_by>rkulshreshtha</sys_created_by><sys_created_on>2018-01-22 14:32:32</sys_created_on><sys_id>285a9f35dbbfcf00a8a37dfdae961986</sys_id><sys_mod_count>0</sys_mod_count><sys_ui_formatter/><sys_ui_section caption="NULL" display_value="" name="incident" sys_domain="409c30addb8e8f0066e6f2f5ab9619e3" view="Default view">cc413ee4db6a0700a8a37dfdae96195d</sys_ui_section><sys_updated_by>rkulshreshtha</sys_updated_by><sys_updated_on>2018-01-22 14:32:32</sys_updated_on><sys_user/><type/></sys_ui_element><sys_ui_element action="INSERT_OR_UPDATE"><element>u_vendor_a_w</element><position>13</position><sys_created_by>rkulshreshtha</sys_created_by><sys_created_on>2018-01-22 14:32:32</sys_created_on><sys_id>a85a9f35dbbfcf00a8a37dfdae961986</sys_id><sys_mod_count>0</sys_mod_count><sys_ui_formatter/><sys_ui_section caption="NULL" display_value="" name="incident" sys_domain="409c30addb8e8f0066e6f2f5ab9619e3" view="Default view">cc413ee4db6a0700a8a37dfdae96195d</sys_ui_section><sys_updated_by>rkulshreshtha</sys_updated_by><sys_updated_on>2018-01-22 14:32:32</sys_updated_on><sys_user/><type/></sys_ui_element><sys_ui_element action="INSERT_OR_UPDATE"><element>contact_type</element><position>14</position><sys_created_by>rkulshreshtha</sys_created_by><sys_created_on>2018-01-22 14:32:32</sys_created_on><sys_id>2c5a9f35dbbfcf00a8a37dfdae961986</sys_id><sys_mod_count>0</sys_mod_count><sys_ui_formatter/><sys_ui_section caption="NULL" display_value="" name="incident" sys_domain="409c30addb8e8f0066e6f2f5ab9619e3" view="Default view">cc413ee4db6a0700a8a37dfdae96195d</sys_ui_section><sys_updated_by>rkulshreshtha</sys_updated_by><sys_updated_on>2018-01-22 14:32:32</sys_updated_on><sys_user/><type/></sys_ui_element><sys_ui_element action="INSERT_OR_UPDATE"><element>category</element><position>15</position><sys_created_by>rkulshreshtha</sys_created_by><sys_created_on>2018-01-22 14:32:32</sys_created_on><sys_id>ac5a9f35dbbfcf00a8a37dfdae961986</sys_id><sys_mod_count>0</sys_mod_count><sys_ui_formatter/><sys_ui_section caption="NULL" display_value="" name="incident" sys_domain="409c30addb8e8f0066e6f2f5ab9619e3" view="Default view">cc413ee4db6a0700a8a37dfdae96195d</sys_ui_section><sys_updated_by>rkulshreshtha</sys_updated_by><sys_updated_on>2018-01-22 14:32:32</sys_updated_on><sys_user/><type/></sys_ui_element><sys_ui_element action="INSERT_OR_UPDATE"><element>subcategory</element><position>16</position><sys_created_by>rkulshreshtha</sys_created_by><sys_created_on>2018-01-22 14:32:32</sys_created_on><sys_id>205a9f35dbbfcf00a8a37dfdae961987</sys_id><sys_mod_count>0</sys_mod_count><sys_ui_formatter/><sys_ui_section caption="NULL" display_value="" name="incident" sys_domain="409c30addb8e8f0066e6f2f5ab9619e3" view="Default view">cc413ee4db6a0700a8a37dfdae96195d</sys_ui_section><sys_updated_by>rkulshreshtha</sys_updated_by><sys_updated_on>2018-01-22 14:32:32</sys_updated_on><sys_user/><type/></sys_ui_element><sys_ui_element action="INSERT_OR_UPDATE"><element>assignment_group</element><position>17</position><sys_created_by>rkulshreshtha</sys_created_by><sys_created_on>2018-01-22 14:32:32</sys_created_on><sys_id>a05a9f35dbbfcf00a8a37dfdae961987</sys_id><sys_mod_count>0</sys_mod_count><sys_ui_formatter/><sys_ui_section caption="NULL" display_value="" name="incident" sys_domain="409c30addb8e8f0066e6f2f5ab9619e3" view="Default view">cc413ee4db6a0700a8a37dfdae96195d</sys_ui_section><sys_updated_by>rkulshreshtha</sys_updated_by><sys_updated_on>2018-01-22 14:32:32</sys_updated_on><sys_user/><type/></sys_ui_element><sys_ui_element action="INSERT_OR_UPDATE"><element>assigned_to</element><position>18</position><sys_created_by>rkulshreshtha</sys_created_by><sys_created_on>2018-01-22 14:32:32</sys_created_on><sys_id>245a9f35dbbfcf00a8a37dfdae961987</sys_id><sys_mod_count>0</sys_mod_count><sys_ui_formatter/><sys_ui_section caption="NULL" display_value="" name="incident" sys_domain="409c30addb8e8f0066e6f2f5ab9619e3" view="Default view">cc413ee4db6a0700a8a37dfdae96195d</sys_ui_section><sys_updated_by>rkulshreshtha</sys_updated_by><sys_updated_on>2018-01-22 14:32:32</sys_updated_on><sys_user/><type/></sys_ui_element><sys_ui_element action="INSERT_OR_UPDATE"><element>.end_split</element><position>19</position><sys_created_by>rkulshreshtha</sys_created_by><sys_created_on>2018-01-22 14:32:32</sys_created_on><sys_id>a45a9f35dbbfcf00a8a37dfdae961987</sys_id><sys_mod_count>0</sys_mod_count><sys_ui_formatter/><sys_ui_section caption="NULL" display_value="" name="incident" sys_domain="409c30addb8e8f0066e6f2f5ab9619e3" view="Default view">cc413ee4db6a0700a8a37dfdae96195d</sys_ui_section><sys_updated_by>rkulshreshtha</sys_updated_by><sys_updated_on>2018-01-22 14:32:32</sys_updated_on><sys_user/><type>.end_split</type></sys_ui_element><sys_ui_element action="INSERT_OR_UPDATE"><element>short_description</element><position>20</position><sys_created_by>rkulshreshtha</sys_created_by><sys_created_on>2018-01-22 14:32:32</sys_created_on><sys_id>285a9f35dbbfcf00a8a37dfdae961987</sys_id><sys_mod_count>0</sys_mod_count><sys_ui_formatter/><sys_ui_section caption="NULL" display_value="" name="incident" sys_domain="409c30addb8e8f0066e6f2f5ab9619e3" view="Default view">cc413ee4db6a0700a8a37dfdae96195d</sys_ui_section><sys_updated_by>rkulshreshtha</sys_updated_by><sys_updated_on>2018-01-22 14:32:32</sys_updated_on><sys_user/><type/></sys_ui_element><sys_ui_element action="INSERT_OR_UPDATE"><element>description</element><position>21</position><sys_created_by>rkulshreshtha</sys_created_by><sys_created_on>2018-01-22 14:32:32</sys_created_on><sys_id>a85a9f35dbbfcf00a8a37dfdae961987</sys_id><sys_mod_count>0</sys_mod_count><sys_ui_formatter/><sys_ui_section caption="NULL" display_value="" name="incident" sys_domain="409c30addb8e8f0066e6f2f5ab9619e3" view="Default view">cc413ee4db6a0700a8a37dfdae96195d</sys_ui_section><sys_updated_by>rkulshreshtha</sys_updated_by><sys_updated_on>2018-01-22 14:32:32</sys_updated_on><sys_user/><type/></sys_ui_element><sys_ui_section action="INSERT_OR_UPDATE"><caption/><header>false</header><name>incident</name><roles/><sys_class_name>sys_ui_section</sys_class_name><sys_created_by>lakshmi.kalatippi@capgemini.com</sys_created_by><sys_created_on>2017-11-17 11:02:11</sys_created_on><sys_customer_update>true</sys_customer_update><sys_domain>409c30addb8e8f0066e6f2f5ab9619e3</sys_domain><sys_domain_path>!!!/!!D/</sys_domain_path><sys_id>cc413ee4db6a0700a8a37dfdae96195d</sys_id><sys_mod_count>0</sys_mod_count><sys_name>incident</sys_name><sys_overrides caption="NULL" display_value="" name="incident" sys_domain="global" view="Default view">bf1d96e3c0a801640190725e63f8ac80</sys_overrides><sys_package display_value="Global" source="global">global</sys_package><sys_policy/><sys_replace_on_upgrade>false</sys_replace_on_upgrade><sys_scope display_value="Global">global</sys_scope><sys_update_name>sys_ui_section_cc413ee4db6a0700a8a37dfdae96195d</sys_update_name><sys_updated_by>lakshmi.kalatippi@capgemini.com</sys_updated_by><sys_updated_on>2017-11-17 11:02:11</sys_updated_on><sys_user/><title>true</title><view display_value="Default view" name="NULL">Default view</view><view_name/></sys_ui_section></sys_ui_section></record_update>]]></payload>
<remote_update_set display_value="A&amp;W Change Management - V4">a14d06d40f341fc0c6da563be1050e03</remote_update_set>
<replace_on_upgrade>false</replace_on_upgrade>
<sys_created_by>virag.shah@capgemini.com</sys_created_by>
<sys_created_on>2018-03-08 10:07:49</sys_created_on>
<sys_id>e94d06d40f341fc0c6da563be1050e04</sys_id>
<sys_mod_count>0</sys_mod_count>
<sys_updated_by>virag.shah@capgemini.com</sys_updated_by>
<sys_updated_on>2018-03-08 10:07:49</sys_updated_on>
<table/>
<target_name/>
<type/>
<update_domain/>
<update_set display_value=""/>
<view/>
</sys_update_xml>
<sys_update_xml action="INSERT_OR_UPDATE">
<action/>
<application display_value=""/>
<category/>
<comments/>
<name>sys_security_acl_role_c13d9bb5dbbfcf00a8a37dfdae9619d0</name>
<payload><![CDATA[<?xml version="1.0" encoding="UTF-8"?><record_update table="sys_security_acl_role"><sys_security_acl_role action="INSERT_OR_UPDATE"><sys_class_name>sys_security_acl_role</sys_class_name><sys_created_by>rkulshreshtha</sys_created_by><sys_created_on>2018-01-22 14:45:38</sys_created_on><sys_customer_update>true</sys_customer_update><sys_id>c13d9bb5dbbfcf00a8a37dfdae9619d0</sys_id><sys_mod_count>0</sys_mod_count><sys_name>u_restaurant_a_w.admin</sys_name><sys_package display_value="Global" source="global">global</sys_package><sys_policy/><sys_replace_on_upgrade>false</sys_replace_on_upgrade><sys_scope display_value="Global">global</sys_scope><sys_security_acl display_value="u_restaurant_a_w">3192f397db1fc3802dfc78a6ae9619b1</sys_security_acl><sys_update_name>sys_security_acl_role_c13d9bb5dbbfcf00a8a37dfdae9619d0</sys_update_name><sys_updated_by>rkulshreshtha</sys_updated_by><sys_updated_on>2018-01-22 14:45:38</sys_updated_on><sys_user_role display_value="admin" name="admin">2831a114c611228501d4ea6c309d626d</sys_user_role><transaction_id/></sys_security_acl_role></record_update>]]></payload>
<remote_update_set display_value="A&amp;W Change Management - V4">a14d06d40f341fc0c6da563be1050e03</remote_update_set>
<replace_on_upgrade>false</replace_on_upgrade>
<sys_created_by>virag.shah@capgemini.com</sys_created_by>
<sys_created_on>2018-03-08 10:07:49</sys_created_on>
<sys_id>ed4d06d40f341fc0c6da563be1050e03</sys_id>
<sys_mod_count>0</sys_mod_count>
<sys_updated_by>virag.shah@capgemini.com</sys_updated_by>
<sys_updated_on>2018-03-08 10:07:49</sys_updated_on>
<table/>
<target_name/>
<type/>
<update_domain/>
<update_set display_value=""/>
<view/>
</sys_update_xml>
</unload>
