<?xml version="1.0" encoding="UTF-8"?>
<unload unload_date="2018-03-08 10:28:47">
<sys_remote_update_set action="INSERT_OR_UPDATE">
<application display_value="Global">global</application>
<application_name>Global</application_name>
<application_scope>global</application_scope>
<application_version/>
<collisions/>
<commit_date/>
<deleted/>
<description/>
<inserted/>
<name>A&amp;W Change Management - SH - V12</name>
<origin_sys_id/>
<release_date/>
<remote_sys_id>576fb4eb0f1c1f80c6da563be1050e79</remote_sys_id>
<state>loaded</state>
<summary/>
<sys_class_name>sys_remote_update_set</sys_class_name>
<sys_created_by>virag.shah@capgemini.com</sys_created_by>
<sys_created_on>2018-03-08 10:28:46</sys_created_on>
<sys_id>f012929c0f341fc0c6da563be1050e3b</sys_id>
<sys_mod_count>0</sys_mod_count>
<sys_updated_by>virag.shah@capgemini.com</sys_updated_by>
<sys_updated_on>2018-03-08 10:28:46</sys_updated_on>
<update_set display_value=""/>
<update_source display_value=""/>
<updated/>
</sys_remote_update_set>
<sys_update_xml action="INSERT_OR_UPDATE">
<action/>
<application display_value=""/>
<category/>
<comments/>
<name>sys_ui_action_38289950dbbf4b00a8a37dfdae96190b</name>
<payload>&lt;?xml version="1.0" encoding="UTF-8"?&gt;&lt;record_update sys_domain="409c30addb8e8f0066e6f2f5ab9619e3" table="sys_ui_action"&gt;&lt;sys_ui_action action="INSERT_OR_UPDATE"&gt;&lt;action_name/&gt;&lt;active&gt;true&lt;/active&gt;&lt;client&gt;true&lt;/client&gt;&lt;comments/&gt;&lt;condition&gt;gs.hasRole('itil')&amp;amp;&amp;amp;!current.isNewRecord()&amp;amp;&amp;amp;current.state==1&amp;amp;&amp;amp;current.state!==70&amp;amp;&amp;amp;current.state!==71&amp;amp;&amp;amp;current.state!==72&amp;amp;&amp;amp;current.state!==73&amp;amp;&amp;amp;current.state!==74&amp;amp;&amp;amp;current.state!==75&amp;amp;&amp;amp;current.state!==76&amp;amp;&amp;amp;current.type!='standard'&amp;amp;&amp;amp;current.type!=''&lt;/condition&gt;&lt;form_action&gt;true&lt;/form_action&gt;&lt;form_button&gt;true&lt;/form_button&gt;&lt;form_context_menu&gt;false&lt;/form_context_menu&gt;&lt;form_link&gt;false&lt;/form_link&gt;&lt;hint/&gt;&lt;list_action&gt;false&lt;/list_action&gt;&lt;list_banner_button&gt;false&lt;/list_banner_button&gt;&lt;list_button&gt;false&lt;/list_button&gt;&lt;list_choice&gt;false&lt;/list_choice&gt;&lt;list_context_menu&gt;false&lt;/list_context_menu&gt;&lt;list_link&gt;false&lt;/list_link&gt;&lt;list_save_with_form_button&gt;false&lt;/list_save_with_form_button&gt;&lt;name&gt;Request Approval&lt;/name&gt;&lt;onclick&gt;assess()&lt;/onclick&gt;&lt;order&gt;100&lt;/order&gt;&lt;script&gt;&lt;![CDATA[function assess(){


	if(g_form.getValue('type') == 'normal')
			{
				g_form.setValue('state',70);

				g_form.save();
			}
		else if(g_form.getValue('type') == 'emergency')
			{
				g_form.setValue('state',71);

				g_form.save();
			}
	
			
	

}
]]&gt;&lt;/script&gt;&lt;show_insert&gt;true&lt;/show_insert&gt;&lt;show_multiple_update&gt;false&lt;/show_multiple_update&gt;&lt;show_query&gt;false&lt;/show_query&gt;&lt;show_update&gt;true&lt;/show_update&gt;&lt;sys_class_name&gt;sys_ui_action&lt;/sys_class_name&gt;&lt;sys_created_by&gt;shweta.hegde@capgemini.com&lt;/sys_created_by&gt;&lt;sys_created_on&gt;2018-01-17 13:20:30&lt;/sys_created_on&gt;&lt;sys_customer_update&gt;true&lt;/sys_customer_update&gt;&lt;sys_domain&gt;409c30addb8e8f0066e6f2f5ab9619e3&lt;/sys_domain&gt;&lt;sys_domain_path&gt;!!!/!!D/&lt;/sys_domain_path&gt;&lt;sys_id&gt;38289950dbbf4b00a8a37dfdae96190b&lt;/sys_id&gt;&lt;sys_mod_count&gt;12&lt;/sys_mod_count&gt;&lt;sys_name&gt;Request Approval&lt;/sys_name&gt;&lt;sys_overrides/&gt;&lt;sys_package display_value="Global" source="global"&gt;global&lt;/sys_package&gt;&lt;sys_policy/&gt;&lt;sys_replace_on_upgrade&gt;false&lt;/sys_replace_on_upgrade&gt;&lt;sys_scope display_value="Global"&gt;global&lt;/sys_scope&gt;&lt;sys_update_name&gt;sys_ui_action_38289950dbbf4b00a8a37dfdae96190b&lt;/sys_update_name&gt;&lt;sys_updated_by&gt;shweta.hegde@capgemini.com&lt;/sys_updated_by&gt;&lt;sys_updated_on&gt;2018-02-21 09:13:09&lt;/sys_updated_on&gt;&lt;table&gt;change_request&lt;/table&gt;&lt;u_relate/&gt;&lt;u_relate_table/&gt;&lt;ui11_compatible&gt;true&lt;/ui11_compatible&gt;&lt;ui16_compatible&gt;false&lt;/ui16_compatible&gt;&lt;/sys_ui_action&gt;&lt;/record_update&gt;</payload>
<remote_update_set display_value="A&amp;W Change Management - SH - V12">f012929c0f341fc0c6da563be1050e3b</remote_update_set>
<replace_on_upgrade>false</replace_on_upgrade>
<sys_created_by>virag.shah@capgemini.com</sys_created_by>
<sys_created_on>2018-03-08 10:28:46</sys_created_on>
<sys_id>b812929c0f341fc0c6da563be1050e3b</sys_id>
<sys_mod_count>0</sys_mod_count>
<sys_updated_by>virag.shah@capgemini.com</sys_updated_by>
<sys_updated_on>2018-03-08 10:28:46</sys_updated_on>
<table/>
<target_name/>
<type/>
<update_domain/>
<update_set display_value=""/>
<view/>
</sys_update_xml>
<sys_update_xml action="INSERT_OR_UPDATE">
<action/>
<application display_value=""/>
<category/>
<comments/>
<name>sys_script_client_5d2a6c5cdbbb4b00a8a37dfdae9619cf</name>
<payload>&lt;?xml version="1.0" encoding="UTF-8"?&gt;&lt;record_update sys_domain="409c30addb8e8f0066e6f2f5ab9619e3" table="sys_script_client"&gt;&lt;sys_script_client action="INSERT_OR_UPDATE"&gt;&lt;active&gt;true&lt;/active&gt;&lt;applies_extended&gt;false&lt;/applies_extended&gt;&lt;condition/&gt;&lt;description/&gt;&lt;field&gt;u_ora_account_determination&lt;/field&gt;&lt;global&gt;true&lt;/global&gt;&lt;messages/&gt;&lt;name&gt;Show/Hide State on Change A&amp;amp;W&lt;/name&gt;&lt;order/&gt;&lt;script&gt;&lt;![CDATA[function onLoad() {
   //Type appropriate comment here, and begin script below
   var a=g_form.getUniqueValue();
	g_form.clearOptions('state');
	if(g_form.isNewRecord())
		{
		g_form.addOption('state','1','New');
	}
	else{
		var gr=new GlideRecord('change_request');
		gr.addQuery('sys_id',a);
		gr.query();
		if(gr.next())
			{
				if(gr.type=='')//type is not set then state must be New
					{
						g_form.addOption('state','1','New');
					}
				if(gr.type=='normal')//for normal type state populates  based on normal flow
				{
			  if(gr.state=='1')
				{
					g_form.addOption('state','1','New');
					g_form.addOption('state','70','Assess');
				}
			 if(gr.state=='70')
				{
					
					g_form.addOption('state','70','Assess');
				}
			 if(gr.state=='71')
				{
					
					g_form.addOption('state','71','	Authorize');
				}
			if(gr.state=='72')
				{
					g_form.addOption('state','72','Scheduled');
					g_form.addOption('state','73','Implement');
				}
			if(gr.state=='73')
				{
					g_form.addOption('state','73','Implement');
					g_form.addOption('state','74','Review');
				}
			if(gr.state=='74')
				{
					g_form.addOption('state','74','Review');
					g_form.addOption('state','75','Closed');
				}
			if(gr.state=='75')
				{
					
					g_form.addOption('state','75','Closed');
				}
			if(gr.state=='76')
				{
					
					g_form.addOption('state','76','	Canceled');
				}
			}
				if(gr.type=='standard')//for standard type state populates  based on standard flow
				{
			if(gr.state=='1')
				{
					g_form.addOption('state','1','New');
					g_form.addOption('state','72','Scheduled');
				}
			if(gr.state=='72')
				{
					g_form.addOption('state','72','Scheduled');
					g_form.addOption('state','73','Implement');
				}
			if(gr.state=='73')
				{
					g_form.addOption('state','73','Implement');
					g_form.addOption('state','74','Review');
				}
			if(gr.state=='74')
				{
					g_form.addOption('state','74','Review');
					g_form.addOption('state','75','Closed');
				}
			if(gr.state=='75')
				{
					
					g_form.addOption('state','75','Closed');
				}
			if(gr.state=='76')
				{
					
					g_form.addOption('state','76','	Canceled');
				}
			}
				if(gr.type=='emergency')//for emergency type state populates  based on emergency flow
				{
			if(gr.state=='1')
				{
					g_form.addOption('state','1','New');
					g_form.addOption('state','71','Authorize');
				}
			if(gr.state=='71')
				{
					
					g_form.addOption('state','71','Authorize');
				}
			if(gr.state=='72')
				{
					g_form.addOption('state','72','Scheduled');
					g_form.addOption('state','73','Implement');
				}
			if(gr.state=='73')
				{
					g_form.addOption('state','73','Implement');
					g_form.addOption('state','74','Review');
				}
			if(gr.state=='74')
				{
					g_form.addOption('state','74','Review');
					g_form.addOption('state','75','Closed');
				}
			if(gr.state=='75')
				{
					
					g_form.addOption('state','75','Closed');
				}
			if(gr.state=='76')
				{
					
					g_form.addOption('state','76','	Canceled');
				}
			}
				
			
		}
		
	}
}]]&gt;&lt;/script&gt;&lt;sys_class_name&gt;sys_script_client&lt;/sys_class_name&gt;&lt;sys_created_by&gt;shweta.hegde@capgemini.com&lt;/sys_created_by&gt;&lt;sys_created_on&gt;2018-01-17 10:00:12&lt;/sys_created_on&gt;&lt;sys_customer_update&gt;true&lt;/sys_customer_update&gt;&lt;sys_domain&gt;409c30addb8e8f0066e6f2f5ab9619e3&lt;/sys_domain&gt;&lt;sys_domain_path&gt;!!!/!!D/&lt;/sys_domain_path&gt;&lt;sys_id&gt;5d2a6c5cdbbb4b00a8a37dfdae9619cf&lt;/sys_id&gt;&lt;sys_mod_count&gt;25&lt;/sys_mod_count&gt;&lt;sys_name&gt;Show/Hide State on Change A&amp;amp;W&lt;/sys_name&gt;&lt;sys_overrides display_value=""&gt;global&lt;/sys_overrides&gt;&lt;sys_package display_value="Global" source="global"&gt;global&lt;/sys_package&gt;&lt;sys_policy/&gt;&lt;sys_replace_on_upgrade&gt;false&lt;/sys_replace_on_upgrade&gt;&lt;sys_scope display_value="Global"&gt;global&lt;/sys_scope&gt;&lt;sys_update_name&gt;sys_script_client_5d2a6c5cdbbb4b00a8a37dfdae9619cf&lt;/sys_update_name&gt;&lt;sys_updated_by&gt;shweta.hegde@capgemini.com&lt;/sys_updated_by&gt;&lt;sys_updated_on&gt;2018-02-21 07:33:10&lt;/sys_updated_on&gt;&lt;table&gt;change_request&lt;/table&gt;&lt;type&gt;onLoad&lt;/type&gt;&lt;u_relate/&gt;&lt;u_relate_table/&gt;&lt;ui_type&gt;0&lt;/ui_type&gt;&lt;view/&gt;&lt;/sys_script_client&gt;&lt;/record_update&gt;</payload>
<remote_update_set display_value="A&amp;W Change Management - SH - V12">f012929c0f341fc0c6da563be1050e3b</remote_update_set>
<replace_on_upgrade>false</replace_on_upgrade>
<sys_created_by>virag.shah@capgemini.com</sys_created_by>
<sys_created_on>2018-03-08 10:28:46</sys_created_on>
<sys_id>f412929c0f341fc0c6da563be1050e3b</sys_id>
<sys_mod_count>0</sys_mod_count>
<sys_updated_by>virag.shah@capgemini.com</sys_updated_by>
<sys_updated_on>2018-03-08 10:28:46</sys_updated_on>
<table/>
<target_name/>
<type/>
<update_domain/>
<update_set display_value=""/>
<view/>
</sys_update_xml>
</unload>
