<?xml version="1.0" encoding="UTF-8"?>
<unload unload_date="2017-12-06 06:35:29">
<cmdb_ci_computer action="INSERT_OR_UPDATE">
<asset display_value="P1000867 - Apple MacBook Pro 17&quot;">f2a96c0d3790200044e0bfc8bcbe5d11</asset>
<asset_tag>P1000867</asset_tag>
<assigned>2016-12-11 07:00:00</assigned>
<assigned_to display_value="Saundra Mcaulay">4a826bf03710200044e0bfc8bcbe5d6d</assigned_to>
<assignment_group display_value=""/>
<attributes/>
<can_print>false</can_print>
<category>Hardware</category>
<cd_rom>false</cd_rom>
<cd_speed/>
<change_control display_value=""/>
<chassis_type/>
<checked_in/>
<checked_out/>
<comments/>
<company display_value="ACME North America">31bea3d53790200044e0bfc8bcbe5dec</company>
<correlation_id/>
<cost>2499.99</cost>
<cost_cc>USD</cost_cc>
<cost_center display_value="Customer Support">91e8bbf43710200044e0bfc8bcbe5daa</cost_center>
<cpu_core_count>1</cpu_core_count>
<cpu_core_thread/>
<cpu_count>1</cpu_count>
<cpu_manufacturer display_value=""/>
<cpu_name/>
<cpu_speed/>
<cpu_type/>
<default_gateway/>
<delivery_date>2016-06-19 08:00:00</delivery_date>
<department display_value="Customer Support">5d7f17f03710200044e0bfc8bcbe5d43</department>
<discovery_source/>
<disk_space/>
<dns_domain/>
<due/>
<due_in/>
<fault_count>0</fault_count>
<first_discovered/>
<floppy/>
<form_factor/>
<fqdn/>
<gl_account/>
<hardware_status>installed</hardware_status>
<hardware_substatus/>
<install_date>2016-07-09 08:00:00</install_date>
<install_status>1</install_status>
<invoice_number/>
<ip_address/>
<justification/>
<last_discovered/>
<lease_id/>
<location display_value="8306 Mills Drive, Miami,FL">25ab93750a0a0bb30067bd2ef3d4a5c9</location>
<mac_address/>
<maintenance_schedule display_value=""/>
<managed_by display_value=""/>
<manufacturer display_value="Apple">b7e9e843c0a80169009a5a485bb2a2b5</manufacturer>
<model_id display_value="Apple MacBook Pro 17&quot;">3a018d0f1b1310002502fbcd2c0713f7</model_id>
<model_number/>
<monitor>false</monitor>
<name>MacBook Pro 17"</name>
<operational_status>1</operational_status>
<order_date>2016-05-29 08:00:00</order_date>
<os>Mac OS 10 (OS/X)</os>
<os_address_width/>
<os_domain/>
<os_service_pack/>
<os_version/>
<owned_by display_value=""/>
<po_number>PO100011</po_number>
<purchase_date>2016-06-11</purchase_date>
<ram/>
<schedule display_value=""/>
<serial_number>JWS-346-N87120-EV</serial_number>
<short_description/>
<skip_sync>false</skip_sync>
<start_date/>
<subcategory>Computer</subcategory>
<support_group display_value=""/>
<supported_by display_value=""/>
<sys_class_name>cmdb_ci_computer</sys_class_name>
<sys_created_by>admin</sys_created_by>
<sys_created_on>2012-02-18 08:14:16</sys_created_on>
<sys_domain>global</sys_domain>
<sys_domain_path>/</sys_domain_path>
<sys_id>fea96c0d3790200044e0bfc8bcbe5d11</sys_id>
<sys_mod_count>92</sys_mod_count>
<sys_updated_by>system</sys_updated_by>
<sys_updated_on>2017-12-05 08:43:11</sys_updated_on>
<unverified>false</unverified>
<vendor display_value="Apple">b7e9e843c0a80169009a5a485bb2a2b5</vendor>
<virtual>false</virtual>
<warranty_expiration>2019-07-09</warranty_expiration>
</cmdb_ci_computer>
</unload>
