<?xml version="1.0" encoding="UTF-8"?>
<unload unload_date="2017-12-20 07:37:28">
<u_a action="INSERT_OR_UPDATE">
<sys_created_by>admin</sys_created_by>
<sys_created_on>2017-12-19 07:49:47</sys_created_on>
<sys_id>61187a32db43030036ff7fcfbf96192c</sys_id>
<sys_mod_count>0</sys_mod_count>
<sys_updated_by>admin</sys_updated_by>
<sys_updated_on>2017-12-19 07:49:47</sys_updated_on>
<u_b/>
<u_c/>
<u_created/>
<u_email/>
<u_request_type/>
<u_requested_for/>
<u_short_description/>
<u_what_needed/>
</u_a>
<u_a action="INSERT_OR_UPDATE">
<sys_created_by>admin</sys_created_by>
<sys_created_on>2017-09-01 07:28:10</sys_created_on>
<sys_id>adddd5b7db30030036ff7fcfbf961939</sys_id>
<sys_mod_count>0</sys_mod_count>
<sys_updated_by>admin</sys_updated_by>
<sys_updated_on>2017-09-01 07:28:10</sys_updated_on>
<u_b>1</u_b>
<u_c>2</u_c>
<u_created/>
<u_email/>
<u_request_type/>
<u_requested_for/>
<u_short_description/>
<u_what_needed/>
</u_a>
<u_a action="INSERT_OR_UPDATE">
<sys_created_by>admin</sys_created_by>
<sys_created_on>2017-09-01 07:32:56</sys_created_on>
<sys_id>d8ee9db7db30030036ff7fcfbf961926</sys_id>
<sys_mod_count>0</sys_mod_count>
<sys_updated_by>admin</sys_updated_by>
<sys_updated_on>2017-09-01 07:32:56</sys_updated_on>
<u_b>2</u_b>
<u_c>34</u_c>
<u_created/>
<u_email/>
<u_request_type/>
<u_requested_for/>
<u_short_description/>
<u_what_needed/>
</u_a>
<u_a action="INSERT_OR_UPDATE">
<sys_created_by>admin</sys_created_by>
<sys_created_on>2017-11-13 04:53:24</sys_created_on>
<sys_id>b276f017db12030036ff7fcfbf96194b</sys_id>
<sys_mod_count>1</sys_mod_count>
<sys_updated_by>admin</sys_updated_by>
<sys_updated_on>2017-11-13 06:01:34</sys_updated_on>
<u_b/>
<u_c/>
<u_created>0180-01-11</u_created>
<u_email>bryan.rovell@example.com</u_email>
<u_request_type>Facilities</u_request_type>
<u_requested_for>Bryan Rovell</u_requested_for>
<u_short_description>Imported record 3</u_short_description>
<u_what_needed>Facilities 1</u_what_needed>
</u_a>
<u_a action="INSERT_OR_UPDATE">
<sys_created_by>admin</sys_created_by>
<sys_created_on>2017-12-04 10:36:06</sys_created_on>
<sys_id>154e4e02db72030036ff7fcfbf9619a8</sys_id>
<sys_mod_count>0</sys_mod_count>
<sys_updated_by>admin</sys_updated_by>
<sys_updated_on>2017-12-04 10:36:06</sys_updated_on>
<u_b/>
<u_c>shweta</u_c>
<u_created/>
<u_email/>
<u_request_type/>
<u_requested_for>bhavya</u_requested_for>
<u_short_description/>
<u_what_needed/>
</u_a>
</unload>
