<?xml version="1.0" encoding="UTF-8"?>
<unload unload_date="2018-03-08 09:25:37">
<sys_remote_update_set action="INSERT_OR_UPDATE">
<application display_value="Global">global</application>
<application_name>Global</application_name>
<application_scope>global</application_scope>
<application_version/>
<collisions/>
<commit_date/>
<deleted/>
<description/>
<inserted/>
<name>A&amp;W Problem Reporting- SH - V2</name>
<origin_sys_id/>
<release_date/>
<remote_sys_id>60b011880f34dbc0c6da563be1050e0f</remote_sys_id>
<state>loaded</state>
<summary/>
<sys_class_name>sys_remote_update_set</sys_class_name>
<sys_created_by>virag.shah@capgemini.com</sys_created_by>
<sys_created_on>2018-03-08 09:25:36</sys_created_on>
<sys_id>9b93c2500f341fc0c6da563be1050e1d</sys_id>
<sys_mod_count>0</sys_mod_count>
<sys_updated_by>virag.shah@capgemini.com</sys_updated_by>
<sys_updated_on>2018-03-08 09:25:36</sys_updated_on>
<update_set display_value=""/>
<update_source display_value=""/>
<updated/>
</sys_remote_update_set>
<sys_update_xml action="INSERT_OR_UPDATE">
<action/>
<application display_value=""/>
<category/>
<comments/>
<name>sys_ui_list_problem_sla_RPT3cde37abdba41304a8a37dfdae96191b_f0def36fdba41304a8a37dfdae96190e</name>
<payload><![CDATA[<?xml version="1.0" encoding="UTF-8"?><record_update><sys_ui_list parent="" relationship="" sys_domain="409c30addb8e8f0066e6f2f5ab9619e3" table="problem_sla" version="2" view="RPT3cde37abdba41304a8a37dfdae96191b"><sys_ui_list_element action="INSERT_OR_UPDATE"><average_value>false</average_value><element>prb_number</element><list_id display_value="problem_sla" element="NULL" name="problem_sla" parent="NULL" relationship="NULL" sys_domain="409c30addb8e8f0066e6f2f5ab9619e3" view="27a45c7f0f249bc0c6da563be1050ecc">f0def36fdba41304a8a37dfdae96190e</list_id><max_value>false</max_value><min_value>false</min_value><position>0</position><sum>false</sum><sys_created_by>shweta.hegde@capgemini.com</sys_created_by><sys_created_on>2018-03-07 07:14:59</sys_created_on><sys_id>4c2cd084db345304a8a37dfdae96196b</sys_id><sys_mod_count>0</sys_mod_count><sys_updated_by>shweta.hegde@capgemini.com</sys_updated_by><sys_updated_on>2018-03-07 07:14:59</sys_updated_on></sys_ui_list_element><sys_ui_list_element action="INSERT_OR_UPDATE"><average_value>false</average_value><element>taskslatable_sla</element><list_id display_value="problem_sla" element="NULL" name="problem_sla" parent="NULL" relationship="NULL" sys_domain="409c30addb8e8f0066e6f2f5ab9619e3" view="27a45c7f0f249bc0c6da563be1050ecc">f0def36fdba41304a8a37dfdae96190e</list_id><max_value>false</max_value><min_value>false</min_value><position>1</position><sum>false</sum><sys_created_by>shweta.hegde@capgemini.com</sys_created_by><sys_created_on>2018-03-07 07:14:59</sys_created_on><sys_id>cc2cd084db345304a8a37dfdae96196b</sys_id><sys_mod_count>0</sys_mod_count><sys_updated_by>shweta.hegde@capgemini.com</sys_updated_by><sys_updated_on>2018-03-07 07:14:59</sys_updated_on></sys_ui_list_element><sys_ui_list_element action="INSERT_OR_UPDATE"><average_value>false</average_value><element>taskslatable_stage</element><list_id display_value="problem_sla" element="NULL" name="problem_sla" parent="NULL" relationship="NULL" sys_domain="409c30addb8e8f0066e6f2f5ab9619e3" view="27a45c7f0f249bc0c6da563be1050ecc">f0def36fdba41304a8a37dfdae96190e</list_id><max_value>false</max_value><min_value>false</min_value><position>2</position><sum>false</sum><sys_created_by>shweta.hegde@capgemini.com</sys_created_by><sys_created_on>2018-03-07 07:14:59</sys_created_on><sys_id>402cd084db345304a8a37dfdae96196c</sys_id><sys_mod_count>0</sys_mod_count><sys_updated_by>shweta.hegde@capgemini.com</sys_updated_by><sys_updated_on>2018-03-07 07:14:59</sys_updated_on></sys_ui_list_element><sys_ui_list_element action="INSERT_OR_UPDATE"><average_value>false</average_value><element>taskslatable_task.assignment_group</element><list_id display_value="problem_sla" element="NULL" name="problem_sla" parent="NULL" relationship="NULL" sys_domain="409c30addb8e8f0066e6f2f5ab9619e3" view="27a45c7f0f249bc0c6da563be1050ecc">f0def36fdba41304a8a37dfdae96190e</list_id><max_value>false</max_value><min_value>false</min_value><position>3</position><sum>false</sum><sys_created_by>shweta.hegde@capgemini.com</sys_created_by><sys_created_on>2018-03-07 07:14:59</sys_created_on><sys_id>c02cd084db345304a8a37dfdae96196c</sys_id><sys_mod_count>0</sys_mod_count><sys_updated_by>shweta.hegde@capgemini.com</sys_updated_by><sys_updated_on>2018-03-07 07:14:59</sys_updated_on></sys_ui_list_element><sys_ui_list_element action="INSERT_OR_UPDATE"><average_value>false</average_value><element>taskslatable_duration</element><list_id display_value="problem_sla" element="NULL" name="problem_sla" parent="NULL" relationship="NULL" sys_domain="409c30addb8e8f0066e6f2f5ab9619e3" view="27a45c7f0f249bc0c6da563be1050ecc">f0def36fdba41304a8a37dfdae96190e</list_id><max_value>false</max_value><min_value>false</min_value><position>4</position><sum>false</sum><sys_created_by>shweta.hegde@capgemini.com</sys_created_by><sys_created_on>2018-03-07 07:14:59</sys_created_on><sys_id>442cd084db345304a8a37dfdae96196c</sys_id><sys_mod_count>0</sys_mod_count><sys_updated_by>shweta.hegde@capgemini.com</sys_updated_by><sys_updated_on>2018-03-07 07:14:59</sys_updated_on></sys_ui_list_element><sys_ui_list_element action="INSERT_OR_UPDATE"><average_value>false</average_value><element>taskslatable_time_left</element><list_id display_value="problem_sla" element="NULL" name="problem_sla" parent="NULL" relationship="NULL" sys_domain="409c30addb8e8f0066e6f2f5ab9619e3" view="27a45c7f0f249bc0c6da563be1050ecc">f0def36fdba41304a8a37dfdae96190e</list_id><max_value>false</max_value><min_value>false</min_value><position>5</position><sum>false</sum><sys_created_by>shweta.hegde@capgemini.com</sys_created_by><sys_created_on>2018-03-07 07:14:59</sys_created_on><sys_id>c42cd084db345304a8a37dfdae96196c</sys_id><sys_mod_count>0</sys_mod_count><sys_updated_by>shweta.hegde@capgemini.com</sys_updated_by><sys_updated_on>2018-03-07 07:14:59</sys_updated_on></sys_ui_list_element><sys_ui_list_element action="INSERT_OR_UPDATE"><average_value>false</average_value><element>taskslatable_percentage</element><list_id display_value="problem_sla" element="NULL" name="problem_sla" parent="NULL" relationship="NULL" sys_domain="409c30addb8e8f0066e6f2f5ab9619e3" view="27a45c7f0f249bc0c6da563be1050ecc">f0def36fdba41304a8a37dfdae96190e</list_id><max_value>false</max_value><min_value>false</min_value><position>6</position><sum>false</sum><sys_created_by>shweta.hegde@capgemini.com</sys_created_by><sys_created_on>2018-03-07 07:14:59</sys_created_on><sys_id>482cd084db345304a8a37dfdae96196c</sys_id><sys_mod_count>0</sys_mod_count><sys_updated_by>shweta.hegde@capgemini.com</sys_updated_by><sys_updated_on>2018-03-07 07:14:59</sys_updated_on></sys_ui_list_element><sys_ui_list_element action="INSERT_OR_UPDATE"><average_value>false</average_value><element>taskslatable_business_duration</element><list_id display_value="problem_sla" element="NULL" name="problem_sla" parent="NULL" relationship="NULL" sys_domain="409c30addb8e8f0066e6f2f5ab9619e3" view="27a45c7f0f249bc0c6da563be1050ecc">f0def36fdba41304a8a37dfdae96190e</list_id><max_value>false</max_value><min_value>false</min_value><position>7</position><sum>false</sum><sys_created_by>shweta.hegde@capgemini.com</sys_created_by><sys_created_on>2018-03-07 07:14:59</sys_created_on><sys_id>c82cd084db345304a8a37dfdae96196c</sys_id><sys_mod_count>0</sys_mod_count><sys_updated_by>shweta.hegde@capgemini.com</sys_updated_by><sys_updated_on>2018-03-07 07:14:59</sys_updated_on></sys_ui_list_element><sys_ui_list_element action="INSERT_OR_UPDATE"><average_value>false</average_value><element>taskslatable_business_time_left</element><list_id display_value="problem_sla" element="NULL" name="problem_sla" parent="NULL" relationship="NULL" sys_domain="409c30addb8e8f0066e6f2f5ab9619e3" view="27a45c7f0f249bc0c6da563be1050ecc">f0def36fdba41304a8a37dfdae96190e</list_id><max_value>false</max_value><min_value>false</min_value><position>8</position><sum>false</sum><sys_created_by>shweta.hegde@capgemini.com</sys_created_by><sys_created_on>2018-03-07 07:14:59</sys_created_on><sys_id>4c2cd084db345304a8a37dfdae96196c</sys_id><sys_mod_count>0</sys_mod_count><sys_updated_by>shweta.hegde@capgemini.com</sys_updated_by><sys_updated_on>2018-03-07 07:14:59</sys_updated_on></sys_ui_list_element><sys_ui_list_element action="INSERT_OR_UPDATE"><average_value>false</average_value><element>taskslatable_business_percentage</element><list_id display_value="problem_sla" element="NULL" name="problem_sla" parent="NULL" relationship="NULL" sys_domain="409c30addb8e8f0066e6f2f5ab9619e3" view="27a45c7f0f249bc0c6da563be1050ecc">f0def36fdba41304a8a37dfdae96190e</list_id><max_value>false</max_value><min_value>false</min_value><position>9</position><sum>false</sum><sys_created_by>shweta.hegde@capgemini.com</sys_created_by><sys_created_on>2018-03-07 07:14:59</sys_created_on><sys_id>cc2cd084db345304a8a37dfdae96196c</sys_id><sys_mod_count>0</sys_mod_count><sys_updated_by>shweta.hegde@capgemini.com</sys_updated_by><sys_updated_on>2018-03-07 07:14:59</sys_updated_on></sys_ui_list_element><sys_ui_list action="INSERT_OR_UPDATE"><average_value>false</average_value><element/><max_value>false</max_value><min_value>false</min_value><name>problem_sla</name><parent/><position/><relationship/><sum>false</sum><sys_class_name>sys_ui_list</sys_class_name><sys_created_by>shweta.hegde@capgemini.com</sys_created_by><sys_created_on>2018-03-07 07:14:59</sys_created_on><sys_customer_update>true</sys_customer_update><sys_domain>409c30addb8e8f0066e6f2f5ab9619e3</sys_domain><sys_domain_path>!!!/!!D/</sys_domain_path><sys_id>f0def36fdba41304a8a37dfdae96190e</sys_id><sys_mod_count>0</sys_mod_count><sys_name>problem_sla</sys_name><sys_package display_value="Global" source="global">global</sys_package><sys_policy/><sys_replace_on_upgrade>false</sys_replace_on_upgrade><sys_scope display_value="Global">global</sys_scope><sys_update_name>sys_ui_list_problem_sla_RPT3cde37abdba41304a8a37dfdae96191b_f0def36fdba41304a8a37dfdae96190e</sys_update_name><sys_updated_by>shweta.hegde@capgemini.com</sys_updated_by><sys_updated_on>2018-03-07 07:14:59</sys_updated_on><sys_user/><view display_value="Rpt3cde37abdba41304a8a37dfdae96191b" name="RPT3cde37abdba41304a8a37dfdae96191b">27a45c7f0f249bc0c6da563be1050ecc</view><view_name/></sys_ui_list></sys_ui_list></record_update>]]></payload>
<remote_update_set display_value="A&amp;W Problem Reporting- SH - V2">9b93c2500f341fc0c6da563be1050e1d</remote_update_set>
<replace_on_upgrade>false</replace_on_upgrade>
<sys_created_by>virag.shah@capgemini.com</sys_created_by>
<sys_created_on>2018-03-08 09:25:36</sys_created_on>
<sys_id>5393c2500f341fc0c6da563be1050e1e</sys_id>
<sys_mod_count>0</sys_mod_count>
<sys_updated_by>virag.shah@capgemini.com</sys_updated_by>
<sys_updated_on>2018-03-08 09:25:36</sys_updated_on>
<table/>
<target_name/>
<type/>
<update_domain/>
<update_set display_value=""/>
<view/>
</sys_update_xml>
<sys_update_xml action="INSERT_OR_UPDATE">
<action/>
<application display_value=""/>
<category/>
<comments/>
<name>sys_report_3cde37abdba41304a8a37dfdae96191b</name>
<payload><![CDATA[<?xml version="1.0" encoding="UTF-8"?><record_update sys_domain="409c30addb8e8f0066e6f2f5ab9619e3" table="sys_report"><sys_report action="INSERT_OR_UPDATE"><additional_groupby/><aggregate>COUNT</aggregate><axis_max_color display_value="UI14 Blue Light">b0d449b3d7332100fa6c0c12ce610383</axis_max_color><axis_min_color display_value="White">65b303c7a9fe3dba00629aff95ee3597</axis_min_color><bar_unstack>false</bar_unstack><chart_background_color display_value="White">65b303c7a9fe3dba00629aff95ee3597</chart_background_color><chart_border_color display_value="LightGrey">65b30308a9fe3dba01ebaa03e87e7cd3</chart_border_color><chart_border_radius>0</chart_border_radius><chart_border_width>1</chart_border_width><chart_height/><chart_size>large</chart_size><chart_title/><chart_title_color display_value="Black">65b30218a9fe3dba0120df8611520d97</chart_title_color><chart_title_size>16</chart_title_size><chart_title_x_position>0</chart_title_x_position><chart_title_y_position>0</chart_title_y_position><chart_width/><color display_value="Default Color">de699435d7033100b4964ebfae610331</color><color_palette display_value="Default UI14">aa558ab3d7732100fa6c0c12ce610377</color_palette><colors/><column>prb_active</column><compute_percent>aggregate</compute_percent><content/><custom_chart_size>false</custom_chart_size><custom_chart_title_position>false</custom_chart_title_position><decimal_precision>2</decimal_precision><description/><direction>minimize</direction><display_grid>false</display_grid><donut_width_percent>50</donut_width_percent><exp_report_attrs>true</exp_report_attrs><field/><field_list>prb_number,taskslatable_sla,taskslatable_stage,taskslatable_task.assignment_group,taskslatable_duration,taskslatable_time_left,taskslatable_percentage,taskslatable_business_duration,taskslatable_business_time_left,taskslatable_business_percentage</field_list><filter table="problem_sla">prb_problem_stateIN1,5,3,2^taskslatable_percentage&gt;75^EQ<item endquery="false" field="prb_problem_state" goto="false" newquery="false" operator="IN" or="false" value="1,5,3,2"/><item endquery="false" field="taskslatable_percentage" goto="false" newquery="false" operator="&gt;" or="false" value="75"/><item endquery="true" field="" goto="false" newquery="false" operator="=" or="false" value=""/></filter><from/><funnel_neck_percent>30</funnel_neck_percent><gauge_autoscale>true</gauge_autoscale><group/><groups/><interval>year</interval><is_published>false</is_published><is_scheduled>false</is_scheduled><legend_background_color display_value="White">65b303c7a9fe3dba00629aff95ee3597</legend_background_color><legend_border_color display_value="LightGrey">65b30308a9fe3dba01ebaa03e87e7cd3</legend_border_color><legend_border_radius>0</legend_border_radius><legend_border_width>1</legend_border_width><legend_horizontal_alignment>center</legend_horizontal_alignment><legend_items_left_align>false</legend_items_left_align><legend_vertical_alignment>bottom</legend_vertical_alignment><list_ui_view/><location_field/><lower_limit/><map display_value="World">93b8a3a2d7101200bd4a4ebfae61033a</map><map_source/><orderby_list/><other_threshold>-2</other_threshold><others>true</others><page_hdrftr display_value="Default">0ecdb03fc3613000cef73b251eba8f5e</page_hdrftr><report_drilldown/><report_source/><roles>A&amp;W ITIL</roles><row>prb_active</row><sc_groupby_item_id/><sc_groupby_variable_id/><sc_stackby_item_id/><sc_stackby_variable_id/><score_color display_value="Black">65b30218a9fe3dba0120df8611520d97</score_color><set_color/><show_chart_border>false</show_chart_border><show_chart_data_label>false</show_chart_data_label><show_chart_title>report</show_chart_title><show_chart_total>false</show_chart_total><show_empty>false</show_empty><show_geographical_label>false</show_geographical_label><show_legend>true</show_legend><show_legend_border>false</show_legend_border><show_marker>true</show_marker><show_zero>false</show_zero><sumfield>taskslatable_percentage</sumfield><sys_class_name>sys_report</sys_class_name><sys_created_by>shweta.hegde@capgemini.com</sys_created_by><sys_created_on>2018-03-06 10:28:29</sys_created_on><sys_customer_update>true</sys_customer_update><sys_domain>409c30addb8e8f0066e6f2f5ab9619e3</sys_domain><sys_domain_path>!!!/!!D/</sys_domain_path><sys_id>3cde37abdba41304a8a37dfdae96191b</sys_id><sys_mod_count>1</sys_mod_count><sys_name> Problems about to Breach SLA</sys_name><sys_package display_value="Global" source="global">global</sys_package><sys_policy/><sys_replace_on_upgrade>false</sys_replace_on_upgrade><sys_scope display_value="Global">global</sys_scope><sys_update_name>sys_report_3cde37abdba41304a8a37dfdae96191b</sys_update_name><sys_updated_by>shweta.hegde@capgemini.com</sys_updated_by><sys_updated_on>2018-03-07 07:14:58</sys_updated_on><table>problem_sla</table><title> Problems about to Breach SLA</title><title_horizontal_alignment>center</title_horizontal_alignment><title_vertical_alignment>top</title_vertical_alignment><to/><trend_field>prb_activity_due</trend_field><type>list</type><upper_limit/><use_color_heatmap>true</use_color_heatmap><use_color_palette>true</use_color_palette><user>GLOBAL</user><users/><x_axis_display_grid>false</x_axis_display_grid><x_axis_grid_color display_value="LightGrey">65b30308a9fe3dba01ebaa03e87e7cd3</x_axis_grid_color><x_axis_grid_dotted>false</x_axis_grid_dotted><x_axis_grid_width>1</x_axis_grid_width><x_axis_label_bold>false</x_axis_label_bold><x_axis_label_color display_value="Black">65b30218a9fe3dba0120df8611520d97</x_axis_label_color><x_axis_label_size>11</x_axis_label_size><x_axis_opposite>false</x_axis_opposite><x_axis_title/><x_axis_title_bold>true</x_axis_title_bold><x_axis_title_color display_value="Black">65b30218a9fe3dba0120df8611520d97</x_axis_title_color><x_axis_title_size>12</x_axis_title_size><y_axis_display_grid>true</y_axis_display_grid><y_axis_from/><y_axis_grid_color display_value="LightGrey">65b30308a9fe3dba01ebaa03e87e7cd3</y_axis_grid_color><y_axis_grid_dotted>false</y_axis_grid_dotted><y_axis_grid_width>1</y_axis_grid_width><y_axis_label_bold>false</y_axis_label_bold><y_axis_label_color display_value="Black">65b30218a9fe3dba0120df8611520d97</y_axis_label_color><y_axis_label_size>11</y_axis_label_size><y_axis_opposite>false</y_axis_opposite><y_axis_title/><y_axis_title_bold>true</y_axis_title_bold><y_axis_title_color display_value="Black">65b30218a9fe3dba0120df8611520d97</y_axis_title_color><y_axis_title_size>12</y_axis_title_size><y_axis_to/></sys_report></record_update>]]></payload>
<remote_update_set display_value="A&amp;W Problem Reporting- SH - V2">9b93c2500f341fc0c6da563be1050e1d</remote_update_set>
<replace_on_upgrade>false</replace_on_upgrade>
<sys_created_by>virag.shah@capgemini.com</sys_created_by>
<sys_created_on>2018-03-08 09:25:36</sys_created_on>
<sys_id>9f93c2500f341fc0c6da563be1050e1d</sys_id>
<sys_mod_count>0</sys_mod_count>
<sys_updated_by>virag.shah@capgemini.com</sys_updated_by>
<sys_updated_on>2018-03-08 09:25:36</sys_updated_on>
<table/>
<target_name/>
<type/>
<update_domain/>
<update_set display_value=""/>
<view/>
</sys_update_xml>
</unload>
